:020000040800F2
:1000000090910120690200081718000813120008D7
:100010001518000855060008FD190008000000002A
:10002000000000000000000000000000451900086A
:1000300057060008000000001918000847190008BA
:10004000830200088302000883020008830200087C
:10005000830200088302000883020008830200086C
:10006000830200088302000883020008830200085C
:10007000830200088302000883020008830200084C
:10008000830200088302000883020008830200083C
:10009000830200088302000883020008830200082C
:1000A000830200088302000883020008830200081C
:1000B000830200088302000883020008830200080C
:1000C00083020008830200088302000883020008FC
:1000D00083020008830200088302000883020008EC
:1000E00083020008830200088302000883020008DC
:1000F00083020008830200088302000883020008CC
:1001000083020008830200088302000883020008BB
:1001100083020008830200088302000883020008AB
:10012000830200088302000883020008830200089B
:10013000830200088302000883020008830200088B
:10014000830200088302000883020008830200087B
:10015000830200088302000883020008830200086B
:10016000830200088302000883020008830200085B
:1001700083020008830200088302000800000000D8
:10018000830200088302000800F002F800F05CF827
:100190000AA090E8000C82448344AAF10107DA45E2
:1001A00001D100F051F8AFF2090EBAE80F0013F0D8
:1001B000010F18BFFB1A43F0010318477C840200AB
:1001C000AC8402000A444FF0000C10F8013B13F01D
:1001D000070408BF10F8014B1D1108BF10F8015BA0
:1001E000641E05D010F8016B641E01F8016BF9D193
:1001F00013F0080F1EBF10F8014BAD1C0C1B09D1EA
:100200006D1E58BF01F801CBFAD505E014F8016B5B
:1002100001F8016B6D1EF9D59142D6D370470000ED
:100220000023002400250026103A28BF78C1FBD8FF
:10023000520728BF30C148BF0B6070471FB523F07D
:10024000DBFE1FBD10B510BD00F0D1F91146FFF760
:10025000F5FF1FF0F9FC00F0EFF903B4FFF7F2FF30
:1002600003BC00F0BDF90000094880470948004779
:10027000FEE7FEE7FEE7FEE7FEE7FEE7FEE7FEE756
:10028000FEE7FEE704480549054A064B70470000B3
:10029000ED1900088901000800C00120909101209B
:1002A00000F001209011012053EA020C00F0698057
:1002B0002DE9F04B4FF00006002B1FBFB3FA83F57A
:1002C00003FA05F424FA05F65E4012BF1643B2FAAB
:1002D00082F502FA05F4C5F120051EBF22FA05FCDD
:1002E00044EA0C04203556EA044C4FEA144418BF83
:1002F000641C4FF000084FF00009904271EB030CB2
:1003000039D3002919BFB1FA81F701FA07F6B0FA1B
:1003100080F700FA07F6C7F120071EBF20FA07FC96
:1003200046EA0C062037B6FBF4FCA7EB0507103FA6
:1003300007F01F0BCBF120060CFA0BFB2CFA06F68C
:1003400044BFB3460026202FA4BF5E464FF0000BEB
:100350005BEA060C08BF4FF0010B19EB0B09ABFB76
:10036000027C48EB0608C01B06FB02CC0BFB03CC4F
:1003700071EB0C01C1E70B46024641464846BDE819
:10038000F08B13B54FF000004FF00001AFF3008089
:10039000BDE81C40704740EA0103024630B59B07A8
:1003A00010D14FF0013400E008C208C91D1B9D4365
:1003B00015EAC41FF8D013F0FF0102F8011B0DD09D
:1003C0001B0AF8E711F8013B002B02F8013B05D0AE
:1003D00011F8013B002B02F8013BF3D130BD10B501
:1003E000431C02E010F8011B71B18107FAD14FF0F4
:1003F000013202C88C1A8C4314EAC211F9D0C01A17
:100400000A0603D0C01E10BDC01A10BD0A0401D0D8
:10041000801E10BD0902FCD0401E10BD032A40F210
:10042000308010F0030C00F0158011F8013BBCF196
:10043000020F624498BF11F801CB00F8013B38BFAE
:1004400011F8013BA2F1040298BF00F801CB38BFBC
:1004500000F8013B11F0030300F02580083AC0F0DA
:10046000088051F8043B083A51F804CBA0E8081082
:10047000F5E7121D5CBF51F8043B40F8043BAFF3B5
:100480000080D20724BF11F8013B11F801CB48BF0F
:1004900011F8012B24BF00F8013B00F801CB48BF45
:1004A00000F8012B704710B5203AC0F00B80B1E87E
:1004B0001850203AA0E81850B1E81850A0E8185099
:1004C000BFF4F5AF5FEA027C24BFB1E81850A0E8A2
:1004D000185044BF18C918C0BDE810405FEA827CBC
:1004E00024BF51F8043B40F8043B08BF7047D207D3
:1004F00028BF31F8023B48BF11F8012B28BF20F874
:10050000023B48BF00F8012B70474FF0000200B5D6
:10051000134694469646203922BFA0E80C50A0E826
:100520000C50B1F12001BFF4F7AF090728BFA0E8D4
:100530000C5048BF0CC05DF804EB890028BF40F8A0
:10054000042B08BF704748BF20F8022B11F0804FE2
:1005500018BF00F8012B70474FF0013C50F8042BF6
:1005600051F8043B9A4221D1A2EB0C03934313EAC6
:10057000CC1317D150F8042B51F8043B9A4215D1F3
:10058000A2EB0C03934313EACC130BD150F8042BCA
:1005900051F8043B9A4209D1A2EB0C03934313EAAE
:1005A000CC13DBD04FF00000704700BFD01A01BA67
:1005B000B1FA81F101F0180122FA01F0CB40C1F14A
:1005C0002001DBB2C0B2C01A2CFA01F3D11A914358
:1005D00011EAC311E6D170477047704770470000B9
:1005E00001491820ABBEFEE72600020070477546A1
:1005F00000F02CF8AE4605006946534620F007008F
:10060000854618B020B5FFF73DFEBDE820404FF00D
:1006100000064FF000074FF000084FF0000B21F0EC
:100620000701AC46ACE8C009ACE8C009ACE8C009B9
:10063000ACE8C0098D46704710B50446AFF30080A2
:100640002046BDE81040FFF708BE00000048704794
:100650002C110120FEE7704772B6FEE72DE9F0414C
:10066000044600F020F82070C0B1032000F038F8F4
:100670000746042000F034F80646052000F030F864
:100680000546062000F02CF807F00F0146EA01218C
:10069000618005F00F0140EA012001E00020608048
:1006A000A080BDE8F081022000F01AB810B50B4C14
:1006B00000222021204600F03CF9322000F02AF8E8
:1006C00001222021204600F034F9322000F022F8E7
:1006D000BDE81040A32000F003B800000004024071
:1006E00010B5044600F058FE702000F02BFE2046A6
:1006F00000F028FE00F050FE712000F023FE00F014
:10070000ABFD0446012000F0FFFD00F069FE20462D
:1007100010BD000070B5044600F010F90546601CDD
:1007200002D004480078044400F008F9401BA042BD
:10073000FAD370BD000000202DE9F84FDFF8BCA10E
:100740000022012503264FF00F090AF1040BAAF13C
:10075000040E00BF0B6805FA02F42340A34270D1D7
:100760000F7907F00307012F01D0022F16D18768F8
:100770004FEA420806FA08FC27EA0C07D1F80CC039
:100780000CFA08FC4CEA070CC0F808C04768A743FD
:100790000C79C4F3001494403C4344600C79E44366
:1007A000A4070AD0C4684FEA420C06FA0CF7BC430F
:1007B0008F6807FA0CF72743C7600C7904F003042D
:1007C000022C12D1D40800EB840CDCF8204057072F
:1007D000FF0E09FA07F824EA0804D1F8108008FA95
:1007E00007F848EA0408CCF8208004684FEA420C75
:1007F00006FA0CF7BC430F7907F0030707FA0CF76A
:10080000274307604C6814F4403F70D03C4C276885
:1008100047F480472760246822F0030704F48044EB
:100820000094384C07EB040CDCF8084897074FEAB3
:10083000177809FA08F7BC43334FB84202D10027B2
:1008400024E054E0314FB84201D101271EE0304F7F
:10085000B84201D1022719E02E4FB84201D1032737
:1008600014E02D4FB84201D104270FE02B4FB842BE
:1008700001D105270AE02A4FB84201D1062705E039
:10088000284FB84201D1072700E0082707FA08F7E8
:100890002743CCF80878DAF800405746D1F804C06E
:1008A0009C435FEACC2C00D51C433C60DBF8004045
:1008B0005F46D1F804C09C435FEA8C2C00D51C43F2
:1008C0003C60DEF800407746D1F804C09C435FEA04
:1008D0008C3C00D51C433C60084F083F3C68D1F875
:1008E00004C09C435FEACC3C00D51C433C60521CD6
:1008F000102AFFF42FAFBDE8F88F0000083C01403C
:100900004438024000300140000002400004024030
:1009100000080240000C0240001002400014024097
:1009200000180240001C02400069084000D001206D
:1009300070470AB1816170470904FBE7014880688C
:1009400070470000000000200248816802781144CE
:1009500081607047000000200B4810B5016841F429
:1009600000710160016841F480610160016841F437
:1009700080710160032000F061F80F2000F006F89C
:1009800000F024F8002010BD003C024070B50D4D71
:1009900004464FF47A712878B1FBF0F00A490968EF
:1009A000B1FBF0F000F021FC48B9102C07D2002276
:1009B0002146501E00F022F800206C6070BD01201E
:1009C00070BD0000000000200C0000200A4808B59F
:1009D000016841F480410160006800F480400090AB
:1009E0000548001F016841F080510160006800F077
:1009F0008050009008BD000044380240F0B40E4B17
:100A00001B680C46C3F30223C3F10705042D00D96C
:100A10000425191D072901D2002300E0DB1E012651
:100A200006FA05F1491E214099409E40761E164067
:100A30003143F0BC00F0E3BF0CED00E0064900F0EC
:100A4000070208684FF6FF03184040EA0220034AF5
:100A500010430860704700000CED00E00000FA054C
:100A60002DE9F0470E46050065D0DFF81481D8F86F
:100A70000000F7B200F00700B04207D288F800701B
:100A8000D8F8000000F00700B04254D128683D4C6F
:100A9000810712D5400703D5206840F4E05020605C
:100AA0002878000703D5206840F460402060206863
:100AB000A96820F0F000084320602878C0072DD0F6
:100AC000304968680839012812D0022813D0032859
:100AD00011D00968890700292DDA216821F0030166
:100AE00001432160FFF72AFF814641F2883A0EE078
:100AF00009688903EFE709688901ECE7FFF71EFF42
:100B0000A0EB0901514502D90320BDE8F087206818
:100B1000696800F00C00B0EB810FEFD1D8F800103D
:100B2000404601F00701B14207D90770006800F0A4
:100B30000700B04201D00120E7E72878400705D53B
:100B40002068E96820F4E050084320602878000716
:100B500006D52068296920F4604040EAC100206081
:100B600000F018F82168084AC1F30311515CC8402D
:100B70000649086006480068FFF708FF0020C4E740
:100B8000003C024008380240024002080C000020ED
:100B900004000020154810B5006810F00C0214483D
:100BA00013D04110042A0FD0082A0ED10F4C241F55
:100BB0002268236802F03F025B0207D52068C0F379
:100BC0008810A0FB010106E0084610BD2168C1F3B2
:100BD0008811A1FB00010023FFF766FB2168C1F328
:100BE0000141491C4900B0FBF1F010BD083802403A
:100BF0000024F4002DE9F84F04006ED02078DFF8CF
:100C00004C93C007A9F104054AD009F1040001681A
:100C1000C1F38101012908D00068C0F381000228D6
:100C20000AD1D9F80000400206D52868800337D5DC
:100C300060680028E1D033E06068B0F5803F10D0F4
:100C4000B0F5A02F286810D020F4803028602868E4
:100C500020F4802028606068A8B1FFF76FFE064688
:100C60000DE0286840F48030F4E740F480202860EC
:100C7000F7E700BFFFF762FE801B642873D828687F
:100C80008003F7D50CE0FFF759FE064605E000BFEC
:100C9000FFF754FE801B6428F0D828688003F7D43F
:100CA0002078DFF8AC8280074FF0000A3ED5A748D5
:100CB000001D016811F00C0F08D00068C0F381001E
:100CC00002280BD1D9F80000400207D42868800719
:100CD00016D5E068012800D112E033E1E068B8B130
:100CE0000120C8F80000FFF729FE064605E000BF16
:100CF000FFF724FE801B0228C0D828688007F7D59C
:100D00002868216920F0F80040EAC10028600DE061
:100D1000C8F800A0FFF712FE064604E0FFF70EFE3B
:100D2000801B02281FD828688007F7D42078000786
:100D300022D5864F87486169703771B10121016002
:100D4000FFF7FCFD064604E0FFF7F8FD801B0228D4
:100D500009D838688007F7D50EE0C0F800A0FFF783
:100D6000EDFD064605E082E0FFF7E8FD801B022866
:100D70007DD838688007F7D42078400768D5DFF839
:100D8000CCB100270BF13C0BDBF80000C0000BD40A
:100D9000DBF8001041F08051CBF80010DBF80000C8
:100DA000012700F0805000906B4E3068C00510D4D1
:100DB000306840F480703060FFF7C0FD009005E0BF
:100DC000FFF7BCFD0099401A022850D83068C005D2
:100DD000F6D55E4EA0686C3601280FD00528306825
:100DE00010D020F001003060306820F00400306046
:100DF000A068B8B1FFF7A2FD00900FE0306840F0A6
:100E00000100F4E740F004003060F7E7FFF796FDDB
:100E10000099411A41F28830814266D830688007D3
:100E2000F4D50EE0FFF78AFD009007E0FFF786FD9E
:100E30000099411A41F28830814256D830688007C3
:100E4000F4D42FB1DBF8001021F08051CBF8001062
:100E5000A069C8B33D49091D0968C1F38101022990
:100E60004AD00228504607D0C8F8600000E03CE0B5
:100E7000FFF764FD04463BE04746C8F86000FFF713
:100E80005DFD064605E000BFFFF758FD801B022808
:100E90002BD828688001F7D4D4E907010843A16A58
:100EA0002E4A490802EB0141626A41EA8211084375
:100EB00094F82C1040EA0161C9F80010012038664E
:100EC000FFF73CFD044606E03EE000BFFFF736FDBD
:100ED000001B022809D828688001F7D534E000BF3C
:100EE000FFF72CFD001B022802D90320BDE8F88F74
:100EF00028688001F4D427E00128F7D0D9F8000051
:100F0000E26900F4800191421CD1226A00F03F01A5
:100F1000914217D147F6C071626A0140B1EB821F5E
:100F200010D1A26A4FF0FF3300F4403103EB5202BC
:100F3000B1EB024F06D194F82C1000F07060B0EBCA
:100F4000016F01D00120D1E70020CFE70438024033
:100F500000004742800E4742007000400000FFFF43
:100F600070B5040009D0606A002540B12561656153
:100F7000A56294F8510040B10CE0012070BD60689A
:100F8000B0F5827FF4D0E561F2E784F85050204656
:100F900000F044F8022084F851002068016821F034
:100FA00040010160A088218900F4827001F40441AD
:100FB0000843A18901F400610843217C01F002018A
:100FC0000843217D01F001010843218B01F40071E8
:100FD0000843217F01F03801084394F8201001F004
:100FE00080010843218D01F4005108432168086005
:100FF000A069042101EA104094F8241001F01001C6
:101000000843216848602068C16921F40061C1611A
:101010006565012084F85100002070BD10B586B0D0
:10102000044614216846FFF770FA13492068884285
:1010300020D112480021026842F480520260006808
:1010400000F4805005900D481438026842F0010207
:101050000260006800F001000590E020009002208E
:10106000CDE901010320039005200490694604485E
:10107000FFF762FB06B010BD00300140443802406B
:10108000000002402DE9F84F984616468A4604466D
:10109000FFF754FC814694F8510001281ED1BAF1A3
:1010A000000F73D0002E71D094F85000012815D095
:1010B000012784F85070032084F8510000256565ED
:1010C000C4F830A0A686E686A563A587E587656493
:1010D0002564A068B0F5004F03D00CE00220BDE805
:1010E000F88F2068016821F04001016020680168E4
:1010F00041F48041016020680168490603D4016819
:1011000041F040010160E068B0F5006F606803D015
:1011100048B3012E27D047E008B1012E1FD1206B24
:1011200021680088C86006E020688168890709D5C1
:10113000216B0988C160206B801C2063E08E401EFB
:10114000E0860CE0FFF7FAFBA0EB0901414503D371
:10115000B8F1FF3F03D035E0B8F1000F32D0E08E98
:101160000028E1D123E0206B21680078087306E0B5
:101170002068816889070AD5216B09780173206B83
:10118000401C2063E08E401EE0860DE02BE0FFF760
:10119000D5FBA0EB0901414503D3B8F1FF3F03D0D4
:1011A00010E0B8F1000F0DD0E08E0028E0D14A46E3
:1011B0004146204600F032FB08B120206065A0685F
:1011C00030B109E084F8517084F85050032086E76C
:1011D0002068C1688068009084F8517004F8505FFE
:1011E00060680028F3D0012079E710B5401EB0F107
:1011F000807F01D3012010BD4FF0E02460610F21FA
:10120000601700F0FCFB0020A06107202061002097
:1012100010BDFEE70020401CC0B20A28FBD3704777
:1012200070B500F045F801220A4E95022946304675
:10123000FFF77FFBFFF7EEFF69003046FFF774FB17
:101240000446002229463046FFF773FBFFF7E2FF12
:10125000204670BD000402402DE9F047002500F053
:1012600027F8124F00244FF480664FF40069680697
:101270004FEA1068012231463846FFF75AFBFFF764
:10128000C9FF49463846FFF74FFB40EA08050022F0
:1012900031463846FFF74DFBFFF7BCFF641CE4B254
:1012A000082CE4D32846BDE8F08700000004024083
:1012B00000B585B014216846FFF727F94FF40060A8
:1012C0000090002001900120029069460248FFF73B
:1012D00033FA05B000BD00000004024000B585B03F
:1012E00014216846FFF711F94FF4006000900120C7
:1012F000019002900320039069460248FFF71CFA10
:1013000005B000BD0004024070B50446FFF7E6FFDB
:1013100022460B4C4FF400612046FFF70AFB0122E6
:10132000950229462046FFF704FBFFF773FF0022D2
:1013300029462046FFF7FDFABDE87040FFF76ABF77
:10134000000402402DE9F0410546FFF7C7FF114EAA
:1013500000244FF400683715EA0941463046FFF78C
:10136000E8FA6806050E012239463046FFF7E1FA31
:10137000FFF750FF002239463046FFF7DAFAFFF751
:1013800049FF641CE4B2082CE6D3BDE8F041FFF746
:1013900047BF00000004024070B5FFF79FFF012225
:1013A0000E4DD40221462846FFF7C3FA01229602C9
:1013B00031462846FFF7BDFAFFF72CFF00222146F1
:1013C0002846FFF7B6FAFFF725FF002231462846E8
:1013D000FFF7AFFABDE87040FFF71CBF0004024002
:1013E00070B5FFF77BFF0C4D4FF4006400222146DF
:1013F0002846FFF79EFA012291022846FFF799FA44
:10140000FFF708FF012221462846FFF792FABDE8C0
:101410007040FFF7FFBE0000000402407FB500F0FF
:1014200021F9714D4FF48054002221462846FFF7E0
:1014300080FA0520FFF76EF9012221462846FFF7C2
:1014400078FA012000F04AF94FF47A70FFF762F958
:10145000CB2000F043F965A1D1E90001CDE90001FD
:101460000521684600F04EF9CF2000F037F961A061
:10147000032100680090684600F044F9E82000F07D
:101480002DF95DA0032100680090684600F03AF94C
:10149000EA2000F023F9002402216846009400F0BD
:1014A00031F9ED2000F01AF954A0042100680090F1
:1014B000684600F027F9F72000F010F950A001214C
:1014C00000680090684600F01DF9C02000F006F9A1
:1014D0004CA0012100680090684600F013F9C1207B
:1014E00000F0FCF848A0012100680090684600F078
:1014F00009F9C52000F0F2F844A00221006800902C
:10150000684600F0FFF8C72000F0E8F840A001218D
:1015100000680090684600F0F5F8362000F0DEF82C
:101520003CA0012100680090684600F0EBF83A20EA
:1015300000F0D4F838A0012100680090684600F05F
:10154000E1F8B12000F0CAF834A002210068009050
:10155000684600F0D7F8B62000F0C0F830A00321AC
:1015600000680090684600F0CDF8F22000F0B6F870
:1015700001216846009400F0C5F8262000F0AEF87E
:1015800028A0012100680090684600F0BBF8E02028
:1015900000F0A4F824A00FC88DE80F000F216846C2
:1015A00000F0B0F8E12000F099F823A10FC98DE810
:1015B0000F000F21684600F0A5F8112000F08EF80A
:1015C0007820FFF7A7F8292000F088F8362000F0EF
:1015D00085F810A0012100680090684600F092F89C
:1015E000BDE87F4000F072B800040240392C00349E
:1015F0000200000000C13000850078006403128101
:101600002000000023000000100000003E28000021
:101610008600000040000000550000000018000097
:1016200008822700010000000F312B0C0E084EF13C
:10163000370710030E090000000E1403110731C113
:1016400048080F0C31360F0010B5044600F00AF8B8
:101650000CB1212000E0202000F040F8BDE810404F
:1016600000F034B800224FF400410148FFF761B99F
:1016700000040240F8B507461C4615460E462A20CF
:1016800000F02CF8380A8DF800008DF80170280A57
:101690008DF802008DF803500421684600F032F8FE
:1016A0002B2000F01BF8300A8DF800008DF8016047
:1016B000200A8DF802008DF803400421684600F0EE
:1016C00021F8BDE8F8402C2000F008B80122D10331
:1016D0000148FFF72EB900000004024001B50022C6
:1016E0004FF480410548FFF724F94FF0FF33012202
:1016F00069460348FFF7C6FC08BD0000000402402D
:10170000040200202DE9F0410C4606460122910317
:101710000C48FFF70EF94FF400474FF0FF380DE08B
:10172000BC4201D9384600E0204685B243462A46ED
:1017300031460548FFF7A6FC2E44641B002CEFD170
:10174000BDE8F081000402400402002070B586B0BC
:1017500014216846FEF7D9FE1A480025016841F0B9
:1017600080010160016801F080010591016841F08C
:1017700001010160016801F001010591016841F07A
:10178000020101600068104E00F002004DF6204496
:101790000590012221463046FFF7CBF80094012442
:1017A0000320CDE90240694601943046FEF7C4FFAC
:1017B0000820CDE90005694602943046FEF7BCFFDB
:1017C00006B070BD3038024000040240104810B529
:1017D0000E4901604FF48271416000210222816054
:1017E000C0E9031201224261520282612822C0E94B
:1017F0000721416281620A21C162FFF7B1FB002823
:1018000003D0BDE81040FEF727BF10BD00300140F7
:1018100004020020FEE7FEE770470000F8B5154619
:101820000E460B46009204460122022100F02CF8DD
:10183000A0B9134813490068B0FBF1F04FF47A7176
:10184000484300906068B0F5827F0DD13346002296
:1018500080212046009500F017F870B1606D40F0CF
:10186000200060650320F8BD009830B1401E009054
:1018700020688068C0430006F6D50020F8BD00004F
:101880000C00002000366E012DE9F8431E469146FB
:1018900088460446089DFFF751F8401B351AFFF7AC
:1018A0004DF8074626480068C0F3CB3068430AE08D
:1018B000701C09D0FFF742F8C01BA8420FD275B1C7
:1018C0000098B8B3401E00902068816838EA010093
:1018D00033D000214945EBD10020BDE8F8832068D2
:1018E000416821F0E00141606068B0F5827F0BD172
:1018F000A068B0F5004F02D0B0F5806F04D1206829
:10190000016821F040010160A06AB0F5005F09D1D3
:101910002068016821F4005101602068016841F4E9
:1019200000510160012084F85100002084F850002B
:101930000320D2E7FFE70025C6E70121CAE7000040
:101940000C000020704710B5FEF7FEFFBDE8104008
:1019500001201DF063BC000030B593B03021684613
:10196000FEF7D3FD14210CA8FEF7CFFD1D4800257E
:10197000016841F080510160006800F080501190D2
:101980001948016841F4804101600068022400F4B4
:101990008040119001200090000401908001CDE969
:1019A000064008AA0420A82182E813000B9068468C
:1019B000FFF720F908B172B6FEE70CA90F2081E805
:1019C00031004FF4A0500F904FF48050109005213B
:1019D0000CA8FFF745F8002801D072B6FEE713B057
:1019E00030BD0000403802400070004002480168ED
:1019F00041F470010160704788ED00E0FEE70907DF
:101A0000090E002804DB00F1E02080F80014704784
:101A100000F00F0000F1E02080F8141D704770B551
:101A2000044600256FF02F0608E02068411C216065
:101A3000007805EB850106EB410145182068007828
:101A400000F004F80028F0D1284670BD303809288D
:101A500001D80120704700207047000010B54021D8
:101A6000074801F07DF800221E2106481DF030FCD9
:101A7000054CA06002F0C2F80020207010BD0000EC
:101A8000604F0020A53C00088801002070B5B1F926
:101A90000030B2F90040A34200DC23460380B1F9D4
:101AA0000250B2F90240A54200DD2C464480B1F953
:101AB0000460B2F90450AE4200DA35468580B1F9CF
:101AC0000610B2F90620914200DB1146C1800120C8
:101AD000AB4201DC8C4200DD002070BDF8B50D4644
:101AE0000446B0F90000B1F900101646884247DB01
:101AF000B4F90210B5F90220914241DBB4F90410A7
:101B0000B5F9042091423BDCB4F90610B5F9062082
:101B1000914235DC96B3ADF800006088ADF8020064
:101B200032466946284600F099F8002827D0A08858
:101B3000ADF800006088ADF80200324669462846DC
:101B400000F08CF800281AD02088ADF80000E0885A
:101B5000ADF8020032466946284600F07FF80028BA
:101B60000DD0A088ADF80000E088ADF80200324644
:101B70006946284600F072F8002800D00120F8BD20
:101B80000020F8BDB0F90020B1F904309A4213DC0E
:101B9000B0F90420B1F900309A420DDBB0F902200F
:101BA000B1F906309A4207DCB0F90600B1F902102B
:101BB000884201DB0120704700207047F8B50D46D0
:101BC0000446B0F90400B1F900101646884243DB20
:101BD000B4F90600B5F9021088423DDBB4F9000003
:101BE000B5F90410884237DCB4F90210B5F90620C3
:101BF000914231DC76B3ADF800006088ADF80200A8
:101C000032466946284600F029F818BBA088ADF88E
:101C100000006088ADF8020032466946284600F0B0
:101C20001DF8B8B92088ADF80000E088ADF80200D2
:101C300032466946284600F011F858B9A088ADF838
:101C40000000E088ADF8020032466946284600F000
:101C500005F808B10020F8BD0120F8BD2DE9FC41D0
:101C600014460E46B1F90020B0F9001005468A422C
:101C70003ADBB5F90400824236DCB6F90270B5F9F8
:101C80000220974230DBB5F906309F422CDC002C55
:101C900075DD401A9A1A401C521C00B212B200EBB9
:101CA000D07002EBD27240105210904200DB10460E
:101CB000844200DD0446ADF800102888002220444C
:101CC000ADF804006888ADF8020068883146204409
:101CD000ADF806006846FFF7C1FF40B1BDF804004B
:101CE0002044ADF804003FE00020BDE8FC81E88816
:101CF0000022001BADF80200E888ADF8060031466E
:101D00006846FFF7ABFF28B1BDF804002044ADF8EA
:101D1000040011E0A8880022001BADF80000A8888C
:101D2000ADF8040031466846FFF798FF50B1BDF8A2
:101D30000000001BADF80000BDF80200001BADF86C
:101D4000020016E06888ADF802006888002220448E
:101D5000ADF8060031466846FFF780FF70B1BDF868
:101D60000000001BADF80000BDF806002044ADF8EF
:101D70000600314668461AF0F3FDB6E7FFE701209A
:101D8000B3E710B5B1F90040B2F900309C4200DA77
:101D900023460380B1F90240B2F902309C4200DAD6
:101DA00023464380B1F90440B2F904309C4200DD7F
:101DB00023468380B1F90610B2F90620914200DC77
:101DC0001146C18010BD0000FEB507461DF01CFA8B
:101DD0000025354C0646009537B1F86860603846F6
:101DE0001DF044FB606802E010F066FB6060006973
:101DF0001AF052FD6068406908B11AF04DFD606844
:101E0000C0691AF049FD6068006A1AF045FD606813
:101E10000169E1B31AF0E8FF1AF064FF6068B0F8F6
:101E2000501199B30168097C890715D510F0A2FB00
:101E3000401E07B2606810F057FB401E03B200223C
:101E4000114601A800970EF00CFA606801A902681B
:101E5000926B516004F0C2F960684FF480713030C9
:101E600016F03CFB6068202100F5987016F036FBF8
:101E70006068A0F8505130461DF0C0F900906068CD
:101E80000068436A13B122680099984700E007E0B0
:101E900016F066F900F036F8BDE8FE4000F006B82E
:101EA000A0F85051FEBD00004400002070B50A4D5E
:101EB000002400BFC4EBC40655F8260008B116F094
:101EC000C3F905EB86001C2116F008FB641CE4B284
:101ED000042CEFD370BD00003C5000200849496835
:101EE0000AE04A68824202D00A68824203D10A7E2E
:101EF00042F001020A7649690029F2D170470000D8
:101F000018000020704700000421014800F028BE9E
:101F1000544F00201C21014800F022BE6C4F0020CD
:101F20002DE9FF5F0446DDE90E0613B9B0F5807FA9
:101F30007ED0B6F900504FF0FF376D42454307EBB6
:101F400025252DB22580B6F902C0CCF1000C0CFB82
:101F500000FC07EB2C273FB26780B6F900C0A1EB6D
:101F60000C0141434FF0020C0CEB212109B2A1807E
:101F7000B6F90280A2EB080242430CEB222000B229
:101F8000E080002B7ED04FF00A0A93FBFAF56842FE
:101F900000EB800003EB400705F1010928B21DF0BA
:101FA000A5FB00900FFA89F01DF0A0FB83465A357F
:101FB00028B21DF09BFB804609F15A0000B21DF0CB
:101FC00095FB0146009AC7F10A0000FB02F300FBF3
:101FD00008F00BFB073301FB070193FBFAF291FBBF
:101FE000FAF04FEA601AB4F90010B4F902000AFBE3
:101FF00001FCCDF80CC05511378805FB10C207EB6A
:10200000A2220FFA82F905FB01F2BB460292778801
:102010000AFB002107EBA1210BB2B4F90410BE4664
:102020000AFB01FC05FB10C20BEBA22216B200E07A
:102030002FE005FB01F7CDE9007CB4F90680DDF85F
:102040000CC00AFB007005FB18C1DDF804C0009F3E
:1020500005FB18C5029A0AFB087C0AFB08220BEB59
:10206000A1210EEBAC270EEBA02009B20EEBA222B1
:102070000BEBA5250FFA87FC00B212B22DB24F462A
:10208000494500E00EE000DA0F46B54216DAA846F0
:1020900015E000202080491E6080A180521EE28051
:1020A000BDE8FF9F32882A44228072883A446280C9
:1020B00032881144A180718808444FE0B0464745FA
:1020C00004DA4F46494506DA0F4604E0B54201DA24
:1020D0002F4600E0374627804F46494500DD0F4632
:1020E000B54201DDA84600E0B046474503DD4D4658
:1020F000494505DC01E0B54201DD294600E03146F5
:10210000A1809A4201DA154600E01D46844501DAB5
:10211000614600E001468D4205DA9A4201DA114635
:1021200006E0194604E0844501DA614600E0014614
:1021300061809A4201DD114600E01946844501DDC7
:10214000654600E00546A94205DD9A4201DD1046DC
:1021500004E0184602E0844500DD6046E0809FE729
:102160002DE9FE4F0446D0F800B0B0F90800E5892B
:10217000091AB4F90A00101AD4E90932B5F5807FBA
:1021800037D0A589002DA56B05FB01F13FD0454354
:102190004E116911206BE56A00FB06F705FB11770C
:1021A000754300FB015003EBA72902EBA020B4F913
:1021B00004104FEA292706128046B94248DD002F55
:1021C00046DBB4F90600B04242DD002E40DB94F855
:1021D000340042073FD5820704F114001DD401FBEF
:1021E000067102224D0092460BEB050116F02CF908
:1021F00023E0266BE56A06FB01F705FB10774D43EC
:1022000006FB005003EBA70902EBA000CFE7454314
:1022100003EB611902EB6510C9E701FB067101EBE5
:1022200041054FF0030A0BEB0501022216F00CF9F1
:10223000E81C584410F8010CA07594F83400C0074D
:102240001FD04FF6FF70ADF80000A18A814218D16F
:102250000020BDE8FE8F32B204F118002369CDE9F9
:102260000102002539B2AA468B4613F05DFC0090AE
:10227000BDF80000A082DDE90102594613F0ECFB35
:10228000DAE7E07C78B1A4F83C90A4F83E80A4F8AA
:102290004070A4F84260656484F848A02046BDE818
:1022A000FE4F00F002B80120D3E72DE9F04F0446BD
:1022B00090F83C10D0F8009090F83E0087B04FF0B6
:1022C000FF36702907DAB4F940203546012A00D5D7
:1022D000002580310DE0902916DDB4F94020B4F9D5
:1022E00004300125521C9A4200DB0025A1F27F1127
:1022F0004942C9B28846702809DAB4F94210012966
:1023000000D50026803010E00025FF21F2E790285C
:102310000DDDB4F94210B4F906200126491C9142A2
:1023200000DB0026A0F27F104042C7B201E0002689
:10233000FF2760690090A07D0590002083468246BB
:10234000049094F83400400744D594F84810606C29
:1023500011FB05014944022201A816F075F8A08876
:1023600094F8481010FB01F0616C022206FB00118A
:10237000494403A816F068F8A18894F8480011FBB6
:1023800000F1626C06FB012210FB0590111802227D
:1023900002A816F059F894F83400800761D594F833
:1023A0004800626C10FB052300EB09010B4413F895
:1023B000013C0493A38813FB00F306FB03221144A2
:1023C00011F801BC10FB0500111801EB090010F811
:1023D000010C45E0B4F84000B4F94220284401B2B1
:1023E00004F118008146236913F09EFB0190B4F8B4
:1023F0004200B4F94010304402B254F8103F48464D
:1024000013F092FB0390608E2368304402B2208E5A
:10241000284401B2484613F087FB029094F8240048
:10242000103C80071DD5B4F9422034F8400F2844F1
:1024300001B2484613F010FB04906088B4F9001014
:10244000304402B2484613F007FB834660883044AC
:1024500002B234F84009284401B2484613F0FCFAAD
:10246000824694F8340042464546800735D50598A3
:1024700010FB08F30499C8F1FF0011FB0031C1F310
:1024800007211BFB08F61AFB0060C0F3072011FBB5
:1024900007F3C7F1FF0610FB06331B0AA3750229D9
:1024A00007D8022803D8002007B0BDE8F08F002726
:1024B00002E0022800D8FF270598022800D8002251
:1024C0000498022800D8FF22BBF1020F00D8002593
:1024D000BAF1020F03D8FF2501E0FF20A075EAB191
:1024E000FF2A04D0DDE900010FF0DEFB0090BDB152
:1024F000FF2D17D0DDE902102A460FF0D5FB04901E
:1025000097B1FF2F05D001463A4600980FF0CCFB5B
:102510000090BDF80000A0820120C5E70198E5E722
:102520000298ECE70398EAE7BDF81000F3E7000033
:102530002DE9F0470446B0F908000A27000260625E
:10254000B4F90A000002A062B4F90C1091FBF7F58F
:10255000684200EB800001EB4006684205F101088B
:1025600000B21DF0C3F88246E84300B21DF0BEF889
:102570008146C5F15A0000B21DF0B8F80546C8F111
:102580005A0000B21DF0B2F8C6F10A0101FB0AF3CD
:10259000024609FB0630694390FBF7F002FB061187
:1025A00091FBF7F14011E06248112063A07C13F029
:1025B00068FB94F8341060F3000184F83410A07CB8
:1025C00013F04FFB94F8341060F3410184F8341099
:1025D000A07C042824D0052822D0062820D021F071
:1025E000040100BF84F8341021682162A16921F040
:1025F000E00160F30401A08860F39421E08860F3B7
:102600005F51A161E0894FF4001101EB5001B1FB72
:10261000F0F0A063FF20A075208AA082BDE8F087BB
:1026200041F00401DEE700002DE9F04115460E46B9
:102630000746114C1CF0E8FD80462B4632463946D1
:10264000204613F09FFE20B10020A062E06950B147
:1026500010E02C21204615F041FF4FF00040A06211
:102660000020BDE8F08140461CF0C8FDE06108B9DB
:102670000120E0612046F4E7904F002010B51421BE
:10268000074800F06DFA13F043FE40B105490160C0
:1026900005494160054981600549C16010BDFEE7FB
:1026A000784F00203D5D0108B960010831620108E2
:1026B000095D010870B50D4604461021284615F045
:1026C0000DFF20680078012804D0022807D00428D4
:1026D00007D008E0208A2880608A688003E0E068EC
:1026E00000E00A20686020684268002A03D029467A
:1026F000BDE87040104770BDFEB5866A0446BEB99D
:10270000A08A218A0844A082E08A618A0844E08283
:10271000204609F036FF060079D020460CF088F9F3
:1027200000220921304612F0D9FC607880076ED46F
:10273000208A10B9608A002869D00025ADF80450BD
:10274000ADF8085094F83C0000F00F000328304624
:1027500016D017F04BFC0746304617F001FB034636
:102760000C200090B4F912103A46304609F0C0FA35
:10277000ADF80800304617F045FBC10712D017E04E
:1027800017F0C8FB0746304617F064FB02460320EB
:102790000090B4F910103B46304609F0A9FAADF8A4
:1027A0000400E7E7BDF90410002901DDADF804508D
:1027B000810705D4BDF90410002901DAADF80450F1
:1027C000410705D4BDF90810002901DDADF8085016
:1027D000000705D4BDF90800002801DAADF808505B
:1027E00002AA01A920461EF07EFC0023BDF90820A4
:1027F000BDF90410304619F0FFFBA08ABDF80410A3
:102800000844A082E08ABDF808100844E082FEBDBA
:102810002DE9FC5F0446806A5FEA000B71D094F8F2
:102820003C0000076DD014F067F80190006840216B
:10283000457E584618F084FB4FF0000818B9A4F8FC
:102840001A80A4F81880584617F0C2FB82465846F2
:1028500017F0C5FB064694F83C004FF0640900F001
:102860000F000C2802D003284CD09AE0A4F818805E
:1028700056B1B4F91A50002714F03EF800684946E2
:10288000407EC0F1640022E0608BC5F1640110FB62
:1028900001F191FBF9F06083584617F061FA0546A3
:1028A000584617F0A3FB02460C200090B4F91A100A
:1028B0002B46584609F01CFA6083024600231EE0AE
:1028C0007A1917B210FB05F292FBF1F215B2002D46
:1028D000F6D1ADF80070A4F81A806A4600212046AF
:1028E0001EF001FC41F6FF72BDF90030514258461E
:1028F00009F0ACFFBDF800100123084402B200212A
:102900004CE09AE0A4F81A80BAF1000F0AD0B4F9AA
:102910001850002713F0F0FF00684946407EC0F1D0
:10292000640022E0208BC5F1640110FB01F191FBF2
:10293000F9F02083584617F08DFA0546584617F0EF
:10294000E9FA034603200090B4F918102A465846C5
:1029500009F0CEF92083014600231EE07A1917B250
:1029600010FB05F292FBF1F215B2002DF6D1ADF895
:102970000070A4F818800022694620461EF0B3FBC0
:1029800041F6FF72BDF900305142584609F0D6FEBB
:10299000BDF800100123084401B20022584619F086
:1029A0002BFB208B002848D1608B002845D1C6B96D
:1029B000584617F01BFB0546584617F0D1F9002D75
:1029C00006DC00280DDD002D02DA01232A4604E092
:1029D000002806DA0123404202B20021584619F0CD
:1029E0000BFBBAF1000F19D1584617F033FA054620
:1029F000584617F08FFA002D07DC00280EDD002D59
:102A000003DA01230022294605E0002806DA012323
:102A10000022404201B2584619F0EEFA0A21584607
:102A2000019A12F05BFB6078800706D414F83C0F23
:102A300020F00F00207044F8148CBDE8FC9F0000CB
:102A40007FB50E46040003D10FF036FD040023D0FD
:102A50000025FEB1ADF80050ADF802500FF044FD76
:102A6000401EADF8040020460FF084FD401EADF876
:102A700006006A46314602A8FFF708F800280BD086
:102A80002068017C890708D5DDE90001C4E90C0153
:102A900001202AE0A0F850517FBD82690AB102A945
:102AA000904700260BE000BF04EBC601002202A8FD
:102AB0003031FFF713F80028EED1761CB6B2B4F827
:102AC0005001B042F0D880B2202804D204EBC000FC
:102AD00002A9303004E0A4F8505104F130006946F6
:102AE0000DF016FBB4F85001401CA4F850016068CA
:102AF0000028D1D01CF0C6FC7FBD70B5054600F0A3
:102B000012F804460CE02146284600F01EF806465E
:102B10002146284600F071F8204615F095FB344612
:102B2000002CF0D170BD002800D04068704700B57F
:102B300003460022FFF7F7FF03E01846521C00F09F
:102B400004F80100F9D1104600BD0068091D405885
:102B50007047006840587047002800D08068704770
:102B600000224260C91C21F00301826001607047AD
:102B700070B504460068083015F0DCFA050013D083
:102B80000146002220461DF063FC2946204662686B
:102B90001DF058FC616819B12A4620461DF058FC0A
:102BA0006560A06800B9A560284670BD70B5044690
:102BB0000068083015F0BEFA050013D00146002267
:102BC00020461DF03FFC29462046A2681DF040FC2F
:102BD000A16819B12A4620461DF034FCA560606842
:102BE00000B96560284670BD28B1416809B98068A0
:102BF00008B1002070470120704770B504000DD067
:102C0000FFF791FF00228842204608D1FFF79DFF81
:102C10006060011E01D000221EE0A26070BDFFF7BF
:102C20009BFF8842206808440AD10168A16029B14D
:102C30002046BDE8704000221DF004BC626070BDFB
:102C400005682046FFF781FF0646024629462046D2
:102C50001DF0F8FB2A4631462046BDE870401DF0C5
:102C6000F7BB10B50446006882680AB12146904758
:102C700020680068002801D02060F5E710BD80685A
:102C8000002801D0B0F91600704700002DE9F04788
:102C9000074690B0408C189E40F00400788490461F
:102CA0003A8499468A463289384617F0B5FF054678
:102CB000A7F8209032895146384617F0ADFF0446F8
:102CC000788CA54220F00400788403D12904B1EB6C
:102CD000044F68D0A7F8208032895146384617F053
:102CE0009BFF05468046A7F82090514638460AF0DB
:102CF0007BFF318900682A461BF0F0F93089602893
:102D000023D147F6FF794D4501D04C451DD13846BA
:102D100018F0CDF800EBD0704510384618F0C7F821
:102D200000EBD0704010C84506D1691C431C994285
:102D300000DA00E0194688464C4506D1691C421C61
:102D4000914201DA6C1C00E014461948FFF710FFAD
:102D500005002BD02F60C5E903843089A880684620
:102D6000C5F808A00CF0ECFC1248FF21CDE900509A
:102D7000114802901148039000200790CDE9080106
:102D800030880A9070889DF83E1040420B90F068A1
:102D90000690002060F300018DF83E103069059028
:102DA00068460CF041FD10B0BDE8F087FEE700007A
:102DB000844F0020093A0208FD3B0208593B0208F3
:102DC00014210148FFF7CCBE844F00202DE9FC5FA1
:102DD000002592468B4606462C46042743F60F08EC
:102DE00043F60E0900E100BFF16807EBC400085884
:102DF00082017DD480B230EA0B0212D05FF0000273
:102E000030EA0A000FD00020824271D051F834001D
:102E100001AA41F6100100901AF046FF002868D17F
:102E200003E00122ECE70120EEE701AA41F61101DF
:102E300000981AF039FF002873D101AA41F6120157
:102E400000981AF031FF00286BD101AA41F6130156
:102E500000981AF029FF002863D101AA41F6150154
:102E600000981AF021FF00285BD101AA41F6140155
:102E700000981AF019FFE0BB01AA41F2690100981D
:102E80001AF012FFA8BB01AA43F20C0100981AF035
:102E90000BFF70BB01AA43F20D0100981AF004FF6A
:102EA00038BB01AA41F2010100981AF0FDFE00BBF7
:102EB00001AA41F2040100981AF0F6FEC8B901AA6D
:102EC00041F2020100981AF0EFFE90B901AA41F216
:102ED000030100981AF0E8FE58B901AA41F2050171
:102EE00000981AF0E1FE20B901AA41F2060101E0C2
:102EF00079E016E000981AF0D7FE90B901AA41F2E5
:102F0000320100981AF0D0FE58B901AA4146009843
:102F10001AF0CAFE28B901AA494600981AF0C4FE60
:102F200010B10320BDE8FC9F01AA40F60A010098F9
:102F30001AF0BAFEF0BB01AA40F60B0100981AF095
:102F4000B3FEB8BB01AA414600981AF0ADFE88BB9B
:102F500001AA494600981AF0A7FE58BB01AA40F6FC
:102F60003C0100981AF0A0FE20BB01AA40F63D01EA
:102F700000981AF099FEE8B901AA40F63A010098C3
:102F80001AF092FEB0B901AA4FF4046100981AF049
:102F90008BFE78B901AA40F6450100981AF084FE2C
:102FA00040B901AA40F6410100981AF07DFE08B927
:102FB00001AA00E013E040F6420100981AF074FE06
:102FC00068B901AA40F6430100981AF06DFE30B9C5
:102FD00001AA40F6490100981AF066FE08B10225E0
:102FE00001E005B90125641C708CC0F3C500A04246
:102FF0003FF6FAAE284695E7014840687047000062
:10300000440000207047C0F30410072800D90720AF
:103010007047000010B518210348FFF7A1FD0349D0
:103020000120087010BD0000304F0020B4010020C6
:103030002DE9F04190460C46050015D0FDF7CFF97B
:103040000A4F06462146BA68284690470446BA68A1
:103050002819414690470146701A03E06218AA5C9D
:103060002A55641CA042F9D2BDE8F081C8010020B5
:103070002DE9F041094D90460E466A681C46074608
:1030800019469047306020B120686A6838440021B2
:103090009047C8F80000BDE8F0810000C80100209A
:1030A0002DE9F04F87B08A46DDE910581F46934658
:1030B0000446002105B129805CB12078002809D0A0
:1030C000BAF1000F05D0002618F0060F15D0002029
:1030D00004E0002007B0BDE8F08F401C215C0A2905
:1030E00004D00D2902D00029F7D100E0401C002DAA
:1030F000F0D04FF0FF312980ECE75FEA887001D50E
:1031000041F6FF77894608468DF81410049127E0B0
:103110000498CDF8189068B34FF0000C05AA06ABE0
:10312000CDF80CC0CDF80080CDE9013220443B46FB
:103130005A4651461CF004FB06997A1A314417B2DC
:103140000EB288B104990144049120780A280BD06A
:103150000D2809D0605C0A280FD00D280DD0084634
:10316000205C08B1002FD3DC049848B105B12E8053
:103170000498AFE74FF0010CD0E7481C0490F3E748
:10318000064A04A9204652689047002DF0D0014617
:103190000022504612F07DF806B2E8E7C801002090
:1031A0002DE9F0411746884606001ED0002F1CD09E
:1031B000FDF715F904463846FDF711F9050014D05E
:1031C0000B4A2C444146926830469047411903E02F
:1031D000621BB25C3255641EA142F9D930442A46C2
:1031E0003946BDE8F04115F03BB9BDE8F08100007B
:1031F000C801002000230278232902D0012A0DD023
:103200000FE02AB10021012A04D0022A04D008E0EC
:10321000012101E0017004E0017001E0202902D0E9
:103220000123184670470221F6E72DE9F0410E46CA
:10323000804602460021334608461CF0BDFC044689
:103240000027401C14F076FF050008D02F553346A8
:103250004246611C1CF0B0FC2846BDE8F081FEE748
:103260002DE9F0471E4614460D468246DDF82090B3
:1032700015E000BF4FEA540808FB06573946504690
:103280004A469047002808DD44F30000C0EB540490
:1032900007EB0605A4F1010401E005DA4446002C21
:1032A000E8D12046BDE8F0873846FBE72DE9FC5F12
:1032B0009B460CAB8A468146DDE9116093E812100B
:1032C000DDE90F575FEA80784FF030031AD45EB122
:1032D0005FEAC07808D000F00C0858EA0C0803D068
:1032E000761E01E00B55641CBC4204D2202CF9D39D
:1032F00001E00B55641C5FEAC07803D0B44201D2F0
:10330000202CF6D35FEAC06825D55FEA40580AD47E
:103310004CB1BC4201D0B44205D1641E03D0102D83
:1033200003D1641E04E0102D02D0022D0AD00EE05D
:10333000850603D4202C1ED2782506E0202C1AD234
:10334000582502E0202C16D262250D55641C202C35
:1033500011D20B55641C202C0DD2BCF1000F01D0F2
:103360002D2306E0430701D52B2302E0030702D5F6
:1033700020230B55641CCDE900BAC846154681468A
:103380008B46AA46800714D1274607E02A46DDE986
:1033900000316D1C2020C446E0477F1CB742F5D3A6
:1033A00007E02A466D1C641EDDE900311BF80400AD
:1033B000C047002CF5D15FEA897006D409E02A469F
:1033C000DDE900316D1C2020C047A5EB0A00B042AA
:1033D000F5D32846BDE8FC9F2DE9F04F8FB0994604
:1033E0008B46DDE91818DDE91C63DDE91A479246D2
:1033F0008646002209B923F01003580507AD00D511
:10340000C9B1B1FBF4F004FB1010C0B20A2801D21C
:10341000303009E05FEA836C02D54FF0410C01E0E7
:103420004FF0610C60440A38B1FBF4F1A854521C0F
:1034300009B1202AE5D3CDF80880CDE90563CDE9AF
:103440000052CDE903474B46524659467046FFF7B6
:103450002DFF0FB0BDE8F08F2DE9FF4F8FB01CACF2
:10346000DDE9239594E8030820AC94E8C004002427
:1034700050EA010201D125F010056A050DF11C0882
:1034800002D550EA010217D032463B46FCF70CFF4A
:10349000D2B20A2A01D2303206E0AB0601D541236E
:1034A00000E061231A440A3A08F80420641C50EA38
:1034B000010201D0202CE7D3CDE90084CDF808B07B
:1034C000CDE90595CDE9036A0FAF97E80F00FFF747
:1034D000EDFE13B0BDE8F08F9A4200D288547047D9
:1034E000704700002DE9FF4F89B005460A98002477
:1034F0009246002800D1FE4D8FE1252804D02246B7
:10350000641C53460A990BE2491C4FF00008084618
:103510000C9101782B2919D004DC202919D02329FA
:1035200004D119E02D290ED0302909D00026C8B2C7
:10353000FEF78CFAB0B10CA8FEF771FA06461FE050
:1035400048F001010AE048F0020107E048F00401F8
:1035500004E048F0080101E048F01001401C8846F2
:103560000C90D6E70C9908782A2809D1169840C8FB
:103570001690002E02DA48F002087642491C0C919F
:103580000C984FF0000B01782E2919D1401C0C909B
:1035900048F480680078FEF759FA20B10CA8FEF7CD
:1035A0003EFA83460CE00C9A10782A2808D1169827
:1035B00002C81690002900DC0021521C8B460C9298
:1035C0000C9801786C290AD004DC68290FD06A298C
:1035D00019D128E0742929D07A2914D126E0401C79
:1035E0000C90017848F480786C291CD00BE0401CCA
:1035F0000C90017848F08008682904D148F0400117
:10360000401C88460C9002460078692822D015DCC0
:1036100062281FD00DDC252871D050281AD05828D8
:103620007FF46DAF16E048F40071E9E748F480716B
:10363000E6E7632878D06428F2D10BE0732874D0D1
:1036400004DC6F2806D07028EAD103E0752801D089
:103650007828E5D178280DD058280BD070280BD0C9
:10366000502809D06F2816D0622816D00A2128F0D9
:10367000100016E0102107E05078102148F48878F7
:10368000562804D1521C0C921078582807D0107874
:10369000502804D006E0082109E0022107E048F0A4
:1036A000200080461078692803D0642801D028F0D3
:1036B0000C085FEA485001D528F001081078692805
:1036C0001ED064281CD0562864D05FEA885072D57A
:1036D000169804ABC01D002283E806080292CDE9CB
:1036E000076820F007005346F0E80212CDE9001207
:1036F0001690224628460A99FFF7AEFE89E00AE1B5
:103700005FEA885024D5169804AFC01D20F0070347
:10371000F3E802021693002387E80A08CDE9076858
:10372000002A03DA012102E080E0A6E00021002364
:10373000029119461B1A914101DA114603E000215A
:10374000404261EB020153462246CDE90001D1E738
:103750005FEAC85004D5169804C80FE0524215E03D
:103760005FEA486003D5169810F8042B06E05FEA7C
:103770000860F0D5169830F8042B12B21690CDE9F7
:10378000021BCDE90468D00F002AE7DDCDE9002057
:1037900053461EE01698AAEB040202C81690486829
:1037A000006800900A980B6801192846FFF79AFEF6
:1037B00004442FE0FFE75FEAC8500CD5CDE9021BB7
:1037C000CDE9046816980021534604C8CDE90021CC
:1037D0001690224619E05FEA486003D5169810F863
:1037E000042B08E05FEA0860169803D530F8042B34
:1037F00092B200E004C816900020CDE90020CDE987
:10380000021BCDE904685346224628460A99FFF771
:10381000E3FD04460C98401C0C900C990878002895
:103820007FF46BAE54457DD222467DE001275FEAEE
:10383000887006D509E02246641C534620200A9968
:10384000A84738467F1CB042F5D316992246641C1F
:1038500011F8040B169153460A99A8475FEA88703D
:1038600006D4D7E72246641C534620200A99A8476D
:1038700038467F1CB042F5D3CCE7169850F8049B2D
:1038800016904B46BBF1000001D0014601E04FF01D
:10389000FF31484600E0401C02780AB1491EFAD2C6
:1038A000C71A5FEA485003D558465F4500D307461C
:1038B0005FEA887006D512E02246641C5346202039
:1038C0000A99A84738467F1CB042F5D307E000BFED
:1038D000224609F10109641C53460A99A84799F840
:1038E000000040B15FEA4851F2D5BBF1010B01E0A5
:1038F000E1340008ECD25FEA887006D48AE72246F9
:10390000641C534620200A99A84738467F1CB042C1
:10391000F5D37FE706E02246641C534625200A992A
:10392000A84777E7AAF10102534600200A99A84761
:103930000DB02046BDE8F08F10B502004FF000003A
:103940000CD04B1E194200D0FEE70A44521E9A4387
:10395000B2F5803F02D20C2A01D9104610BD0C20CE
:1039600010BD08444A1E401E9043114200D0FEE79D
:10397000704700002DE9F0410F4601210025044663
:1039800041862E460BE01B49FCF7E6FD10B16D1C8D
:10399000ADB202E0608E401C6086761CB6B257F86D
:1039A000260010B101780029EDD1208EA8421ED04A
:1039B000A06A002610B114F047FCA662E06A10B1BC
:1039C00014F042FCE662E80014F0B4FBA06238B1E7
:1039D000680014F0AFFBE06218B1A16A11B102E017
:1039E000FEE7FEE70025690014F078FD2586BDE8B6
:1039F000F0810000EC0A01082DE9F84F8146407A79
:103A00000F4600F00700022819D010468046974262
:103A100000DD3A46164603202A4C2B4A00EB4600AE
:103A200020F00305A06811681035411A636805EBA2
:103A3000010C9C4505D2416821F0004124E0084674
:103A4000E4E79D4219D892464FF0FF3B4819616860
:103A5000884210D9002269461C48CDF800B00BF00E
:103A60009FFB002269461A480BF09AFBA168DAF81E
:103A70000000091AEAE7A068DDE7284614F05AFBBF
:103A8000C0B1416841F0004188EA6702416089EABB
:103A900002010160416801F04041491C31F0804160
:103AA00041608681A0F80E8005D500F1100181608B
:103AB000BDE8F88FFEE7A16801F110022944826099
:103AC000A160F5E74C000020A401002071C50008AA
:103AD00001F2000870B586B000228DF808208DF83C
:103AE0000C208DF81020444C90F83C20142302F058
:103AF0000302A5784FF4B476012A23D0022A5FD0BE
:103B0000AA4211D010F8265F05EB051505EB450517
:103B1000B5FBF3F52570407800EB001000EB40009A
:103B2000B0FBF3F06070A27004AA03A8CDE9000214
:103B300001EB41004FF6FF7101EA400002AB6278F1
:103B400021781AE0AA4210D0858C05EB45056D025C
:103B5000B5FBF6F5A58090F8270000EB001000EB10
:103B60004000B0FBF3F06070A27004AA03A8CDE996
:103B70000002C9B202AB62783CE008F00BFA9DF893
:103B800010209DF80C10D308BDF800209DF8080007
:103B900063F30402ADF800208A08BDF8001062F358
:103BA0004A11ADF80010C108BDF8000061F3CF2044
:103BB000ADF8000080B20090BDF8000006B070BD06
:103BC000AA4210D0858C05EB45056D02B5FBF6F5D4
:103BD000A58090F8260000EB001000EB4000B0FB41
:103BE000F3F02070A27004AA03A8CDE90002CAB2C3
:103BF000217802ABA088C0E7FC00002010B5084C7B
:103C0000012020700748FEF78EFF0028A06803D02F
:103C1000BDE810401BF036BCBDE810401BF026BCD0
:103C200088010020604F002010B5044690F83E0047
:103C3000626B810707D4A18F39B1A1F57F43FF3BA8
:103C400015D0491EA187A18F89B90AB181070ED568
:103C500021461348FEF7D1FFFFF7D0FFE16809B115
:103C6000204688472046BDE8104014F0EDBAA16B0D
:103C70004942E162002A11D0810702D4216B4942F6
:103C8000E1624110491C61F3410084F83E00616A21
:103C9000E069E1616062A06AA262606310BD000039
:103CA000604F002070B5304D68681BF0A7FA0646DB
:103CB000687880F00100687047E00020287094F870
:103CC0003E006978C0F380028A4242D061F38200EC
:103CD00084F83E00E16A8A19030719D4002917DC29
:103CE000002A15DBC00709D1216939B12046884770
:103CF000E1690144E161616A08446062A16809B157
:103D00002046884794F83E0040F0080084F83E00C2
:103D1000E06A8019E06216D4A16A884200DDE1629F
:103D2000A169204688470146206A884204D0216262
:103D300062680AB120689047D4E90A01814202DB37
:103D40002046FFF771FF287818B10848FEF7EBFE10
:103D500003E021460548FEF7F8FE0400ADD11BF054
:103D600053FA686070BD000088010020604F002099
:103D700070B5044640680D4608B1FFF7F9FF2268A8
:103D8000002A04D029462046BDE87040104770BD87
:103D900089B20CF022B989B20CF05BB910B50446B7
:103DA000406882080AD0496821F00301091D0844CF
:103DB0006060204600F042F8204610BDFEE74068F3
:103DC000103120F00300884201D301207047002009
:103DD00070472DE9FC47054648680C4620F0030073
:103DE00001AA69461CF0D6F9DDE9007005EBC711A0
:103DF00001EB80098046D9F83C0060B164B1C4E9A8
:103E0000020504F10806C46030460421FFF7A9FD4D
:103E1000864202D0FEE7FEE7FEE7C9F83C400120FB
:103E2000296900FA07F21143296105EB870100FABD
:103E300008F04A6902434A61BDE8FC8710B50446B0
:103E400000F087F8046010BD2DE9FC4706464FF0EE
:103E500000000D0000900746019042D00C46E94654
:103E60000DF10408802907D308461FF0AAFD411F61
:103E700001208840401E04444246494620461CF02A
:103E800089F9009C0A2C2CDA06EB8400019A40691F
:103E90004FF0FF3101FA02F210400CD1641C30697E
:103EA000A14008401DD01FF084FD0446009006EBA1
:103EB0008000406978B11FF07CFD034606EBC41119
:103EC000019001EB8000C76B5FB1786820F00300C0
:103ED000A84201D2FEE7FEE739463046009A1CF0C0
:103EE0003DFF3846BDE8FC8710B50446FFF7A6FF46
:103EF000416841F002014160606840F0010060608B
:103F000010BD10B5044600F024F8416821F002010C
:103F10004160606820F00100606010BD70B5064629
:103F20000D46084600F015F8040010D02079C007AF
:103F30000BD0686880080BD02146304600F03CF872
:103F400021462846FFF72AFF0546284670BDFEE7B2
:103F5000FEE7426800F1080122F00300001F084458
:103F6000910800D1FEE7704770B506460C004FF08F
:103F700000001ED0F2B120791546C0071BD01146B3
:103F80002046FFF71CFF78B12946204600F025F8AF
:103F900005462046FFF752FF6868294640F00200B8
:103FA00068603046FFF715FF2046FFF7AAFF04F1CF
:103FB000080070BDFEE7FEE77CB5054648680C4684
:103FC00020F0030001AA69461CF0E4F8DDE90023B3
:103FD000214628461CF0C2FE7CBD2DE9F0410D466D
:103FE000044600F10801281F0E18606806F1080752
:103FF00020F00300401BA0F1040838460421FFF71D
:10400000B0FC874200D0FEE7606820F0030108EBB7
:104010000500001D814200D0FEE7307900F003006A
:1040200040EA0800706020F003000C2800D2FEE790
:10403000207900F00300284360603046FFF754FF0A
:104040003046BDE8F08138B5044612F055FC05460F
:1040500012F087FC0028204605D0218FE18617F05A
:104060003DFA012038BD10F0FFFD002820461ED08B
:1040700010F0CFFC218FE08E81420CD02087E08EA3
:1040800000906A461C21204611F028F80128E9D149
:10409000204617F023FA284612F06FFC0428E0D1DE
:1040A000204615F00BFE002111F0B5FCD9E710F009
:1040B00037FED6E770B511F00CF8054615F044FE52
:1040C000044628460CF0BCFD01462046BDE8704081
:1040D00001221AF0BFBB00002DE9F04F0D4687B05A
:1040E0000446002115F01FFD60B32946204600F06C
:1040F00061FA2946204600F06FF80021204616F0AC
:1041000049FC05900021204616F016FD0490002180
:10411000204616F00BFB012800D00020804600212D
:10412000204616F0A1FE07460021204616F07CFB33
:1041300042F2D17906464F450BD1608C400508D438
:10414000012707E007B02846BDE8F04F1C2114F016
:10415000C5B90027204615F064FDDFF878A0834636
:1041600020460021BAF8022016F056FDD5F810C0FE
:10417000AB682968CDF800C0CDF80C80CDE90131DD
:10418000C2B239465846059B09F0A0FD28834E452A
:1041900004D1608C800501D4012600E00026204671
:1041A00015F025FD074620460021BAF8062016F036
:1041B00033FDC2B2686900246B68E9688DE81B00B2
:1041C00031463846049B09F081FD688307B0BDE89D
:1041D000F08F0000700000202DE9F34F81B00C46F5
:1041E000019808F0E1FF0646019815F01AFD824695
:1041F000304600F00BFF2061400013F0C7FF206045
:104200002069400013F0C2FF002541F69A79A060B2
:104210003AE036F91510DFF82081494533D10027FF
:10422000DFF818B11FE03946019815F07CFC5946BB
:10423000009016F08CFEA8B9009808F0C7FF01287E
:1042400010D1009808F0B8FFA8420BD1009816F0E2
:104250002EFE4146404501DA084602E0009816F07D
:1042600026FE80467F1C019815F06FFCB842DAD814
:10427000B8F1000F03DBA16821F8158003E0A16805
:10428000002021F815006D1C2069A842C1D8002526
:104290002F46284641F69B784B4615E036F910101C
:1042A000414504DB0D44A5F5F8559B3D0BE09942D3
:1042B00004D1A16831F81010394403E0A26822F853
:1042C000101039440FB2401C21698142E6D8002108
:1042D000019816F05FFB2169C1F1010200FB02A009
:1042E000C01B00B2002800DA002000224FF0FF338C
:1042F0001146C44611E000BF36F9117067450BDB6B
:10430000A7F5F8579B3F3AB210FB02F3B3FBF5F366
:10431000A76827F811300B46491C27698F42EBD854
:10432000002B07DBA91A4143B1FBF5F1401AA16844
:1043300021F81300BDE8FE8F01E0FFFF0100060039
:104340002DE9F14F00221146009817F093FF00214C
:10435000009816F01FFA04460021009816F001FCA0
:1043600020440FFA80F90021009816F0BFFA20448B
:104370000FFA80F8009816F07FF900EB090101EBC5
:104380000800DFF898A006B25446009815F0DDFB4F
:10439000074600252AE0009821498068006850F807
:1043A0002500834616F0D3FDF8B9584617F0F8F803
:1043B00040BB0021584616F084F918B3012821D0DB
:1043C00002281FD003281DD00021584616F068FD92
:1043D00058B9BBF81A10BBF81600081A401C00B2F6
:1043E0004844A04200DB044624B26D1CBD42D2D337
:1043F000544504D004EB080000B2B04200DC304663
:10440000BDE8F88F0098BBF91A10B0F91600081A29
:10441000411CA142E8DB0C46E6E7000001E0FFFF9B
:10442000010004002DE9F84F00228046114617F0E4
:104430000BFF0021404616F0ADF90446002140462E
:1044400016F026FB20440FFA80FA0021404616F0B1
:10445000C4FA20440FFA80F9404616F01BF900EB2D
:10446000090101EB0A00DFF844B105B25C464046A1
:1044700015F06BFB07460021404616F042F9012873
:104480004FF0000644D078E0D8F8080048490068AA
:1044900050F82600009016F05AFDC0BB009817F0A7
:1044A0007FF850B10098B8F91810B0F91400091A43
:1044B000481CA0422ADB4C1C28E00021009816F082
:1044C00000F958B1032809D0062807D0082805D0DC
:1044D0000021009816F0DDFC58B118E00098B8F9FA
:1044E0001810B0F91400081A411CA1420EDB0C464A
:1044F0000CE00098143000900BF07BFE5044A0427A
:1045000004DB00980BF075FE00EB0A0424B2761C65
:10451000BE42B9D35C453BD004EB090033E000BF99
:10452000D8F808002249006850F82600009016F0DC
:104530000EFD08BB009817F033F860BB002100980F
:1045400016F0BFF838B3012825D0042823D0072857
:1045500021D00021009816F0A3FC68B9009814300F
:1045600000900BF046FE4844A04204DB00980BF09C
:1045700040FE00EB090424B2761CBE42D0D35C4559
:1045800006D004EB0A0000B2584501D0A84200DC76
:104590002846BDE8F88F0098B0F91810B8F9140053
:1045A000091A481CA042E6DB4C1CE4E701E0FFFFCF
:1045B000010004002DE9F84F0C46834609F012FA79
:1045C000064600F023FD6061400013F0DFFD6060EF
:1045D0006069400013F0DAFD002541F69A79E06049
:1045E0003AE036F91500DFF80C81484533D1002751
:1045F000DFF804A11FE03946584615F094FA5146F9
:10460000009016F0A4FCA8B9009809F071FA0128EE
:1046100010D1009809F062FAA8420BD1009815F069
:1046200052FB4146404501DA084602E0009815F089
:104630004AFB80467F1C584615F087FAB842DAD804
:10464000B8F1000F03DBE16821F8158003E0E168B1
:10465000002021F815006D1C6069A842C1D8002710
:104660003D46384641F69B784A4615E036F910102B
:10467000414504DB0F44A7F5F8579B3F0BE09142FF
:1046800004D1E16831F81010294403E0E36823F80D
:10469000101029440DB2401C61698142E6D8002106
:1046A000584616F049FA8146584615F0A0FA0146D8
:1046B0006069C0F1010209FB0210401B02B2002A2E
:1046C00000DA0022002043460FE000BF36F9101048
:1046D000994209DBA1F5F8519B3912FB01F1B1FBBD
:1046E000F7F1E56825F81010401C61698142EDD8AA
:1046F000BDE8F88F01E0FFFF010006001CB50B8844
:1047000004892344ADF800304B8844892344ADF834
:1047100002308B8804892344ADF80430C98843896A
:104720001944ADF806104369694698471CBD00005E
:10473000F8B50D46D0E90C2104468AB112787AB159
:1047400041B100BF1AF087FB0D4909688847616BCA
:10475000884211D2206B88B100200A4E009006E0FA
:1047600061B1EFE7326869469047A84206D0206BF6
:104770000099415C0029F5D10020F8BD0120F8BD69
:10478000E0010020CC0100202DE9FF4F87B0C87860
:10479000189CC0070D46002801D0F14800E0F14800
:1047A000069001D0F04800E0F048049001D1EE48B6
:1047B00000E0EE484FF0100A4FF00C0ECDF8140058
:1047C0006088A1884FF0000BA0EB010001B25A46AF
:1047D0005846276912E000BF00EB8006E3680AEB49
:1047E000860C13F80CC05FEACC7C0BD04FF0080CA1
:1047F0000CEB86069B5BC91A09B2401C8742EBD8BA
:10480000002347E00EEB86069B5B1A4412B2F4E7E6
:1048100003EB8306E7680AEB86000190385CC0076B
:1048200037D191FBF2F00EEB860CCDF800C037F8D3
:104830000CC00CFB00FC0FFA8CF94FF0060C0420A6
:104840000CEB860C00EB860037F90C80385ECC460A
:10485000C84500DCC446604504DC4046CC46C8453B
:1048600000DD6046484506D0DDF804804FF0010CBD
:10487000E34647F808C0D4F80CC0082707EB8606C3
:104880002CF80600E768009EBE5B921B081A12B265
:1048900001B25B1C20699842BAD8BBF1000F8FD1DE
:1048A0000021079815F03BFF012826D000270020A3
:1048B000ADF80800ADF80C0003A902A8CDE900018D
:1048C0002089B4F9022003B2287816991BF052FE11
:1048D000E878384207D0079815F0A3F9BDF808101A
:1048E0000844ADF808000999079815F01CF9064628
:1048F0004FF4FA684FF0640B27E10127D7E79C4992
:10490000304616F024FB00287DD10021304615F0FA
:1049100073FFE8B34FF000094846216911E000BF7A
:10492000E26800EB800352F82320B24208D100EB8A
:104930008002E168082000EB820031F9009002E07B
:10494000401C8142ECD8E878C007708C02D040F45B
:10495000806001E040F40070708406F11400049956
:1049600082468847484528D0304616F0B7FDB08AC1
:10497000ADF80000F08AADF80200308BADF804000D
:10498000708BADF80600069A49465046904700E005
:104990000FE06A462921304610F0A0FB304615F0A2
:1049A000D3F93246222110F099FB304616F096FDDD
:1049B00003E0708C20F4C060708400200090687860
:1049C000012810D0022816D1059906F11400884755
:1049D000B4F90010491C21F00101081A00EBD07055
:1049E00040F34F0006E0059906F11400884721883E
:1049F000081A00B20090E87838420AD0049906F10B
:104A00001400884700E098E0BDF80810081AADF8D7
:104A100008003046002143F20C0216F0FDF80FFAB0
:104A200080F93046002143F20D0216F0F5F80FFA36
:104A300080FA304616F03BFA0190304615F043F903
:104A40000146C9F3413001280ED129F4C040404548
:104A50000ADCB0F57A7F01DDC0F57A70019A504327
:104A600090FBFBF00FFA80F9CAF3413001280DD119
:104A70002AF4C040404509DCB0F57A7F01DDC0F57D
:104A80007A70484390FBFBF00FFA80FAB18A1498D1
:104A9000F28A411A01EB0900159900B28A1A02EB59
:104AA0000A01EA7809B2D207002A02D0BDF908202B
:104AB00000E0009A10440FFA80FA01D0009801E05B
:104AC000BDF9080008440FFA80F95AEA09001BD022
:104AD000304616F003FDB18A01EB0A00B082318B3B
:104AE00001EB0A003083F18A01EB0900F082718B3F
:104AF00001EB09007083304616F0F0FC01234A46B2
:104B00005146304616F09AFDE87838420CD10499A7
:104B100006F11400884717990844BDF80C100844A2
:104B2000BDF80810084406E0BDF80C1017980844BA
:104B3000BDF80810081AADF80800E87809AAC0F313
:104B40008001079808F01AFE0646002E04D0DDE921
:104B5000090188427FF4D3AE0BB0BDE8F08F0000AE
:104B60007B0201087102010817020108BF01010858
:104B7000010006002DE9F04F91B00E0005463FD030
:104B80002E83286808B113F05FFB06EB4600062170
:104B900001EB400013F0CEFA286040B3022101EB94
:104BA00046010144E960042101EB86010144C5E9A5
:104BB000010101210024012E1AD0F000083013F069
:104BC000E5FA814600EB860000F10408B00000B26F
:104BD000A346ADF81000C0F101028010ADF812B08C
:104BE0000FFA82FA5C46CDF828B00690ABE0FEE7FB
:104BF000B4220270E8680480E8684180A8680480F4
:104C000011B0BDE8F08F0027BDF81220BAF1000FF7
:104C100007DC032101EB42010AEB01000FFA80FAE5
:104C20000CE0BDF810100523521A03EB420202EB10
:104C30000A00491E0FFA80FAADF81010BDF81200F4
:104C4000401CADF8120004A800F0E9F868B1BDF905
:104C5000100006A9821041F827200AA900F00300DD
:104C600041F827007F1C042FCEDB042F71D1099956
:104C70000698884212D129F8140028F814B0DDE90A
:104C80000A010144DDE90C20104408446968085514
:104C9000696800010855641C24B252E007998842F3
:104CA00019D029F8140028F814B06A680A98105529
:104CB0006A6800011055641C069A20B2521E29F839
:104CC000102028F810B0DDE90B120A440D99091DD7
:104CD00011446A682FE0089929F81400884228F8DE
:104CE00014B0DDE90A025946104412D06A68105522
:104CF0006A6800011055641C069A20B2521E29F8F9
:104D0000102028F81010DDE90C12114408316A68EF
:104D100011E00C9A10446A6810556A680001105539
:104D2000641C069A20B2521E29F8102028F8101090
:104D30000D996A680C3111546A6809011154401CBC
:104D400004B20BF1010B04A800F069F800287FF40D
:104D50005AAF40F2D32016FB00F109EB440288124F
:104D600032F9022C824205D108EB440232F9022CBE
:104D700082421AD0A1EB8021B1F5007F03DC4943C8
:104D800041F3CF3106E0C1F58061494341F3CF31B2
:104D9000C1F10F0129F8140028F8140068680155C2
:104DA000686809010155641C24B2A01E0EE000BF12
:104DB00038F8102029F8142039F8102028F8142089
:104DC00069680A5C0A55641C24B2401E0028EFDAA8
:104DD000EA680021084611801BE0EA6822F8110009
:104DE000AB6839F8102023F811200AE0AE6839F9D1
:104DF000102036F81130934200DA1A4626F81120B6
:104E0000401C38F910208A4201D1A042EEDB491C37
:104E100009B2A042E1DB484613F004FAF0E6B0F92B
:104E20000210B0F90000814201DC0120704700202F
:104E3000704717B581B0022A03D8BDF8080004B046
:104E400010BDBDF80830BDF80400D90A01EBD0212F
:104E50001F2900D31F2161F3CF20C3F34511C0F3F5
:104E600045142144ADF804003F2900D33F2161F3EC
:104E70004A1003F01F0100F01F031944ADF80400AD
:104E80001F2900D31F2161F30400ADF80400FF2A9D
:104E900007D0DDE901010CF0EDFE0090BDF8000047
:104EA000CDE780B2CBE717B581B0022A03D8BDF8B1
:104EB000080004B010BDBDF80400BDF80810C30A16
:104EC000CC0A13FB04F35B0963F3CF2000F01F034C
:104ED00001F01F0413FB04F35B0963F30400C0F348
:104EE0004513C1F3451113FB01F1890961F34A1020
:104EF000ADF80400FF2A07D0DDE901010CF0BAFE8D
:104F00000090BDF80000D4E780B2D2E717B581B0B9
:104F1000022A03D8BDF8080004B010BDBDF808305F
:104F2000BDF80400D90AA1EBD021002900DC002142
:104F300061F3CF20C3F34511C0F34514091BADF84D
:104F40000400002900DC002161F34A1003F01F0176
:104F500000F01F03C91AADF80400002900DC00218D
:104F600061F30400ADF80400FF2A07D0DDE9010178
:104F70000CF080FE0090BDF80000CDE780B2CBE7DA
:104F8000F8B5044610F0A5F80646204610F063F880
:104F90000546304614F0D8FE04462B2D2AD00A2DA3
:104FA00027D16946304614F035FF304614F039FEFB
:104FB00005460021204615F0C0FB0128BDF9000080
:104FC00005EBD5711CD000EB610000BF90FBF5F044
:104FD00001B2002900DA0021608D4FF00102884201
:104FE000204610D019F036FC00221C21204610F07B
:104FF00075F8F8BD618DBDE8F840002219F02ABCB3
:10500000C0EB6100E2E719F025FCF8BD0146002085
:1050100041F6FF7200E0401C31F910309342FAD1A2
:1050200070471CB5044690F8500000F0010088421B
:105030002DD094F8500011B140F0010001E020F0B3
:10504000010084F8500004F1440168460BF0A8F810
:10505000606ABDF80010828A1144ADF80010BDF8F6
:105060000210C08A0844ADF80200606ABDF804105E
:10507000808A0844ADF80400606ABDF80610C08A52
:105080000844ADF806006946204616F05BFA1CBDE0
:1050900008B5084611460CF0A8FC0090BDF80000C9
:1050A00008BD2DE9F04F0646C87A89B015460F466F
:1050B000022803D8012009B0BDE8F08F18463A69EC
:1050C000B968FDF7B1FA041EF5D0207D00F01F008D
:1050D00010F0D7FD08B1062008E0207D00F01F0089
:1050E00010F0BFFD08B1052000E00420226A8146CF
:1050F00022B1294630461CF024FAB7E0A069E8B393
:10510000294602A80BF016F8388818B97888B0F547
:10511000807F2AD0A88829886A88401A401C01B25A
:10512000E8883B1D801A401C02B27888CDE9000354
:10513000B7F9003002A8FCF7F3FEBDF80800298893
:105140000844ADF80800BDF80A0069880844ADF8C5
:105150000A00BDF80C0029880844ADF80C00BDF821
:105160000E0069880844ADF80E0002AA04A8B168D0
:10517000FCF78CFC002879D004A800E00DE0D6F8FC
:105180000880B060CDF800902A4639463046A369C1
:105190000DF02EFCC6F8088068E02A4604A8B16825
:1051A000FCF774FC002861D0BDF81400BDF81010A5
:1051B000401A401C0FFA80FB0BEB4B0012F0E6FF8D
:1051C000039004A901A8D6F808A00AF0B3FF0121B2
:1051D00001A80BF04DF8BDF91000B5F90010BDF9AC
:1051E0001280401A0690B5F90200A8EB000534E0E1
:1051F00001AA514607A8FCF749FC60B30398009048
:1052000006985B4601B22AB2204611F019F901282E
:105210000CD0204611F069F8039813F003F82046EB
:1052200011F063F80020C6F808A044E707A8B060B2
:10523000CDF8009001AA39463046039B0DF0D8FB0B
:10524000BDF80600401CADF80600BDF80A00401C81
:10525000ADF80A006D1C08F10108BDF916004045C3
:10526000C6DAC6F808A0039812F0DCFF204611F059
:105270003CF81FE7704700002DE9F84315460C463F
:105280008146FCF7EFF9E388A28861882088FCF763
:10529000F1F9012291031448FBF74BFBB4F90270BA
:1052A0004FF0FF3817E000BFB4F900600EE0287837
:1052B0008DF8000028884346000A8DF8010002227C
:1052C00069460A48FBF7DEFEAD1C761CB4F9040003
:1052D000B042ECDA7F1CB4F90600B842E4DA484682
:1052E000BDE8F8430DF0E2B80004024004020020DB
:1052F00070B5054611F000FB0646286B19F07EFFDD
:105300003168898B884223D295F83C006C6A10F092
:10531000030105D06420012906D0022909D106E045
:10532000002060F30F0404E060F3174401E060F331
:105330001F64304611F02AFC214628460CF094FFE9
:1053400030B100221C2128460FF0C8FE012803D1ED
:1053500019F05AFF2863012070BD00002DE9F04FBD
:10536000A1B0074614468A4604A80DF029F94FF467
:10537000A021384615F0AFF99DF81D1060F38201A9
:105380008DF81D10A1882088091A491C09B201EB6B
:10539000D1714E103044ADF8700060880021304467
:1053A000ADF87200384615F07EFA8146514608A8DD
:1053B00014F0F8F904A810904FF4003015902D481F
:1053C000099000200A9007F130008346FDF7C4FBE6
:1053D0004AE02079032843D1208BADF81000208AC1
:1053E000ADF812006079FD2801D9484602E010FBB3
:1053F00009F0000A8DF81C002568B5F92030E88B0B
:1054000018440090D5E90512A06812F081FE80468C
:10541000B5F92030E88B18440090D5E90512E06812
:1054200012F076FE0546608B08AA3044ADF85C00A9
:105430001CA811901A21199438460FF04FFEA9B2FA
:105440001FFA88F0CDE90001BDF85C301CAA04A960
:1054500050460DF0A5F808AA1B2138460FF03EFE75
:1054600021465846FDF775FB0400B2D121B0BDE8D6
:10547000F08F00001C4702082DE9F74FC878A0B054
:105480000C4602287DD9114601A80AF04AFEB4F95B
:105490002000012829DD94F82200FD2825D320884A
:1054A00018B394F82300BDF804104008C0F380023C
:1054B0001144ADF80410BDF80610C0F340000844D4
:1054C000ADF8060094F82310BDF808004908C1F3B0
:1054D000C001401AADF8080094F82310BDF80A0086
:1054E000C1F34001401AADF80A00209801A9826872
:1054F00005A8FCF7CBFA002843D0E07B10F00706A4
:1055000019D0E088ADF80000BDF80000618988423C
:1055100000D1002601A80DF061FF07461C210EA84E
:10552000FAF7F3FFA0788DF85100BDF80000ADF850
:1055300040001FB105E060680090E5E7208800B9F1
:10554000EEB3E078FD2800D3FF208346BDF80800C5
:10555000BDF80410401A401C0FFA80FABDF80A008A
:10556000BDF80610401A401C01B289465046CA4593
:1055700000DB0846B4F90050B5EB600F00DB4510C6
:1055800000E043E0BDF81810BDF81400081A401CF4
:105590000FFA80F84FF0FF301D9000200790002D8B
:1055A00000DC87B1404612F0F1FD079000232A4647
:1055B00001A916A80EF07EF9002116A800E01CE053
:1055C0000DF02CFD1D90BDF81400ADF80C00BDF8D9
:1055D0001800ADF810000798119003A80E901390D2
:1055E000FF208DF850004A465146A01D10F05EF88D
:1055F000040018D0022E0CD015E001A80E90E0781F
:105600008DF850000EA920980EF010FC23B0BDE8D4
:10561000F08FBDF91410A06800EB4100BDF9041033
:10562000A0EB41000F90002F7DD0BDF9165027E070
:105630002FB2ADF80E70ADF8127042465946079879
:1056400012F01AFFBDF9141043463A4607980DF0C0
:1056500087FE8DF84800012802D102208DF848000D
:10566000012E08D1BDF90610A068691A00EB4100AF
:105670000088ADF840000EA920980EF0D7FB6D1CF5
:10568000BDF91A00A842D3DAB7E000BFBDF80600A2
:10569000BDF9161038440FFA80F9BDF80A00C01B96
:1056A0000FFA80FA494503DDBDF91A10514544DB74
:1056B00042465946079812F0DFFEBDF90C104346EA
:1056C0004A4607980DF04CFE8DF84800012802D19B
:1056D00002208DF84800BDF91610494513DCADF8DD
:1056E0000E90ADF81290012E09D1BDF90620A168E7
:1056F000A9EB020001EB40000088ADF840000EA9C4
:1057000020980EF093FBBDF91A10514515DBADF84A
:105710000EA0ADF812A0012E0BD1BDF90600A268B3
:10572000AAEB000000E009E002EB40000088ADF8C1
:1057300040000EA920980EF079FB7F1CAF42A5DB3C
:10574000BDF80400ADF87800BDF80800ADF87C00A5
:10575000BDF806002844ADF87A00BDF80A00401BE9
:10576000ADF87E001EA80DF039FE074630430CD080
:1057700001208DF84800BDF90A008DF850B0A0EB6B
:105780000509BDF90600054435E0BDF806008DF8B1
:1057900050B02844ADF80E00BDF80A000EA9401B19
:1057A000ADF812000020119020980EF03FFB24E08D
:1057B0006FB142465946079812F05EFEBDF91410CB
:1057C00043462AB207980DF0CBFD8DF84800ADF89E
:1057D0000E50ADF81250012E08D1BDF90600A16897
:1057E000281A01EB40000088ADF840000EA920986F
:1057F0000EF01CFB6D1C4D45DADD079808B112F068
:1058000011FD1D98401C05D01D980EF0FFF816A83C
:105810000DF0C8FD002C3FF4F9AE20460FF040FF1C
:10582000F4E6F0B5074608698FB015460C46002827
:1058300071D0A17E02296ED911F015F8022820D06E
:105840006946206910F072FD012864D105A80DF0A9
:10585000D7F8A0788DF82000208BADF81C00E07EF2
:105860008DF81E00A07E8DF81F00207F4FF0FF36C0
:10587000E0B300996888ADF8060006EB5151084482
:10588000A8E0002641F6FF70CDE900600296D4E959
:10589000041233460DA819F0EDFF28460AF0AFFCBC
:1058A00001462A88BDF9340001EBD17102EB610297
:1058B00000EBD071A2EB61010844401EADF810006E
:1058C000ADF80C1028460AF074FC01466A88BDF950
:1058D000360001EBD17102EB610100EBD072A1EB5C
:1058E00062010844ADF80E10401E00E015E0ADF86E
:1058F000120005A80DF03AFB60690590208BADF809
:105900002000A07E8DF82E00009603AA05A9384637
:1059100023690DF08FF80FB0F0BD28460AF06FFC38
:10592000298800EBD07001EB60000099C1F38A2157
:10593000A0EB5100ADF8040028460AF03AFC698853
:1059400000EBD07001EB60010098A1EB9051C0F327
:105950008A22ADF80610BDF80430521E1A4406EB38
:105960005050ADF808200844ADF80A0001AA05A976
:10597000384623690DF01CF8CDE700992888C1F35B
:105980008A21ADF80400491E084410E001AA05A9C7
:10599000384623690DF00CF80098BDF80410C0F3E8
:1059A0008A200144ADF80410BDF808100844ADF891
:1059B0000800BDF90400B5F904108842E6DDBDF821
:1059C0000610009801EB5051ADF80610BDF80A1012
:1059D00001EB5050ADF80A00BDF90600B5F906100C
:1059E0008842CADD97E7F0B5074691F8220087B0F4
:1059F00016460C4602286BD9208C002868D094F8F3
:105A0000230010F03E0F63D0C00761D1B088318809
:105A10007288401A401C01B2F088B4F90050801A14
:105A2000401C00B2814200DA0846B5EB600F00DD91
:105A30004510314604A80AF074FB94F82300BDF920
:105A40001020C0F344014807B4F9200001D42844D1
:105A500040421044ADF810000807BDF91420B4F915
:105A6000200001D428444042101AADF8140094F8E4
:105A70002300BDF9121040088007B4F9200001D4BA
:105A8000284440420844ADF8120094F82300BDF9C0
:105A900016104008C007B4F9200001D12844404244
:105AA000081AADF81600208C281A00B2002800DA77
:105AB0000020A27894F82210CDE90212E18BADF813
:105AC000041000902B4604AA3146384600F002F834
:105AD00007B0F0BD2DE9FF4FA9B01D46DDE93879CB
:105AE000DDF8D88016460C46FF2F00D3FF27084666
:105AF0000DF074FC2690284350EA080074D02998D1
:105B00002146826808A8FBF7C1FF002873D0BDF8C2
:105B10002400BDF82010401A401C00B204901C2143
:105B20000AA812F0DBFC049812F030FB0D904FF045
:105B3000FF302490002D0ADD00232A46214615A8B7
:105B40000DF0B8FE002115A80DF068FA249001238D
:105B5000424631461BA80DF0ADFE00211BA80DF0FA
:105B60005DFA259001A80A900F90BDF8DC008DF831
:105B70004070ADF830008DF84190B4F900002290EB
:105B8000B6F900C04319634500DC6346B4F904006C
:105B90000FFA83F92190B6F90430401B984200DBDC
:105BA00018460FFA80F8B4F902E0B6F902000EEBDD
:105BB00005018246514500DC01460FB2B4F906B03A
:105BC000B6F90610ABEB05028A4200DB0A4610B2BA
:105BD0000590A8EB0900401C00B22790D6450DDCCB
:105BE00001200CE000E006E0009732462146379B9A
:105BF000299800F0B8F92DB0BDE8F08F002082465A
:105C00008B4501DB012000E0002083462698D8B3B5
:105C1000BDF82000ADF80400BDF82400ADF8080080
:105C2000BDF9224022E000BFBAF1000F01D1A74226
:105C30001BDCBBF1000F02D10598A0421ADB25B294
:105C4000ADF80650ADF80A5004990D9812F074FCA6
:105C5000BDF920102A46049B0D980DF081FB8DF8AC
:105C600038000AA929980EF0E1F8641CBDF9260055
:105C7000A042D9DA1BA80DF095FB25980DF0C6FEC1
:105C80002498401C07D000E009E015A80DF08AFB1D
:105C900024980DF0BBFE0D9812F0C4FAABE72298E1
:105CA000604501DC012000E000201390219898421B
:105CB00001DB012100E000210120009013981291E6
:105CC000084000EA0A0010EA0B0F04D02798322897
:105CD00001DA00200090012000998DF838001AEABE
:105CE000010F0ED0ADF80490ADF808806088ADF8D3
:105CF000060070880AA9401EADF80A0029980EF027
:105D000095F800991BEA010F0ED0ADF80490ADF89C
:105D10000880F0880AA9401CADF80600E088ADF8BC
:105D20000A0029980EF082F8139878B12088ADF80F
:105D300004003088ADF80670401EADF808000598E4
:105D4000ADF80A000AA929980EF070F8129878B1F7
:105D5000B0880AA9401CADF80400A088ADF808007E
:105D60000598ADF80670ADF80A0029980EF05EF8B7
:105D70000098C0B1BDF92400BDF92010A9F10102BD
:105D8000ADF80410904200DB1046ADF80800401A50
:105D9000401C05B2002D70DD139850EA0A0066D051
:105DA000BDF9224061E0BDF82000ADF80400BDF867
:105DB0002400ADF80800B4F90200B6F90210401A48
:105DC000A84200DB05460FFA85F8002533E060881D
:105DD000284406B2E088401B07B2BDF92200B04259
:105DE00003DDBDF92600B84224DB04990D9812F0BA
:105DF000A3FBBDF904103246049B0D980DF0B0FAD8
:105E00008DF83800BDF92200B04207DCADF806601D
:105E1000ADF80A600AA929980EF008F8BDF9260025
:105E2000B84207DBADF80670ADF80A700AA92998E8
:105E30000DF0FCFF6D1C4545C9DB8DE026B2ADF8C9
:105E40000660ADF80A6029460D9812F075FBBDF9A1
:105E500004102B4632460D980DF082FA8DF838006A
:105E60000AA929980DF0E2FF641CA742E6DC13980A
:105E700050EA0B001DD0059C16E01AE026B2ADF8E2
:105E80000660ADF80A6029460D9812F055FBBDF981
:105E900004102B4632460D980DF062FA8DF838004A
:105EA0000AA929980DF0C2FFBDF92600641CA04282
:105EB000E4DABDF9200008F10101884200DC08465F
:105EC000BDF82410ADF80400081A401C05B2ADF866
:105ED0000810002D40DD129850EA0A001BD0BDF9D1
:105EE000224016E026B2ADF80660ADF80A602946F9
:105EF0000D9812F021FBBDF904102B4632460D9887
:105F00000DF02EFA8DF838000AA929980DF08EFFB1
:105F1000641CA742E6DC129850EA0B001CD0059CDA
:105F200015E026B2ADF80660ADF80A6029460D9876
:105F300012F002FBBDF904102B4632460D980DF00D
:105F40000FFA8DF838000AA929980DF06FFFBDF9F6
:105F50002600641CA042E4DA1BA80DF023FA259861
:105F60000DF054FD8FE62DE9FF478EB00C468246BA
:105F700015461C2102A81A9E12F0B0FACDF808D0DE
:105F8000BDF84400ADF810008DF82060B4F90200AF
:105F9000B5F90210884201DC012700E00027B4F9BE
:105FA0000600B5F90610884201DB012600E0002654
:105FB000B4F90000B5F90010884201DC012100E0CD
:105FC00000218946B4F90410B5F90420914201DB9F
:105FD000012100E00021ADF80000A088ADF8040028
:105FE0006088ADF8020068888846401EADF806005B
:105FF0001FB102A950460DF019FFE888401CADF80A
:106000000200E088ADF806001EB102A950460DF06E
:106010000DFF2088ADF800002888401EADF8040070
:1060200017B1B5F9020001E0B4F90200ADF80200C1
:1060300016B1B5F9060001E0B4F90600ADF80600A6
:10604000B9F1000F03D002A950460DF0EFFEA88869
:10605000401CADF80000A088ADF80400B8F1000FB6
:1060600003D002A950460DF0E1FE12B0BDE8F08762
:106070002DE9F04F8B46A2F57F4195B0914606463B
:10608000FF3944D0746A208C8046984204D023841F
:10609000608C40F0040060844FF4802A5146204612
:1060A00014F057FE07465146204614F082FE05467E
:1060B000B7F90870304607F08AFAB0F916107A1965
:1060C00009FB021105EBD570A1EB6000ADF80600ED
:1060D00038446D1E2844ADF80A00706A818AADF814
:1060E0000410008BADF8080006A80DF0B3FC06AA5A
:1060F0005146204615F097F801AA06A958460DF01A
:1061000095FCA4F82080608C20F00400608415B019
:10611000BDE8F08F2DE9F0430E46A2F57F4191B026
:1061200090460546FF3956D06C6A278C9F4204D0B2
:106130002384608C40F00400608406A80CF016FFF5
:106140004FF4802906AA4946204614F0C9FF494663
:10615000204614F02EFEADF82A00284607F037FA44
:10616000050038D00698B5F91620B0F90810BDF929
:106170002A0000EB010C08FB0C2200EBD073A2EB11
:1061800063021044491EADF80A200844ADF80E0021
:10619000A08AADF80800208BADF80C0002AA0EA86A
:1061A000B168FBF773FC88B10EA8D6F80880B06020
:1061B000284611F069F903460020009005F1140209
:1061C00006A930460CF036FCC6F808802784608C9F
:1061D00020F00400608411B0BDE8F0832DE9F041A7
:1061E000274E074670680CF07BF904463868856BCB
:1061F000E96A09B128468847206850B1606828B923
:1062000007E070680068816A01B18847206900284A
:10621000F7D10120206171680968C9688A69D207CD
:1062200002D08969890700D400206061606908B1E3
:10623000012600E000263868416971B1016911F05A
:10624000300F06D0490704D5D5E9001000F01AF840
:1062500003E0D5E90021FEF751FA206800280BD0B1
:106260006168002908D03A68127CB243D20703D192
:10627000A268824202D1A160BDE8F081A060FBE784
:10628000440000202DE9F34F05468A4893B0416849
:106290000E683069820701D542076ED4C0F3011041
:1062A00002281ED0012801D0032866D100200F90BB
:1062B00008460CF015F98346A988B5F90000EA886C
:1062C000091A491C0CB2B5F90210521A521C17B225
:1062D0004FF4A052B2FBF4F3BB420FDAB2FBF4F27C
:1062E0000DE029463046149A00F0F0F8149A15B0E3
:1062F00029463046BDE8F04FFEF700BA3A460C9208
:106300000791317CC1F30111012905D06880611E1C
:106310000844E8800020BDE07188081A401EE8802B
:10632000001B401C6880F5E70C99A7EB0A00884227
:1063300000DD084600B201900120CBF81000BAF150
:10634000000F20D1A7421EDB0194307CC0F3011066
:10635000032810D000202146149A00F0EAF8307C7F
:10636000C0F30110012809D031880798081A401E8F
:10637000A880001B56E00120EDE797E007982880F1
:106380000798204466E00F9820B94FF4205011F090
:10639000FDFE0F90307CC0F3011003281BD00020BD
:1063A0008646DDF850C001990F980A9014FB01F061
:1063B000401E0D90601E48430E900020814688428A
:1063C00022DA0E9ABEF1000F02EB090001D00D9AFD
:1063D000101A002212E00120E2E70A9BBEF1000F32
:1063E00003EB400863460CF1020C1B88A8F8003050
:1063F00001D0084400E0401A521C12B2A242ECDB69
:1064000009F1010000B2D9E7307CC0F30110012886
:106410001BD031880798091AA1EB0A00401EA880FA
:106420000199401A401C288001990AEB0108B845DF
:1064300013DBDBF81800C0070FD0DBF8180080076B
:106440000BD50120CBF814000AE0079850442880AF
:1064500001990844401EA880E6E70021CBF81410FB
:106460000F9828B1024629463046FEF747F905E065
:10647000149AF8E7B16A09B130468847DBF8100092
:106480000028F7D101981499604301EB4000149063
:106490000FFA88F08246B842FFF646AF0F98002800
:1064A00004D015B0BDE8F04F11F0BCBE15B0BDE88A
:1064B000F08F00004400002030B504880D8805806E
:1064C00010880880188810801C8030BDF8B58B8833
:1064D0000C884D881B1BCC885B1C641B641C13FB45
:1064E00004F300245B1E0DE002EB430602EB4407BD
:1064F0003588ADF80050B7F800C0A6F800C05B1EA4
:106500003D80641CA342EFD843884C88CA881B1B7B
:106510005B1ECB8043889A1A521E4A8003880C88DF
:106520008A881B1B5B1E8B800088801A401E088097
:10653000F8BD2DE9F0470C4617468246002601EBD0
:10654000D47931E00025601C00EBD07827E0A01B57
:10655000401E01B2601B401E00B2BAF1000F0AD00B
:1065600015FB041207EB420311FB040107EB410288
:1065700010FB046009E010FB046207EB420311FB0F
:10658000040007EB400215FB041007EB400116FB6B
:10659000045007EB4000FFF78FFF6D1C2DB2B5EBE9
:1065A000680FD4DB761C36B2B6EB690FCADBBDE8E8
:1065B000F08700002DE9F047A2B005460EF089FDF6
:1065C000044628460EF04DFD8246606A10F05CFFDE
:1065D000054694F85000C00778D004A80DF03AFAA8
:1065E0004FF4E02904AA4946204614F01CFE04F1A9
:1065F000440101A809F0D4FD606ABDF80410828A44
:106600001144ADF80410BDF80610C08A01AA084470
:10661000ADF80600606ABDF80810808A0844ADF83D
:106620000800606ABDF80A10C08A0844ADF80A0084
:1066300004A950460DF0FAF94946204614F0CDF869
:1066400006464946204614F015FA87194946204661
:1066500014F0DBFA4FF000081E490644CDF87480B0
:10666000CDF87880E06C0968284488470246E06CE1
:1066700041191DA811F054FEBDF8040040F2574224
:106680003844ADF80400BDF8060041463044ADF88A
:106690000600606A14F0C0FA054612A80CF066FC09
:1066A00012AA4946204614F01BFD9DF8130002284B
:1066B00004D8BDF85400A9B2884207D01DAB01AA86
:1066C00012A95046CDF800800CF0B4F922B0BDE814
:1066D000F0870000C80100202DE9F04FC3B0054647
:1066E00030300E461890FCF77FFA00287DD105F176
:1066F000140240A8B168FBF7C9F9002875D040A87A
:10670000D6F808A0B0603CA80CF068FC4FF4E02478
:106710003CAA2146284614F032FD2CA80DF09AF927
:106720009DF8F8008DF8B30047F6FF70ADF8B000A3
:106730002146284614F09FFB00EBD07047102146FD
:10674000284614F098FB00EBD0704FEA600B3146FE
:1067500001A813F027F829A8079019A805905F4809
:10676000029005200E9403901898FCF7F5F9ADE01F
:106770000A223CA929A811F0D3FD38222CA919A876
:1067800011F0CEFDE088ADF8A400E088ADF8680017
:1067900014A80A903FA80B90607BC00704D0B4F9FE
:1067A0000000B4F902100DE0A288A2F5FE40FF3807
:1067B0006FD03AAB2846A1680AF006FEBDF9E800A2
:1067C000BDF9EA10AA8A10440FFA80F8E88A084452
:1067D0000FFA80F9B7B1BBF1000F13D0A8EB070097
:1067E000ADF89C0008EB070000E074E0ADF8A000F5
:1067F000A9EB0B00ADF89E0009EB0B00ADF8A20071
:1068000027A800E000200490207B81072AD0C00741
:1068100002D0B5F9140000E04046ADF85000ADF8E4
:106820005290217B4846890702D5B5F9181000E03F
:106830004146ADF8FC10ADF8FE0001AA1A21284629
:106840000EF04CFC3FAB14AA29A930460CF0B9FB62
:1068500027AA19A930460DF0E9F801AA1B212846FC
:106860000EF03CFC217B11F00C0F2BD04046ADF814
:106870005080490702D5B5F9161000E04946ADF839
:106880005210ADF8FC00207B000703D5B5F91A00C3
:1068900001E017E04846ADF8FE0001AA1A2128469B
:1068A0000EF01CFC3FAB14AA29A930460CF089FB62
:1068B00027AA19A930460DF0B9F801AA1B212846CC
:1068C0000EF00CFC21461898FCF743F904007FF405
:1068D0004FAFC6F808A043B0BDE8F08FE44102080E
:1068E0002DE9F04F9FB005460EF0F3FB0446284615
:1068F0000EF0B7FB1C90204614F0D9FA054620464E
:1069000013F0E1F90146A08A05EBD57200EB6200B5
:106910000FFA80FBE08A01EBD17100EB61000FFA06
:1069200080FA4FEA620806A80CF058FB06AA00217C
:10693000204614F024FC4FF41D7018FB00F042F2C6
:10694000341190FBF1F0801CADF81A00002631469E
:10695000204613F0C8FE054647F6FF7900234A4655
:1069600004F114010AA80CF0A5FF00210AA80CF0FC
:1069700055FB1B90A78AE28AADF80E20218BADF85B
:106980001010638B7819ADF80C00481BADF810009F
:106990005019ADF80E00581BADF8120001234A46FD
:1069A00003A910A80CF086FF002110A80CF036FBFC
:1069B0001D90BDF91A20A8EB05000027A0EB0209E5
:1069C000904439462046FDF785F80990BDF824002B
:1069D000ADF81800300A00B2054618F087FE00FB3B
:1069E00008F00BEBE030ADF85800284618F076FEC2
:1069F00000FB08F00AEBE030ADF85A00284618F02A
:106A000075FE00FB09F00BEBE030ADF85C002846AA
:106A100018F064FE00FB09F00AEBE030ADF85E0010
:106A200017AB16AA06A91C980CF0CBFAFF1CBFB234
:106A300006F58766B7F5807FC3D90AA80CF0B2FCCB
:106A400010A80CF0AFFC1B980CF0E0FF1D980CF0A8
:106A5000DDFF1FB0BDE8F08F2DE9F04F88468A6852
:106A6000A7B0044600F1140124A8FBF70FF8002892
:106A70007ED0D8F808001F9024A9C8F8081000217B
:106A8000204613F095FE05460021204613F0B3FF83
:106A9000284400B220900021204614F070F82844C9
:106AA00005B2204613F0BDF8B4F88410484340F313
:106AB0000F201B90204613F09AF8B4F88610484334
:106AC00040F30F201D9018A80CF088FA18AA002196
:106AD000204614F054FB4146684612F063FE00263F
:106AE00018A80690701E0E90DFF8CCA10D96CDE987
:106AF00001A609966A461A2120460A960EF0EEFA79
:106B000020463122314614F087F800F0FF090021B9
:106B1000204613F04DFE834620463322314614F0C2
:106B20007BF8C6B2204613F095F92390204613F067
:106B30005DFAB4F87E10E9B3E18A2944081A00B27C
:106B40001E90A08AADF84C00208BADF85C000025AB
:106B5000B4F97E70B9F1020F40D9BBF1000F3DDDF1
:106B6000B00707D50021204614F009F810B900E05D
:106B70009FE00125F00731D00021204613F0C4FE2C
:106B800060BB7F1E3FB229E01D9810FB05F1B4F8F1
:106B90007E006A46401E91FBF0F01E990844ADF855
:106BA0004E00ADF85E000120CDE901A013A80990C8
:106BB00017A800E014E00A901A210E9520460EF066
:106BC0008DFA17AB13AA18A940460CF0FAF96A46D9
:106BD0001B2120460EF082FA6D1C2DB2BD42D3DB84
:106BE000B4F88000F0B3A18A2098002701442398CC
:106BF000081A00B21C90E08AADF84E00608BADF828
:106C00005E00B4F98050B9F1020F13D9BBF1000F47
:106C100010DD700705D50021204613F0ECFE00B909
:106C20000127300706D50021204613F03FFF08B9A1
:106C30006D1E2DB256460DF14C0B0DF15C094FF057
:106C4000020A26E01B9810FB07F1B4F880006A46A0
:106C5000401E91FBF0F01C990844ADF84C00ADF8D3
:106C60005C0000E017E00E97CDE9016ACDE909B9B3
:106C70001A2120460EF032FA17AB13AA18A9404683
:106C80000CF09FF96A461B2120460EF027FA7F1C64
:106C90003FB2AF42D6DB4FF0FF300E90002009909C
:106CA0000A906A461B2120460EF018FA1F98C8F871
:106CB000080027B0BDE8F08FE44102082DE9F14F4C
:106CC0009CB01C980EF0C7F906461C980EF001FA0D
:106CD0000446122E7ED0152E01D0182E7BD1002115
:106CE00014F0ADF8E18E41430F120021204614F05C
:106CF00083F8218E01EB000A204614F0D8F80490A6
:106D0000204612F0E0FF03902046002141F23202BB
:106D100013F082FF05462046002141F6120213F0CF
:106D20007BFF28440FFA80F92046002141F6130228
:106D300013F072FF284400B20D902046002141F666
:106D4000100213F069FF28440FFA80F82046002152
:106D500041F6110213F060FF2844618E0FFA80FBA8
:106D600001EB0900ADF86000A18E01EB0800ADF861
:106D7000620094F8390000F0030001287DD018A9C2
:106D8000B8B2CDE90001DDE903210FFA8AF305A8C5
:106D9000FBF7C6F8BDF81410A08A0844ADF814003B
:106DA000BDF81610E08A0844ADF81600BDF81810BA
:106DB000A08A0844ADF81800BDF81A10E08A08440B
:106DC000ADF81A0004F114010D461AA80C9109F04F
:106DD000D5F901E06BE067E005A9284609F0CEF996
:106DE000CF481C9912F089FE01285DD11AA90C9890
:106DF00009F0C4F9152E57D1E08D002854D0A08D8C
:106E0000002851D0002F4FD01C980EF02AF90646CA
:106E100003A80C9909F0B2F920460FF04BFC054687
:106E200094F8390000F0030001287DD0BDF8180067
:106E3000BDF81410401ABDF80C100844ADF810004D
:106E4000BDF81A00BDF81610401ABDF80E1008441F
:106E5000BDF80C10ADF8120001EB0900ADF80C0004
:106E6000BDF80E1001EB0800ADF80E00BDF81010D3
:106E70000D98081AADF8100000E089E0BDF8121076
:106E8000A1EB0B00ADF8120094F8380000F00301FC
:106E9000012977D0800775D0022974D000231946C4
:106EA00030460C9A0BF084FD1DB0BDE8F08F1C98A5
:106EB0000EF00DF9054600780228F5D094F8380058
:106EC0004FF00106C14389075AD000F0030102299F
:106ED00056D0C0F38400042801D0012850D12046A8
:106EE0000021462213F098FEC0B2FF2848D10021AD
:106EF000204613F081FF218EC14241D1002120465E
:106F000013F09DFFE18E41430F121C980EF0DFF845
:106F10008046B7F5807F37D0204612F0D4FE8146F8
:106F2000204613F0C4FF00E037E0014604F13202CE
:106F3000B8B2CDE9000200234A4603A8FAF7F0FFF1
:106F4000BDF80C00A18A00220844ADF80C00BDF881
:106F50000E00E18A0844ADF80E00BDF81000A18AC9
:106F60000844ADF81000BDF81200E18A0844ADF8FD
:106F7000120003A94FEA0800FAF7B0FD002893D1E8
:106F80002E7091E734E0BAE0002204F11401F3E737
:106F900005A9204612F05FFE14E7B4F92C0029B2CF
:106FA000401ABDF80C10401C00EBD070A1EB600142
:106FB000ADF80C10BDF81010BDF80E20A1EB60006C
:106FC000ADF81000B4F92E002914401A401C00EB53
:106FD000D070A2EB6000ADF80E00B4F92E00401A9C
:106FE000BDF81210401C00EBD070A1EB60002FE741
:106FF0000FA80BF005FD0FAA0021204614F027F87A
:10700000ADF83E70ADF83CA0608EADF84000A08EAB
:10701000ADF8420094F8380015AAC0098DF8500068
:10702000BDF8141001EB0900BDF81610ADF85400BE
:1070300001EB0800ADF85600BDF818100D98081ABD
:10704000BDF81A10ADF85800A1EB0B00ADF85A00CE
:10705000B16810460F46FAF719FD002891D015A81F
:10706000B060BDF90E10608D084400B2ADF80200AA
:10707000884203DDE18D401AADF80200E18D80B257
:107080000844401E31E000BFBDF90C10208D0844BB
:1070900000B2ADF80000884203DDA18D401AADF8C2
:1070A0000000A18D80B20844401E0DE06A460FA981
:1070B0003046636A0BF07CFCBDF800002844ADF854
:1070C0000000BDF804002844ADF80400BDF900003C
:1070D000BDF910108842E9DBBDF802102814014404
:1070E000ADF80210BDF806100844ADF80600BDF971
:1070F0000200BDF912108842C6DBB760D4E60DA8C5
:107100000BF034FF0DAA0021204613F0E9FF002008
:107110000090636A0DA930460C9A0BF08BFCC3E615
:10712000708002082DE9F04FD3B005460DF0D1FF75
:10713000044628460DF095FF4F9010A9204612F006
:107140008AFD002140F60A02204613F065FD05463F
:10715000002140F60B02204613F05EFDBDF8401002
:10716000BDF84420491BADF840102A44BDF8423018
:10717000ADF844201B1ABDF84650511A2844ADF80A
:107180004600C01A401C0FFA80FAADF84230D4E92C
:107190000A02491C0FFA81FBA2EB0008D34501DB70
:1071A000012100E00021894600213E9194F85C1005
:1071B00001F00301012908D1002806DA002A04DDC4
:1071C000216B814201D101203E900021204613F025
:1071D00027FC21900021204613F07DFC36900021F1
:1071E000204613F0E1FC20900021204613F0A1FB83
:1071F000359004F1340010A9139008F0ADFFA18E72
:1072000021980844A086218F3698081A2087E18E9D
:1072100020980144E186618F3598081A00B2608792
:10722000B9F1000F11D0E18E401A401C00B20428C1
:107230001DDAE18A0AEBDA726FF0010000EB6200FE
:107240000844E086001D608711E0218FA08E081A97
:10725000401C00B204280ADAA18A0BEBDB726FF043
:10726000010000EB62000844A086001D2087218FEA
:10727000A08E081A401C00B21890618FE08E081A88
:10728000401C00B22290B9F1000F05D004F138057E
:10729000DC48189F139E04E004F13606DA48229F6A
:1072A000351D3A90A36D581C14D0216DA06A626DF3
:1072B000091A101A7943784391FBF8F190FBF8F022
:1072C00009B200B2401A5843C21700EB126001EB3A
:1072D000202005E0216BA06A081A784390FBF8F0A3
:1072E00000B21690A26C501C14D0216CA06A636C82
:1072F000091A181A7943784391FBF8F190FBF8F0DA
:1073000009B200B2401A5043C21700EB126001EB01
:10731000202005E0D4E90910081A784390FBF8F022
:1073200000B23F902046002141F26A4213F074FC03
:10733000C0B2B9F1000F28D001280AD130462E463C
:1073400005463F98404200B23F901698404200B236
:10735000169031883F980844288031881698084450
:1073600030803E9888B3A06A4042784390FBF8F0A2
:1073700000B2B9F1000F15D031880844B5F90010FA
:1073800000B281420BDD308039E029883F98081A2D
:10739000401C308029881698081A2880E1E731803F
:1073A00028802CE02988081A401CB6F9001000B289
:1073B000814201DD288001E029803080B5F900108C
:1073C000B6F900008142EADB19E0FFE73A99139829
:1073D0008847012813DC35A84F9912F0E3F94FF4E0
:1073E00000304290894836900020379013983890AA
:1073F00035AA1A2120460DF071FE35AAFBE050A8EF
:10740000139908F0A9FE68460CF024FB4FF40035F0
:107410006A462946204613F006FF23A84F9912F02A
:10742000C1F94FF000087948CDE924083095CDF82E
:107430009CD013982690454623AA1A2120460DF089
:107440004DFE20466022294613F0E6FB05B2584661
:107450005146D34500DB0846B5EB600F00DD451013
:10746000229A1899BDF90000914200DB1146B0EB59
:10747000610F00DD4810B9F1000F02D0228FA18EFC
:1074800001E0628FE18E511A491C09B2B1EB400F45
:1074900018DD9DF8220012909DF803709DF81A6087
:1074A0008DF803808DF81A808DF822806946139A32
:1074B0004F980CF0BBFA12988DF803708DF81A6093
:1074C0008DF82200A18A219800230844ADF83401E8
:1074D000218B36982A46081AADF83801E18A20989F
:1074E0000844ADF83601618B3598081AADF83A01B9
:1074F0004DA947A80CF0DEF9002147A80BF08EFD3E
:1075000017909DF822608DF8228045468DF83680D0
:1075100010A90EA808F020FEBDF8381021980844E4
:1075200000B2ADF83800BDF83A20209911440BB2F2
:10753000ADF83A30BDF83C203699511A0AB2ADF890
:107540003C20BDF83E703599791A09B2ADF83E106D
:10755000B9F1000F12D0C81A401C00B204281FDA7B
:10756000E18A0AEBDA726FF0010000EB6200084476
:10757000ADF83A00001DADF83E0011E0101A401CB5
:1075800000B204280CDAA18A0BEBDB726FF0010069
:1075900000EB62000844ADF83800001DADF83C0077
:1075A000BDF90020002319A813990CF083F90021DC
:1075B00019A80BF033FD07460EAA69464F980CF048
:1075C00035FA8DF822608DF803508DF81A508DF839
:1075D00036506946139A4F980CF028FA19A80BF008
:1075E000E1FE47A80BF0DEFE38460CF00FFA1798C4
:1075F0000CF00CFA23AA1B2120460DF06FFD53B0AE
:10760000BDE8F08F23020108CB010108C87F020802
:107610002DE9F047B8B005460DF05BFD044628465D
:107620000DF01FFD82460021204613F08DF806461E
:10763000204613F03CFC0546204612F044FB8542F0
:1076400001DB012701E00027284694F85C10804602
:10765000002001F00301012906D1A16A002903DA03
:10766000E16A002900DD01208FB110B1606A0028B5
:107670000ADB012E03D100BFB4F9340001E0B4F9F4
:107680003800ADF800000BE0012EF8D0F4E710B19F
:10769000606A002801DBE08E00E0608FADF8020038
:1076A00017A80CF0D7F94FF4403517AA2946204601
:1076B00013F0B9FD3B4642466946204618F098FF54
:1076C00004F168006946814608F061FD514605A84D
:1076D00012F068F82F4806900020CDE9125017AD3F
:1076E000CDE908950790204616F0C0F8022806D08C
:1076F00005AA1A2120460DF0F1FC4A463DE0382249
:1077000017A926A810F00CFE05AA1A2120460DF094
:10771000E5FC4A4617A950460CF088F905AA1B213A
:1077200020460DF0DBFC4FB1012E02D0B4F934003D
:1077300001E0B4F93800ADF8000002E0608FADF868
:1077400002003B4642466946204618F051FF04F1CC
:1077500060006946064608F01AFD382226A917A8D7
:1077600010F0DEFD01200995CDE90706139005AA6A
:107770001A2120460DF0B2FC324617A950460CF0F3
:1077800055F905AA1B2120460DF0A8FC38B0BDE82C
:10779000F0870000FC8002082DE9F0438FB004461A
:1077A0000DF097FC054612F0CFFA074603A80BF040
:1077B000DDFB03AA0021384613F092FC20460DF0B1
:1077C00050FC816804460E4607F114020DA8FAF732
:1077D0005DF9002850D00DA8A0600BA9384606F02E
:1077E00091F9A88AADF80400E88AADF80600288B64
:1077F000ADF80800BDF82E00ADF80A0001AA104649
:10780000A168FAF743F94FF000090DF1040878B1C7
:10781000A7682846C4F808800FF036FE034605F135
:10782000140203A92046CDF800900BF003F9A760DD
:10783000A88AADF80400BDF83200ADF80600288B28
:10784000ADF80800688BADF80A0001AA1046A168DF
:10785000FAF71CF978B1A7682846C4F808800FF039
:1078600013FE034605F1140203A92046CDF800904B
:107870000BF0E0F8A760A6600FB0BDE8F083000051
:107880002DE9FF4F9FB0987B8A7E00F00F04DDF852
:10789000B0E00E46032C18D0012C1DD0022C21D0B4
:1078A000042C13D0082C7DD1A24D4FF0FF0A6101AA
:1078B000FD2A2FD2A04F3878904202D17868A0429A
:1078C00025D00020DFF874821FE00424994D4FF08A
:1078D000F00A103D1021EBE7964D4FF0800A163D5F
:1078E0000221E5E7934D4FF0C00A143D0421DFE784
:1078F00015F800C0BCF1FF0F1DD01CFB02FC4FEAC5
:107900001C2C00BF08F800C0401C8842F0D38B4DEF
:107910003A707C601F9AB3F8068018890790219905
:10792000926808FB04F0B1F90010B2F900309942F6
:1079300003DB002302E09446E4E75B1A9B46B2F9BE
:10794000043001EB08079F4201DC414601E0591A6F
:10795000491C89462199B2F90230B1F902109942C5
:1079600001DB002300E05B1A1193079BB2F90620AC
:107970000B44934201DC079901E0511A491C0A911A
:10798000119941430BFB04100EEBD00100F00707E7
:107990002C911C2115A810F0A1FDB089ADF85C0058
:1079A000B07E00E0C2E08DF86C00B07FC0F3C20092
:1079B0008DF86D00FBF720FB0AF096FD079A08FB97
:1079C00002F1814200DC08461C9010F0DFFB0790BA
:1079D000189021980026018801EB0B02ADF80C20CD
:1079E0000188A9F1010001442198ADF810104388E5
:1079F000119818448B1AADF81200ADF80E00ADF8CE
:107A00003810ADF834200A99ADF836005B1C0844F4
:107A10001BB2ADF83A000B930DA80BF0DFFC1D90E4
:107A200003A815901A90C4F1080008EB0B010F9001
:107A3000A1EB090060431290119860E033462AFAE6
:107A400007F059464FF0000C1FE02C9ADDF83C80FF
:107A50001278A8EB0708024032FA08F205D015F8B0
:107A60000280079A02F8068002E0079A02F806C030
:107A70000F9A974202D22744E04004E02C9A002754
:107A8000521C50462C92491C761C4945DDDB1D9842
:107A900080B10798BDF912201844BDF90C1080463A
:107AA0000B9B0BF05DFC8DF8640018B940460B99F8
:107AB00010F014FDA9EB0B0081191C98814205D22E
:107AC000BDF81200401CADF812000EE002208DF847
:107AD000640015A91F980CF0A9F9BDF81200401C0C
:107AE000ADF80E00ADF81200002612982C9938441B
:107AF00001EBD00100F0070701982C91401C0A9976
:107B0000019088429ADBBDF90E10BDF91200814246
:107B100009D0401EADF8120002208DF8640015A9AE
:107B20001F980CF083F9079810F07CFB23B0BDE898
:107B3000F08F00004E40020858000020E44D002065
:107B40002DE9F04F8346B1F902000C46401E41106A
:107B500000F001004618B2F90050B3F9000089B0F6
:107B6000854200DA2846ADF80000B2F90000B3F90A
:107B70000030984200DC1846401EADF804005088E2
:107B8000801BADF8020050880844ADF80600694635
:107B90000846DBF80820F9F779FF00281FD0E088B5
:107BA00018B1A08808B1012700E000270125684628
:107BB0000BF014FC00B907B100251C2102A810F03D
:107BC0008DFCCDF808D02088ADF81000207A6E46E4
:107BD0008DF8200035B102A958460CF027F909B0FC
:107BE000BDE8F08FBDF80410BDF90000BDF90680B6
:107BF000091A491C0DB2BDF80210ADF806104FF07D
:107C0000000A47B1B4F90610B4F90420114490FBFE
:107C1000F1F201FB120A284610F0B8FA0796059017
:107C20008146BDF902603EE02946484610F084FCDA
:107C3000BDF900102B4632B248460BF091FB8DF88F
:107C400018000FB300B3002150460B4617E000BFE9
:107C5000B4F90420824205DB121A1144104409B21F
:107C600000B208E0B4F906C06244824201DC0020A0
:107C700001E009F80130491C401C09B200B2A942D8
:107C8000E6DB02208DF8180002A958460CF0CEF869
:107C9000BDF80200401CADF80200BDF80600401C13
:107CA000ADF80600761C4645BEDD484610F0BAFA2F
:107CB00095E700002DE9FF4FB2F90240B3F90250F9
:107CC000C5B0AC4208DA128864F31F4062F30F00BB
:107CD00065F31F411A8807E01B8865F31F4012886F
:107CE00064F31F4163F30F0062F30F010FFA81F990
:107CF00004B20514A9EB04064FEA214AAAEB0507D2
:107D00000391002E01DD314600E07142002F01DDBC
:107D1000384600E07842814201DD012000E0002089
:107D200015904698B0F90210159858B1002F01DD52
:107D3000384600E078424201002E01DD30460CE07A
:107D400070420AE0002E01DD304600E07042420140
:107D5000002F01DD384600E0784292FBF0F0AB4A9C
:107D6000105C10FB01F03F30C0114FEA600800F0DA
:107D7000010202EB080B49464C4500DA2146A1EB13
:107D80000001ADF8581001DD214600E049460144EC
:107D9000ADF85C105146554500DA2946A1EB0001CB
:107DA000ADF85A1001DD294600E051460844ADF80F
:107DB0005E00459816A982680846F9F767FE002814
:107DC0007ED01598002100287BD0002E16DDAAEB6E
:107DD000080000B2CDE90001A5EB080002B24B4655
:107DE000214620A80BF09EFB0AEB0B00012100B2FC
:107DF000CDE900014B4605EB0B0015E00AEB0B004B
:107E000000B2CDE9000105EB0B0002B24B46214662
:107E100020A80BF087FBAAEB0800012100B2CDE9F6
:107E200000014B46A5EB080002B221460AA80BF060
:107E300079FB002120A80BF0F1F8189000210AA886
:107E40000BF0ECF8159046984FF0FF39C846407A91
:107E5000C00623D4A819032100B2CDE90001E01B1C
:107E600003B22A4621462BA80BF05CFB03990220A3
:107E70000A14911909B2CDE90010039801B2C81B88
:107E800003B236A80BF04EFB00212BA80BF0C6F86E
:107E90008146002136A80BF0C1F88046BDF85C0091
:107EA000BDF85810401A401C04B2FBF7A5F80AF0C0
:107EB0001BFB054616A808F08EF9A84206D201E081
:107EC000A1E027E016A808F086F90546AA4628464C
:107ED00010F05CF98346BDF95E70BDF85A00ADF84C
:107EE0005E0000255146584610F026FB1C2119A8BB
:107EF00010F0F4FA16A9199146980088ADF86C00B4
:107F00004698BDF95A60007A8DF87C00CDF870B0C3
:107F10001E9145E009EB0B00CDE900A103B204EB93
:107F20000B0001B22A4620A80BF0FCFA0121A9EBB4
:107F30000800CDE900A103B2A4EB080001B22A4673
:107F400074E700BFBDF958100BEB0500234632B2B1
:107F500007900BF005FA8DF8740018B921460798C0
:107F600010F0BCFA25442919514505D2BDF85E0030
:107F7000401CADF85E0012E002208DF8740019A9D3
:107F800045980BF053FFBDF85E000025401CADF88E
:107F90005A00ADF85E005146584610F0CDFA761CF6
:107FA000BE42CFDDBDF95A10BDF95E00814209D055
:107FB000401EADF85E0002208DF8740019A94598A6
:107FC0000BF034FF584610F02DF920A80BF0EAF919
:107FD0000AA80BF0E7F9B9F1FF3F02D02BA80BF08C
:107FE000E1F9B8F1FF3F02D036A80BF0DBF91898A1
:107FF0000BF00CFD15980BF009FD48460BF006FD43
:1080000040460BF003FD49B0BDE8F08F4E41020839
:108010002DE9F04F8346B1F902000C46401E411095
:1080200000F00100158889B00844281AADF8000056
:1080300010880844ADF80400B2F90210B3F9020048
:10804000814200DA0846ADF80200B2F90200B3F945
:108050000210884200DC0846401EADF80600694662
:108060000846DBF80820F9F711FD00281FD0E0884A
:1080700018B1A08808B1012600E000260127684653
:108080000BF0ACF900B906B100271C2102A810F0D2
:1080900025FACDF808D02088ADF81000207A6D467A
:1080A0008DF8200037B102A958460BF0BFFE09B089
:1080B000BDE8F08FBDF80400BDF80010BDF90670F2
:1080C000401A401C0FFA80F9BDF80200ADF8060016
:1080D000484610F05BF8824605900795002056B19F
:1080E000B4F90600B4F904100844BDF9021091FB7C
:1080F000F0F200FB12108046BDF9025031E0494613
:10810000504610F019FABDF900104B462AB25046FD
:108110000BF026F98DF81800A6B178B1B4F9041067
:10812000414502DA00208DF81800B4F90600B4F9D0
:1081300004100144414501DC4FF0000808F1010042
:108140000FFA80F802A958460BF070FEBDF8020045
:10815000401CADF80200BDF80600401CADF806005A
:108160006D1CBD42CBDD504610F05CF89FE77CB53E
:1081700005460CF0AEFF446A28460CF072FF626AB6
:108180000546816868461432F9F780FC002835D02E
:10819000AE68C5F808D094F83C00800621D5628FFF
:1081A000E08E824208D1212329462046FDF760FF58
:1081B0002046628F21231DE0202329462046FDF71B
:1081C00057FF2046628F20232946FDF7A3FF204654
:1081D000E28E01232946FDF74BFF2046E28E012364
:1081E00008E02046628F20232946FDF741FF628F79
:1081F000204620232946FDF78DFFAE607CBD0000A0
:108200002DE9F04FD5B005460CF063FF0446008E13
:1082100000287DD028460CF024FF4F90608C49A99F
:1082200040F004006084204611F015FD0025278CE5
:108230002584608CA94640F004012E46C84661841E
:1082400033A80BF007FC41A80AF090FE4FF4A02AD7
:1082500033AA5146204612F0E6FF41AA5146204675
:1082600012F03EFF608C002120F004006084204664
:10827000278412F0A0FC53900021204612F060FBEE
:1082800052900021204612F0D2FB5190002120464E
:1082900012F028FC509020A84F9911F083FAB548AD
:1082A000CDF8B4A0CDE9210812A824900AA8259001
:1082B00054E1761CB6B2606AAFA150F82600F8F718
:1082C0004BF90028F5D0E06A30F81500C0F3C00182
:1082D000002974D18846C0F3C01109B14FF00108DC
:1082E000C0F3401010B148F0800014E0A08EA84206
:1082F00012D1B80601D548F02008B80701D548F0DA
:108300000208780701D548F00408380704D500E0D2
:108310002CE148F008008046A06A00EBC50103A8E4
:1083200007F023FFBDF80C10BDF82401B8F1000FD1
:108330000144ADF80C10BDF80E20BDF826110A441A
:10834000ADF80E20BDF810201044ADF81000BDF8B7
:1083500012000844ADF8120026D0A4F82080608CEA
:1083600040F00401618412A80BF074FB0AA80AF023
:10837000FDFD12AA5146204612F055FF0AAA5146A9
:10838000204612F0ADFE2784608C20F00401618449
:10839000E06A30F81500C0F3003000289DF8450071
:1083A0000ED040F001000DE0382233A912A80FF0E2
:1083B000B7FF202241A90AA80FF0B2FFE8E7C9E001
:1083C00020F001008DF8450003A8239020AA1A216F
:1083D0002E9520460CF082FE9DF86B004108C906E0
:1083E0003CD520F03E001E308DF86B00B4F91430FF
:1083F0005199BDF90C2019448A4203D120F008009C
:108400008DF86B00B4F918205098BDF91010101AAF
:10841000814205D19DF86B0020F010008DF86B00B3
:10842000B4F916205398BDF90E101044814205D1BD
:108430009DF86B0020F004008DF86B00B4F91A2051
:108440005298BDF91210101A814207D19DF86B00A5
:108450008108490061F345008DF86B00BDF81210EA
:10846000BDF90E00091A491C0FFA81FB5FEA886109
:1084700008D5E16A31F81510890503D5A0EB0B008A
:10848000ADF80E0003AA12A94F980BF0CFFA606A5C
:10849000BDF93C30BDF93A1050F826000890BDF8FF
:1084A0002801BDF824C10A9AA0EB0C00401C00B2C0
:1084B000CDE900109DF845C0CDF808C054A8089932
:1084C00017F0D8F9BDF81010BDF80C00BDF9503107
:1084D000091A491C09B2C91A01EBD17100EB6100FC
:1084E000ADF80C00BDF81210BDF80EC0BDF9522158
:1084F000A1EB0C01491C09B2891A01EBD1710CEBFB
:10850000610109B21844ADF81000881802B2ADF844
:108510000E10ADF812205FEA88600ED5E06A30F8E0
:108520001500800509D50BEBDB70A1EB6001A2EB18
:108530006000ADF80E10ADF81200CDF8009003AA5F
:108540000AA9089B4F980AF075FA20AA1B21204619
:108550000CF0C4FD6D1C761CADB2B6B2208EA842E4
:108560003FF6A9AE608C20F00400608455B0BDE8F1
:10857000F08F0000008002080A0000002DE9F04F93
:10858000A7B005460CF0A5FD044628460CF069FD91
:1085900022900021204612F012F90546002141F6F2
:1085A0001202204612F038FB28440FFA80FB00210B
:1085B00041F61302204612F02FFB28440FFA80FAEE
:1085C0000021204612F005FB28440FFA80F918A874
:1085D0000AF0CCFC18AA4FF40031204612F080FDBE
:1085E000A06A08B1179009E080200FF0CFFD054682
:1085F0000146802220460CF007FB179594F83C00BA
:10860000002700F00F00012800D10127204600219B
:1086100041F26A4212F000FBC0B2012800D10127EA
:10862000E06A002869D00EF01EF9804602280DD0BD
:1086300002A9E06A0DF07AFE01281BD04FF0FF3648
:108640003546E7B1A18A01EB0B001CE0BDF97200D1
:108650009DF87D2041F6FF718DE80700BDF974306B
:10866000189A15A8E16A17F005F9BDF95460BDF92B
:108670005650E6E70298C0F38A26450DE1E7218BC4
:10868000A1EB0A00801B711EADF814000844ADF880
:108690001800B8F1020F5ED0204611F014FB401B09
:1086A000E18A00EBD07001EB6000ADF81600691EA6
:1086B0000844ADF81A0011A80AF0A2F94FF40038E6
:1086C00011AA4146204612F0C2FC06EBD6704010BB
:1086D000ADF8480005EBD5704010ADF84A002046D3
:1086E00043F60F02414612F097FAADF8440005AA8E
:1086F00011A9E36A22980AF05BF909A80AF036FC8E
:1087000009AA0021204612F0EBFCBDF936009DF8C5
:10871000412041F6FF718DE80700BDF9383007A808
:10872000099A179917F0A6F8E18A01EB0900BDF83C
:108730001E10ADF80E000844ADF81200E06AE0B17A
:108740003FB3218BA1EB0A00BDF81C10B0EB010078
:10875000ADF80C0024E0E18A6D1E01EB0900ADF8D4
:1087600016002844ADF81A000020009005AA18A9A8
:10877000E36A22980AF05EF9BFE7204612F097FB01
:10878000BDF91C10A28A401A00EBD07002EB600009
:10879000DEE7A18A01EB0B00BDF81C10ADF80C0060
:1087A0000844ADF810000020009003AA09A9179B07
:1087B00022980AF03FF9A06A002802D117980FF01A
:1087C00031FD27B0BDE8F08F2DE9F04798B00546A0
:1087D0000CF07FFC044628460CF043FC06460FA92B
:1087E000204611F0D6F994F848000025C10600D5BE
:1087F0000125800601D545F002050021204612F032
:1088000041FBA0F51C51D13904D1608C400501D445
:1088100045F0040507A80AF0A9FBB4F84400ADF838
:108820003200B4F84600ADF834008DF8395007AA8C
:108830000021204612F054FC9DF83800012708B9A9
:108840008DF83870E06B0890206C099008994FF60D
:10885000FF70814219D00999814216D04FF48028C7
:10886000204644F25742414612F0D6F90090BDF836
:108870000000ADF82A0020462022414612F0CCF933
:108880000090BDF80000ADF82C0094F8480041F6C7
:10889000FF7A00F00700022801D003281ED19DF8BE
:1088A0003800022801D0032818D1BDF92E100295F6
:1088B000CDE9001ABDF93030079A16A8616A16F0A2
:1088C000D9FFBDF84000BDF83C10401A401CBDF96E
:1088D000581000B2884201DA8DF8387094F84800D8
:1088E00004F1300700F00700032809D0BDF842006A
:1088F000BDF83E10401A401C00B2B0F5806F00DA9F
:1089000000270FA914A8B268F9F7C0F800287DD095
:1089100094F8480040070BD1204611F067FB404215
:1089200002B200210FA807F08FFC608BADF8420067
:1089300094F848000DF1500900F00700022813D008
:10894000032811D000970FAA07A93046636A0AF0DE
:1089500071F8B068C6F80890804694F8480000F0B6
:10896000070003280FD05FE0D6F80880C6F808900B
:1089700000970FAA07A93046636A0AF05BF84046E1
:10898000C6F80880E6E7BDF92E100295CDE9001A79
:10899000BDF93030079A06A8616A16F06BFFBDF882
:1089A0004000BDF83C10401A401CBDF9181000B240
:1089B000884219DA2022114607980CF06AFCB4F8B4
:1089C0004410BDF8182000EB400011440844ADF8F5
:1089D0003200B4F84600ADF8340000970FAA07A99A
:1089E0003046636A0AF026F8BDF84200BDF83E1032
:1089F000401A401C01B2BDF91A00814214DAB4F8E1
:108A00004410ADF832100799098900E00EE0B4F87F
:108A10004620009710440844ADF834000FAA07A977
:108A20003046636A0AF006F8C6F8088018B0BDE858
:108A3000F0872DE9F04397B007460CF00CFB054694
:108A400038460CF046FB04464FF48026152D7DD0A9
:108A5000182D7CD138460CF004FB054607A80AF017
:108A600085FA07AA3146204612F03AFB13A92046A0
:108A700005F048F813AA15A8A968F9F707F800281F
:108A800065D0204604F0AAFD8146204612F00FFA78
:108A9000064648460EF0F8FCBDF92E10CDE900164A
:108AA000022202920146BDF9303005A8079A16F05D
:108AB000E1FE204611F007F9B4F9161000EBD0766C
:108AC000B9F9160001EB6601471A484611F0FBF8A8
:108AD000B90391FBF0F70021204612F042F9079903
:108AE000B0F90800B1F90810081A00EBD070BDF811
:108AF00016104010091A09B2ADF81610E28A79432F
:108B000002EB660202EBA1310F1A0021204611F0A0
:108B10005DFE80462046002141F6120212F07CF8EC
:108B200006462046002141F6130212F075F8A28A8B
:108B300006EB08011144ADF84010ADF84270218BEE
:108B4000081AA0EB0800ADF8440001E01DE019E0B0
:108B5000BDF816003844ADF846009DF8390040F0E5
:108B600002008DF8390015A8AC68A86048460EF0E0
:108B70008BFC03460020009010AA07A9284609F0A4
:108B800059FFAC6017B0BDE8F08338460CF069FAC5
:108B9000054610A9204604F0B5FF68460AF05AFFC2
:108BA0006A463146204612F03EFB10AA6946284626
:108BB0000AF03CFFE6E72DE9F043ABB005460CF0C8
:108BC00088FA044628460CF04CFA814600212046DB
:108BD00011F042FF07460021204611F098FF06469B
:108BE0000021204612F003F805460021204611F02E
:108BF000BCFEA18AE28AADF88A20238BADF88C30C6
:108C0000B4F81AC03944ADF88810991BADF88C102F
:108C1000ACEB00005119ADF88E00ADF88A1006A833
:108C20000AF018FF06AA4FF40031204612F0FBFAB2
:108C300022AA06A948460AF0F9FE204611F043F898
:108C40000546208BA18A411A491C481B06B2606A5E
:108C5000411C06D07043C11700EB116040F30F2791
:108C600008E0204611F024FD10F0010F01D0374636
:108C700000E000272046002141F26A4211F0CCFFBB
:108C8000C0B2012801D1F01B07B2A08A3844ADF868
:108C900000002844ADF80400E08AADF80200608BC3
:108CA000ADF806004FF440373946204611F0D4FEA7
:108CB00006463946204611F02AFF804639462046AE
:108CC00011F095FF05463946204611F04EFEBDF8DD
:108CD0000010BDF80420891BADF8001002EB08015C
:108CE000ADF80410BDF80210491BADF80210BDF834
:108CF00006100844ADF8060014A80AF0ABFE14AA4A
:108D00003946204612F08FFA6A4614A948460AF0FE
:108D10008DFE2BB0BDE8F0832DE9F04FE5B00546A0
:108D20000CF0D7F9044628460CF09BF9834682687C
:108D300004F1140116A8F8F7A9FE00287ED0DBF88C
:108D40000800089016A9CBF808102046002141F22F
:108D5000320211F061FF00B25B900021204611F059
:108D60004DFF5F900021204611F006FE619000212A
:108D7000204611F078FE5E900021204611F0CEFED4
:108D80004FF4A0255D902946204611F06CFE0D9011
:108D90002946204611F0C2FE0A902946204611F0CD
:108DA0002DFF15902946204611F0E6FD1490208CE9
:108DB00000260E902684608C40F00401618428A86F
:108DC0000AF048FE28AA2946204612F02CFA18A8D4
:108DD0000AF0CCF818AA2946204612F081F90E981C
:108DE0002084608C002720F004006084204611F06D
:108DF0000BF9E28A5F991144091A5B980844401EF6
:108E0000ADF81600204611F0F8F85C9000212046DD
:108E100011F0A1FC012800D000205A90594637A833
:108E200010F0C0FC4FF4A0204490E048389000209F
:108E3000399049A83B9020A83C9000E093E00020A6
:108E400089E0E16ABDF8160031F919105791401C0C
:108E500000B2491E0144ADF81610BDF95E10ADF820
:108E6000120088427CDC5A9850B1218B5D98091A17
:108E70005C98091A5B98081A401EADF8100009E0CA
:108E8000A18A5E9801445C98091A5B980844401EC8
:108E9000ADF81400002558E0A06A4FF0000A50F821
:108EA000270008B190F800A05A9860B1BDF81000F2
:108EB000401EADF81400216B31F81510401A401C0B
:108EC000ADF810000BE0BDF81400401CADF8100028
:108ED000216B31F815100844401EADF8140000262F
:108EE00021E0A16AB81951F8200008B390F800A059
:108EF0005FEACA701CD05A98216B002805EB060265
:108F00004FF0020000EB4200085A05D0BDF81010E7
:108F1000081AADF8100004E0BDF814100844ADF8CC
:108F20001400761CB6B2A08C7119401E8142D8DBA9
:108F3000BDF91600BDF95A10884217DAB819401C5D
:108F400087B2A81980B2401C85B2A08CA842A3D8D1
:108F500009F1010080B2E18C814649453FF671AFCD
:108F60000898CBF8080065B0BDE8F08FBDF9102077
:108F7000ADF83C20BDF91210ADF83E10BDF91480DB
:108F8000ADF84080ADF8420086469DF8C300C0F3BE
:108F9000440043070DD5B4F914C05E9B63449A4264
:108FA00007DDBDF9C03003EBD373A2EB6302ADF86C
:108FB0003C2082070DD5B4F916305F9A1A449142CD
:108FC00007DDBDF9C02002EBD272A1EB6201ADF862
:108FD0003E10010711D5B4F918205D99511A491EA8
:108FE00088450ADABDF9C01001F0010201EBD17128
:108FF00002EB61014144ADF84010C00712D0B4F952
:109000001A206198101A401E86450BDABDF9C0007F
:1090100000F0010100EBD07001EB600101EB0E00EC
:10902000ADF84200E28E00214A4569D1A08EA842E7
:1090300066D1208C420602D4820600D52021820708
:1090400001D541F00201420701D541F004010007BA
:1090500001D541F00801E9B32184608C40F004019E
:10906000618449A80AF0F6FC20A809F07FFF4FF4BC
:10907000A02849AA4146204612F0D5F820AA414628
:10908000204612F02DF80E982084608C20F0040108
:1090900061840FA83A90A18C37AA09FB0150459032
:1090A0001A2120460CF01AF80FAA49A958460AF0CE
:1090B000BDFCA06A50F82700F0B3BDF810100D9861
:1090C000084403B2BDF814100A98ADF84430081AE9
:1090D00002B200E014E0BDF812101598ADF8482077
:1090E0000844ADF84600BDF816101498081AADF8FB
:1090F0004A00CAF340005FEA00080CD002210BE0EE
:10910000382228A949A80FF00BF9202218A920A875
:109110000FF006F9BDE70021D01A401CBDF99220DE
:1091200000B20092CDE90101A06ABDF9943050F877
:10913000271060A8491C00E031E0189A16F09AFB4D
:10914000B8F1000F14D15798BDF98221BDF8121063
:1091500000EBD07301EB630002EBD272A0EB620074
:10916000ADF84600581000EB62000844ADF84A0024
:1091700004AA16A962A8F8F789FC80B162A90020A8
:10918000CBF808100090A06A11AA20A950F8273047
:1091900058465B1C09F04EFC16A9CBF8081037AAFC
:1091A0001B2120460BF09AFFC8E60000348102081C
:1091B0002DE9F04F8B46074690881188A9B0401AD8
:1091C000401C00B200EBD07046108819ADF8780052
:1091D00050883044ADF87A0020A809F0FFFE4FF423
:1091E000A02420AA2146384611F0C9FF18A809F08A
:1091F00007FC18AA2146384611F029FF00213846FD
:1092000011F051FB8246594602A810F0CBFA604893
:1092100003901EA80B9007F130002490F9F79CFCF6
:10922000AFE0256813942079012801D0A0B3A4E011
:10923000B5F92030E88B18440090D5E90512E068B4
:109240000EF066FFA98B628A00B211448D19804628
:1092500016F04CFA10FB05F147F6FF7991FBF9F097
:10926000BDF87A100844ADF89A00404616F03AFA74
:1092700010FB05F191FBF9F0BDF878100844ADF84A
:109280009800A08AADF88000208AADF8820060794D
:10929000FD2802D9504603E016E010FB0AF0000A50
:1092A0008DF888000120109020A8089026A80C9026
:1092B00002AA1A2138460BF011FF26AB1EAA20A9DC
:1092C000584609F07EFE53E02069E0B3B5F920303E
:1092D000E88B18440090D5E90512E0680EF018FFFD
:1092E000054625A920690DF021F8BDF87800A18A6E
:1092F000411AADF85810BDF87A00E28A801AADF82C
:109300005A00259AC2F38A235B1E1944ADF85C10FB
:109310004FF0FF3101EB52510844ADF85E00607927
:10932000FD2801D9504602E010FB0AF0000A8DF832
:109330006B00A08AADF86400E08AADF8660005EB2A
:109340008500400000E018E0B0F5616F01DDA0F598
:109350006160ADF8600018A8099002AA1A21384689
:109360000BF0BCFE16AA18A95846236909F020FB89
:1093700002AA1B2138460BF0B1FE21462498F9F7CA
:10938000E8FB04007FF44DAF29B0BDE8F08F00008A
:109390001C47020830B5054691F82A0089B00C46F2
:1093A00002285FD9E08C00285CD0114604A806F0A2
:1093B000B8FE208DBDF81010401E091AADF810102F
:1093C000BDF81210091AADF81210BDF814100144BE
:1093D000ADF81410BDF816100844ADF8160004A935
:1093E00006A806F09EFEBDF81810E08CBDF812200D
:1093F000091AADF81810BDF81C100844ADF81C008F
:10940000BDF81A00E18C401AADF81A00BDF81E0034
:10941000E18C0844ADF81E00BDF81400BDF8101032
:10942000401ABDF81610401C891A491C00B209B236
:10943000B4F90020884200DA0146B2EB610F00DD8A
:109440004A10E08CA178104403B294F82A00CDE9C8
:109450000201A08CADF80400009204AA06A92846D7
:10946000FCF738FB09B030BDF8B504460BF031FE0F
:10947000064620460BF02BFE0446406BB0F5A02FAD
:1094800051D1A06B0025072805D22069C57020693D
:1094900080F8225012E081B22022304607F0D2FB41
:1094A00060B12069C570206980F82250122013F045
:1094B0003FFA00906069BDF800108181208F4FF461
:1094C000004281B2304607F0BDFB98B121696620A9
:1094D000C870304615F07AFE00902069BDF8001083
:1094E0008180304607F0ACFBA16B884202D1216934
:1094F000B220C870208F4FF4804281B2304607F00E
:10950000A1FB00280FD02169FF2081F822003046FE
:1095100015F05CFE00902069BDF80010C183216940
:10952000088C401C0884F8BD2DE9F0418CB005463C
:109530000BF0CFFD044628460BF093FD8046606A91
:109540000DF0A2FF007800283BD1A06A002838D097
:109550000078002835D001A809F008FD01AA4FF4D1
:109560000021204611F0BCFD94F85C00000705D5F1
:109570009DF8210040F002008DF8210000212046D6
:1095800011F078FA07460021204611F03EFB06460E
:109590000021204611F021F9054604F1140109A823
:1095A00006F0FEFD701902B2781901B209A806F0A2
:1095B0004BFE0020009009AA01A94046A36A09F0C9
:1095C00039FA0CB0BDE8F0817CB504468069618948
:1095D0006D468668A08961B1002865D0814203D1BB
:1095E0002289E3889A427CD302297BD003297AD04E
:1095F000AFE010BBE088218988421ED2B4F9060092
:1096000016F074F8B4F90410B4F90E20891A48431E
:109610002168498801EBE030ADF80200E0885A305B
:1096200000B216F063F8A18810FB01F021680988E8
:1096300001EBE030ADF8040040E020680088ADF8B0
:1096400000002068A18840880844ADF80600B4F9FD
:10965000060016F04BF8B4F90410B4F90E20891A7C
:1096600048432168498801EBE030ADF80200E0880A
:109670005A3000B216F03AF8A18810FB01F02168C8
:109680003246098801EBE030ADF80400694608462F
:10969000F8F7FCF930B1A0696A4685602169A069D4
:1096A0000AF0C4F9A08970BB2068A188008808442A
:1096B000ADF8040020684088ADF80200B4F9080055
:1096C00016F014F8A18810FB01F02168498801EB1D
:1096D000E030ADF8060020895A3000B216F006F8E6
:1096E00002E015E012E00FE0B4F90410B4F90E2026
:1096F000891A484321683246098801EBE030ADF809
:10970000000069461AE024E0022801D0012820D197
:10971000206832460088ADF8000020684088ADF827
:1097200002002068A18800880844ADF80400206881
:10973000A18840880844ADF8060029460846F8F795
:10974000A5F930B1A0696A4685602169A0690AF06F
:109750006DF9A06986607CBD7CB50446806961892D
:109760006D468668A08901290CD0012867D0814206
:1097700003D12289E3889A427ED300297DD0032930
:109780007CD0B5E0012822D1E088218988421ED210
:10979000B4F9060015F0AAFFA18810FB01F02168BA
:1097A000498801EBE030ADF80600E0885A3000B29D
:1097B00015F09CFFB4F90410B4F90E20891A48433F
:1097C0002168098801EBE030ADF8040042E0206830
:1097D000A1880088401AADF8000020684088ADF8E4
:1097E0000200B4F9060015F081FFA18810FB01F01A
:1097F0002168498801EBE030ADF80600E0885A3076
:1098000000B215F073FFB4F90410B4F90E20891AF0
:10981000484321683246098801EBE030ADF8040086
:1098200069460846F8F732F930B1A0696A468560A2
:109830002169A0690AF0FAF8A089012858D12068A6
:109840000088401EADF804002068A18840880844C4
:10985000ADF80600B4F9080015F048FFB4F904109B
:10986000B4F90E20891A48432168498801EBE03099
:10987000ADF80200208902E018E010E014E05A3050
:1098800000B215F033FFA18810FB01F021683246C9
:10989000098801EBE030ADF8000069461DE00228C0
:1098A00004D0032802D023E0022821D12068A18817
:1098B00032460088401AADF8000020684088ADF8B4
:1098C000020020680088401EADF804002068A188CE
:1098D00040880844ADF8060029460846F8F7D6F84F
:1098E00030B1A0696A4685602169A0690AF09EF8D6
:1098F000A06986607CBD7CB50446806961896D463F
:109900008668A08902290CD002287ED0814203D12A
:109910002289E3889A4279D3002978D0012977D027
:10992000D4E002283FD1E088218988423BD25A30D6
:1099300000B215F0DBFEA18810FB01F02168098858
:1099400001EBE030ADF80000B4F9060015F0CEFEF2
:10995000B4F90410B4F90E20891A484321684988E3
:1099600001EBE030ADF80600B4F9080015F0BEFEDA
:10997000A18810FB01F02168498801EBE030ADF8C7
:10998000020020895A3000B215F0B0FEB4F904107C
:10999000B4F90E20891A48432168098801EBE030A8
:1099A000ADF8040066E020680088401EADF80400B1
:1099B0002068A1884088401AADF80200E0885A303B
:1099C00000B215F093FEA18810FB01F02168098810
:1099D00001EBE030ADF80000B4F9060015F086FEAA
:1099E000B4F90410B4F90E20891A484321683246AC
:1099F000498801EBE030ADF8060069460846F8F703
:109A000045F858B1A069856003E00AE03BE034E026
:109A100036E06A462169A0690AF008F8A0890228A0
:109A200054D12068A1880088401AADF80000206851
:109A30004088401EADF8060020895A3000B215F06B
:109A400055FEB4F90410B4F90E20891A4843216870
:109A5000098801EBE030ADF80400B4F9080015F016
:109A600045FEA18810FB01F02168498801EBE03038
:109A7000ADF80200324669461DE0032803D025E018
:109A8000032800D010BB2068A18832460088401A05
:109A9000ADF800002068A1884088401AADF80200A7
:109AA000206829460088401EADF8040020684088E0
:109AB000401EADF806000846F7F7E8FF30B1A06990
:109AC0006A4685602169A06909F0B0FFA0698660D7
:109AD0007CBD7CB50446806961896D468668A08935
:109AE00003290ED0032867D0814203D12289E3885D
:109AF0009A427ED302297DD001297CD002297BD0D5
:109B0000B1E003281FD1E088218988421BD25A3056
:109B100000B215F0EBFDB4F90410B4F90E20891A67
:109B200048432168098801EBE030ADF80000B4F942
:109B3000060015F0DBFDA18810FB01F021684988C3
:109B400001EBE03040E02068A18800880844ADF8CF
:109B5000040020684088401EADF80600E0885A30B6
:109B600000B215F0C3FDB4F90410B4F90E20891A3F
:109B700048432168098801EBE030ADF80000B4F9F2
:109B8000060015F0B3FDA18810FB01F021683246F4
:109B9000498801EBE030ADF8020069460846F7F766
:109BA00075FF30B1A0696A4685602169A06909F036
:109BB0003DFFA089032856D120680088ADF8000039
:109BC0002068A1884088401AADF8020020895A30E8
:109BD00000B215F08BFDA18810FB01F02168098807
:109BE00001EBE030ADF80400B4F9080015F07EFD9B
:109BF00003E016E010E013E00FE0B4F90410B4F94C
:109C00000E20891A484321683246498801EBE0302A
:109C1000ADF8060069461BE018B1012801D022E02A
:109C200008BB206832460088ADF800002068A18893
:109C30004088401AADF802002068A18800880844D6
:109C4000ADF80400206829464088401EADF80600A3
:109C50000846F7F71BFF30B1A0696A4685602169A5
:109C6000A06909F0E3FEA06986607CBD70B5A4B070
:109C70000C46054620AA22A910F0CEF922A806F02B
:109C8000AAFA20B920A806F0A6FA00283ED012A908
:109C9000284617F071FA012838D1214668460FF09E
:109CA00081FD1B4801900220029012A804904FF4FD
:109CB00080300D9022A806F08EFA80B122A8039081
:109CC0006A461A2128460BF009FA22AA12A9204650
:109CD00009F0ACFE6A461B2128460BF0FFF920A8CC
:109CE00006F079FA002811D020AE6A461A212846DB
:109CF00003960BF0F3F920AA12A92046039609F067
:109D000095FE6A461B2128460BF0E8F924B070BD89
:109D1000144002082DE9F04F0F468A68B5B004469A
:109D200000F1140115A8F7F7B1FE002874D0B86847
:109D30002F9015A8B8600021204610F05CFE064662
:109D40000021204610F01BFF824620460FF069FFDD
:109D5000B4F88410484340F30F2920460FF047FF22
:109D6000B4F88610484340F30F20189004F1240003
:109D70001790F8F7DCFE05460021204610F011FE92
:109D8000B4F8841048434FEA2028B4F88200C0F1A8
:109D9000010303FB089191FBF0F001B2B1FBF5F078
:109DA00000B24FF4A0252D902946204610F0F9FD71
:109DB000B4F88410484300123290204610F04AF85C
:109DC000301A0FFA80FB204610F010F9AAEB0000C1
:109DD00000B231901AA809F03DFE1AAA2946204681
:109DE00011F021FA9DF8770020F007008DF8770038
:109DF000FF208DF86B00608BBDF868100844ADF84B
:109E0000AE00394601A80FF0CDFC4848029004206E
:109E10000E95002603907FE085E000BF09EB080166
:109E2000714391FBF0F101EB0B00A18A0F960844FE
:109E30000FFA80FA1798F8F78FFE69E0287BC007C1
:109E400062D194F88800000701D4688900E00020FE
:109E50002D9A329B524401B2D31A5046ADF8A8A0B5
:109E60005B1E0FFA82FA1BB2BDF95420ADF8AC307C
:109E7000934249DBBDF9582090424BDC2889ADF86C
:109E80006C00B4F88200314491FBF0F200FB121038
:109E90002A7B6968C2F3001304EB430200B232F973
:109EA0006C3F31F91010B2F90420C91ADDF860C016
:109EB000D21A01FB0CF191FBF2F2319BE18AACEB7F
:109EC00002021A441144ADF8AA10696831F9101061
:109ED000A1F5FE42FF3A17D02AA904911AA91295BA
:109EE0000591696801AA31F9100011901A212046E4
:109EF0000BF0F4F82AAA1AA9384609F097FD01AA2E
:109F00001B2120460BF0EAF829461798F8F721FEA6
:109F1000050093D1761CB6B2B4F88200B0423FF689
:109F20007DAF2F98B86035B0BDE8F08FE4410208EE
:109F30002DE9F04F89468A6800F11401C1B0054649
:109F40000F463CA8F7F7A2FD00287CD03CA9D9F821
:109F500008A0C9F80810B5F88200022873D30021C0
:109F6000284610F025FC04460021284610F043FD49
:109F700006190021284610F002FE044428460FF07E
:109F800050FEB5F88410484340F30F200F90284648
:109F90000FF02DFEB5F88610484340F30F200990CE
:109FA00028460FF057FFA98A3144081A00B23990A9
:109FB000284610F01BF8E98A2144081A00B23A90AA
:109FC00039463EA8D9F80820F7F760FD00283AD0B6
:109FD00027A809F003F827AA4FF4A021284611F07A
:109FE000CEF82AA809F036FD4FF400342AAA2146FB
:109FF000284611F018F92146284610F03CFF00EBE6
:10A00000D07047102146284610F015FC00EBD070A8
:10A0100041108B46BDF99E005F4500DA394600EBE2
:10A02000D072B1EB620F05DD9DF8A51041F0100173
:10A030008DF8A510012805D19DF8A50040F010006D
:10A040008DF8A50000E087E1B5F882100F988142F5
:10A0500001DB012000E000203B9005F12400389056
:10A06000F8F77AFD73E1207BC0077CD12089ADF839
:10A070009C002089ADF8AC0095F88800000701D459
:10A08000608900E0002000B20C903998ADF818000B
:10A09000ADF808000C98059013906168099B31F9A0
:10A0A0001000217BC1F3001205EB420131F96C2F46
:10A0B000B1F90410801A5843891A90FBF1F0191A6B
:10A0C0003A980844ADF80A00494614A80FF06AFB14
:10A0D000A3481590032016904FF4A020219027A8A4
:10A0E0001A902AA825941890BDF90A00039000261A
:10A0F0000790E9E0BDF90810ADF81810BDF80A00A6
:10A10000ADF81A00BAF90420781C104481427BDCB7
:10A110000F98B5F882207043531E90FBF3F33998E3
:10A12000184400B2ADF808000C9B334493FBF2FCDA
:10A1300002FB1C3212B205926368DDF824C033F9C9
:10A140001220237BC3F3001305EB4303B3F96C80A8
:10A15000B3F97030A2EB080202FB0CF2A3EB080388
:10A1600092FBF3F200E0EEE0ACEB02033A9A1A4401
:10A1700012B2ADF80A209046BAF90020D21B521E46
:10A1800090423FDB002E3DD03B9AE2B36368139AC6
:10A1900033F912C047F6FF72944533D0DDF814C08E
:10A1A00033F91C3093422DD0079B984501DA1A46AB
:10A1B00000E04246039B0792984501DD1A4600E005
:10A1C0004246039281427BD0401EADF81800ADF8A4
:10A1D00008000798ADF81A20ADF80A00824202D1B3
:10A1E000401CADF80A0002AB06AA27A9484608F0B1
:10A1F000E8FEBDF80800CDF80C80401CADF8080062
:10A20000CDF81C805CE000E063E0BDF81800C11BE5
:10A210003844ADF83800BDF81A00ADF83410A0EBA2
:10A220000B015844ADF83A00701E2290ADF836107C
:10A230006168139831F9101047F6FF70814201D020
:10A2400006A900E000211D9162680599804632F957
:10A250001110414501D002A800E000201E900DA879
:10A2600017906168139814AA31F9100024901A21EC
:10A2700028460AF033FF6068139930F911204245EF
:10A280000AD0059930F91110414505D002AB06AA54
:10A2900027A9484608F095FE6FB1BBF1000F0AD020
:10A2A0006168139831F91010414504D00DAA2AA90C
:10A2B000484609F0BBFB14AA1B2128460AF00EFFF2
:10A2C0000598761CB6B21390B5F88200B0423FF6FE
:10A2D00011AF3B98B8BBB5F88200B04233D161688A
:10A2E000059831F91010A1F5FE40FF382BD0BDF8CC
:10A2F0000800761EC11B3844ADF83010ADF83400AC
:10A30000BDF80A0014AAA0EB0B015844ADF83600C2
:10A3100000201D901E900CA81790ADF832102296C8
:10A320006168059831F9100024901A2128460AF036
:10A33000D5FE0CAA2AA9484609F078FB14AA1B21CD
:10A3400028460AF0CBFE21463898F8F702FC0400B4
:10A350007FF489AEC9F808A041B0BDE8F08F0000D5
:10A36000E44102082DE9F04F8A468A68B9B00546F3
:10A3700000F1140137A8F7F789FB00287DD0DAF83F
:10A380000800349037A9CAF808100021284610F0B8
:10A390000FFA04460021284610F02DFB0646002146
:10A3A000284610F0ECFB074628460FF03AFCB5F8BB
:10A3B0008410484340F30F20339028460FF017FCD9
:10A3C0000146B5F88600414341F30F20249028460A
:10A3D0000FF040FD0146AA8A30191044401A00B21D
:10A3E000259028460FF002FE0146EA8A38191044EB
:10A3F000401A00B228902CA808F0F0FD2CAA4FF4C7
:10A40000A021284610F0BBFE16A809F023FB4FF44C
:10A41000003416AA2146284610F005FF214628469A
:10A4200010F029FD00EBD0704FEA60092146284664
:10A4300010F001FA00EBD07042109046BDF9B20066
:10A440004946C14500DB114600EBD072B1EB620F0B
:10A4500005DD9DF8B91041F010018DF8B910012803
:10A4600005D19DF8B90040F010008DF8B90005F154
:10A4700024002A90F8F770FB41E146E1207BC007F9
:10A480007ED12089ADF8B0002089ADF85C0095F848
:10A490008800000701D4608900E0002006B22598FA
:10A4A000ADF8D8002996ADF89C006068B34630F846
:10A4B00016000A282CD0339800902068002330F929
:10A4C0001670207BC0F3C00105EB4100B0F9782085
:10A4D000B0F9741038460DF01BFE2599002308448E
:10A4E000ADF89C0024980090606830F91670207BCD
:10A4F000C0F3001105EB4100B0F97020B0F96C1009
:10A5000038460DF005FE2499081A2899084402E0FF
:10A510007F48ADF89C00ADF89E00514602A80FF0B0
:10A5200041F94FF4A0200F907A4803900320049043
:10A530002CA8089016A80027139406909FE000BF4F
:10A54000BDF89C00ADF8D800BDF89E00ADF8DA006B
:10A550002998B5F88220C11991FBF2F002FB101086
:10A5600006B2606830F91600A0F5FE41FF3968D0E8
:10A5700024990091217BC1F3001105EB410100E01A
:10A58000B9E0B1F97020B1F96C1000230DF0C0FDF5
:10A5900024990023081A28990844ADF89E0033989E
:10A5A0000090217B2068C1F3C00105EB410130F927
:10A5B0001600B1F97820B1F974100DF0A9FD2599B4
:10A5C0000844ADF89C00E7B3BDF8D800A0EB090142
:10A5D0004844ADF8C000BDF8DA00ADF8BC10A0EBFF
:10A5E00008014044ADF8C200781EADF8BE101090CE
:10A5F000616831F91B10A1F5FE40FF3801D036A982
:10A6000000E000210B91616831F91610A1F5FE40C0
:10A61000FF3801D027A800E000200C902FA805905B
:10A62000616802AA31F91B0012901A2128460AF02B
:10A6300055FD616847F6FF7031F91B20824216D044
:10A6400000E019E031F91610814210D027AB36AA8C
:10A650002CA9504608F0B5FCB9F1000F07D0B8F1AD
:10A66000000F04D02FAA16A9504609F0DFF902AA5C
:10A670001B2128460AF032FD7F1CB346BFB2B5F855
:10A680008200B8423FF65CAFB5F88200B84232D1E2
:10A69000606830F91610A1F5FE40FF382BD0BDF8E8
:10A6A0009C007F1EA0EB09014844ADF8C000BDF836
:10A6B0009E00ADF8BC10A0EB08014044ADF8C2000C
:10A6C0000020ADF8BE100B900C902FA810970590AD
:10A6D000606802AA1A2130F91600129028460AF082
:10A6E000FDFC2FAA16A9504609F0A0F902AA1B21C9
:10A6F00028460AF0F3FC21462A98F8F72AFA0400C3
:10A700007FF4BCAE3499CAF8081039B0BDE8F08FB8
:10A7100001E0FFFFE44102082DE9F74FB1F92E00F7
:10A72000AAB014460E46002872D096F836100229B8
:10A730006ED9012808D1B6F93400002804DC308E27
:10A7400010B9708E0028EFD02088318E4218B08E5C
:10A75000151AADF82850A28811440B18ADF82C300A
:10A760006088718E0844B18E421AADF82A20E088C4
:10A77000718E0844B18E0144ADF82E10B6F92E004A
:10A7800000EBD070A5EB60056D1EADF84C500125B7
:10A7900005EB60001844ADF85000B6F92E0000EB50
:10A7A000D070A2EB6000401EADF84E00B6F92E004E
:10A7B00000EBD07005EB60000844ADF8520096F84D
:10A7C00036002990FD2801D9FF2029902A9813A945
:10A7D000826827A8F7F75AF90028A5D021461DA8B6
:10A7E00005F09FFC4FF0FF38414642461DA805F09A
:10A7F0001EFDB6F900901DA805F001FD04461DA838
:10A8000005F0D7FC84421DA803DA05F0F8FC02E04D
:10A81000FEE305F0CEFCB9EB600F01DD4FEA600905
:10A82000B6F900400AA805F0EAFC05460AA805F0BA
:10A83000C0FC85420AA802DA05F0E1FC01E005F05F
:10A84000B8FCB4EB600F00DD4410B6F92E0005191A
:10A8500005FB05F040000DF099FC10900146B6F99B
:10A860002E2023460AA816F0ADFD13A808F0B6FD69
:10A87000012720B9F078FF2801D3B07860B1002714
:10A8800001234A461DA920A809F014F8002120A898
:10A8900008F0C4FB269001E0CDF8988013A805F0DD
:10A8A000AEFC0DF073FC83461C2115A80DF016FEBE
:10A8B000CDF854D0CDF860B0CDF868D0B08DADF8FB
:10A8C0005C0096F836008DF86C00B0788DF86D005D
:10A8D000BDF85000BDF84C20ADF80400811A491CA9
:10A8E00009B201EBD17102EB61010FFA81FABDF8F7
:10A8F0005220BDF84E10401B521A521C12B202EBED
:10A90000D27201EB6202401C14B200B26A1EADF8B2
:10A910000000ADF80210114409B20992ADF806101A
:10A920005246504500DC1046ADF80000A14200DB65
:10A9300021462A98ADF806106946826806A8F7F7FE
:10A94000A5F8D0B34A461DA906A8F7F7C7F8A0BBDB
:10A95000BDF81C00BDF91810BDF91A20401A401CA2
:10A9600000B20890BDF94E301098D21A02FB0500D3
:10A97000BDF95020521B891A0844401E059047B16A
:10A980004A461DA906A8F7F719F910B101200F9042
:10A9900000E00F970898002827DDBDF81800ADF8F3
:10A9A0000000BDF81C00ADF804000220CDF860B036
:10A9B0008DF86400BDF91A8013E016E0ADF802804E
:10A9C0000F98ADF8068070B30598189015A92A98CD
:10A9D00009F02CFA05982844059008F101000FFAB7
:10A9E00080F8BDF91E104145E8DABDF85000ADF819
:10A9F0000400401B401C00B2ADF80000BDF852201E
:10AA0000ADF80620511B491C09B2ADF802105246A0
:10AA1000504500DC1046ADF80000601C11908142EA
:10AA200016DD084615E0FFE72A46584605990DF061
:10AA300077FCBDF9181042465846089B08F090FC78
:10AA40008DF864000128C1D102208DF86400BDE7B3
:10AA5000601CADF802002A986946826806A8F7F7DC
:10AA600015F8D0B34A461DA906A8F7F737F8A0BBDA
:10AA7000BDF81C00BDF91810BDF90620401A401C95
:10AA800000B20890BDF91E301098D21A02FB0500E2
:10AA9000BDF95020521B891A0844401E059047B149
:10AAA0004A461DA906A8F7F789F810B101200F90B2
:10AAB00000E00F970898002827DDBDF81800ADF8D2
:10AAC0000000BDF81C00ADF804000220CDF860B015
:10AAD0008DF86400BDF91E8013E016E0ADF8028029
:10AAE0000F98ADF80680B0B30598189015A92A986C
:10AAF00009F09CF9059828440590A8F101000FFA87
:10AB000080F8BDF91A104145E8DDBDF84C000999FF
:10AB10002844ADF80000BDF85000401BADF804001B
:10AB2000BDF84E00ADF80200084400B2ADF80600D2
:10AB3000A04200DB2046ADF806002A9869468268EC
:10AB400006A8F6F7A3FFB0B34A461DA906A8F6F774
:10AB5000C5FFA8B17CE0FFE72A46584605990DF0ED
:10AB6000DFFBBDF9181042465846089B08F0F8FB79
:10AB70008DF864000128B9D102208DF86400B5E792
:10AB8000BDF81C00BDF81810BDF90220401A401C89
:10AB900000B20890BDF91A101098891A01FB05003F
:10ABA00005904FB14A461DA906A8F7F707F818B156
:10ABB00001200F9001E04BE00F970898002847DD37
:10ABC0000F9860B100201890BDF81800ADF8000093
:10ABD000BDF81C00ADF80400BDF91A0033E0CDF853
:10ABE00060B0F1E7ADF802800F98ADF8068060B173
:10ABF0002998FF280598007804D096F8361010FBA5
:10AC000001F0000A8DF86C0013E00598089A0178AD
:10AC100058460DF031FCBDF9181042465846089BC5
:10AC200008F09EFB8DF86400012802D102208DF807
:10AC3000640015A92A9809F0F9F8059828440590A8
:10AC400008F1010000B2BDF91E1080464145C9DA85
:10AC500096F836008DF86C00BDF84C002844ADF82D
:10AC60000000BDF85000BDF85210401BADF80400C4
:10AC7000481B401CADF8061000B21199ADF8020057
:10AC8000884200DC601CADF802002A9869468268A0
:10AC900006A8F6F7FBFE78B34A461DA906A8F6F704
:10ACA0001DFF48BBBDF81C00BDF81810BDF91E20E3
:10ACB000401A401C00B20890BDF906101098891A7D
:10ACC00001FB050005900898002851DD3FB14A4678
:10ACD0001DA906A8F6F772FF0020189001E0CDF834
:10ACE00060B0BDF81800ADF80000BDF81C00ADF86C
:10ACF0000400BDF91E0036E03AE000BFADF8028066
:10AD0000ADF806808FB14A461DA906A8F6F756FF92
:10AD10002998FF280598007804D096F8361010FB83
:10AD200001F0000A8DF86C0013E00598089A01788C
:10AD300058460DF0A1FBBDF9181042465846089B35
:10AD400008F00EFB8DF86400012802D102208DF876
:10AD5000640015A92A9809F069F805982844059017
:10AD6000A8F1010000B2BDF91A1080464145C5DDC9
:10AD700096F836008DF86C00BDF85000ADF8040070
:10AD8000411BBDF84E00491C0AB22844ADF8002012
:10AD900000B2ADF80200BDF85210119B491B09B278
:10ADA000ADF80610984200DB601CADF80200A1422D
:10ADB00000DC2146ADF806105046524500DC024644
:10ADC0002A98ADF800206946826806A8F6F75EFE6C
:10ADD000B8B34A464E461DA906A8F6F77FFE80BBCB
:10ADE000BDF81C00BDF91810099A401A401C00B2A9
:10ADF0000890109802FB0500BDF95020521B891ADB
:10AE00000844401E0590EFB132461DA906A8F6F78A
:10AE1000D5FE10B14FF0010800E0B8460598189033
:10AE20000898002836DDBDF81800ADF80000BDF820
:10AE30001C00ADF8040002208DF86400BDF91A6012
:10AE400024E027E0B8465846E9E700BFADF80260C5
:10AE5000ADF80660B8F1000F12D15846089A05996E
:10AE60000DF05EFABDF9181032465846089B08F0FE
:10AE700077FA8DF86400012802D102208DF8640071
:10AE800015A92A9808F0D2FF761C36B2BDF91E002B
:10AE9000B042DBDA0022109817E000BF00EB050E8D
:10AEA000AEF10101002305EBD57608E090F800C073
:10AEB00091F8008000F8018B01F801C95B1CB3EB2D
:10AEC000660FF3DB521C704612B2AA42E6DBBDF8F5
:10AED0004C000999ADF80000084401B2BDF84E00DD
:10AEE000119B284400B2ADF80200BDF85220ADF825
:10AEF0000410521B12B2ADF80620984200DB601C11
:10AF0000ADF80200A24200DC2246AAF10100ADF831
:10AF100006200C90814200DB01462A98ADF804100F
:10AF20006946826806A8F6F7B1FDA8B34A464E46C0
:10AF30001DA906A8F6F7D2FD70BBBDF81C00BDF92F
:10AF40001810099A401A401C00B20890109802FB91
:10AF50000500BDF90020891A08440590EFB132467A
:10AF60001DA906A8F6F72AFE10B14FF0010800E06F
:10AF7000B846059818900898002835DDBDF81800E7
:10AF8000ADF80000BDF81C00ADF8040002208DF8FB
:10AF90006400BDF91A6023E026E0B8465846E9E7A8
:10AFA000ADF80260ADF80660B8F1000F12D1584656
:10AFB000089A05990DF0B4F9BDF9181032465846B3
:10AFC000089B08F0CDF98DF86400012802D1022019
:10AFD0008DF8640015A92A9808F028FF761C36B26F
:10AFE000BDF91E00B042DBDABDF84C000999ADF89E
:10AFF00000000844BDF84E10099AADF80210114443
:10B0000000B2ADF8040009B2ADF806100C9A00E0E9
:10B010005AE1904201DBAAF10100ADF80400A1421F
:10B0200000DB21462A98ADF806106946826806A81A
:10B03000F6F72CFDC0B34A461DA906A8F6F74EFD4B
:10B0400090BBBDF81C00BDF91810BDF91A20401ABC
:10B05000401C00B20890BDF902301098D21A02FBD1
:10B060000500BDF90020891A01EB000847B14A46E6
:10B070001DA906A8F6F7A2FD10B101200F9000E06F
:10B080000F970898CDF860B0002822DDBDF81800B1
:10B09000ADF80000BDF81C00ADF8040002208DF8EA
:10B0A0006400BDF91A6010E013E000BFADF8026063
:10B0B0000F98ADF80660C8B3CDF8608015A92A983E
:10B0C00008F0B4FE761CA84436B2BDF91E00B042AA
:10B0D000ECDABDF84C00ADF800000999BDF852203B
:10B0E000084401B2501BADF80410401CADF8062016
:10B0F00000B2119AADF80200904200DC601CADF87D
:10B1000002000C98814201DBAAF101012A98ADF8F6
:10B1100004106946826806A8F6F7B8FCC8B34A4628
:10B120001DA906A8F6F7DAFCA8B15AE0FFE72A46FF
:10B13000414658460DF0F4F8BDF91810324658460D
:10B14000089B08F00DF98DF864000128B6D10220A3
:10B150008DF86400B2E7BDF81C00BDF91810BDF908
:10B160000620401A401C0FFA80FABDF91E301098D4
:10B17000D21A02FB0500BDF90020891A0E184FB142
:10B180004A461DA906A8F6F719FD18B14FF00108A7
:10B1900001E026E0B846CDF860B0BAF1000F20DD3E
:10B1A000BDF81800ADF80000BDF81C00ADF80400B3
:10B1B00002208DF86400BDF91E400EE0ADF802409B
:10B1C000ADF80640B8F1000F2FD0189615A92A98AF
:10B1D00008F02CFE641E2E4424B2BDF91A00A042D1
:10B1E000ECDDBDF84C0069462844ADF80000BDF820
:10B1F0005000401BADF80400BDF84E00CDF860B023
:10B200002844ADF80200BDF85200401BADF806001E
:10B210002A98826806A8F6F739FCE8B34A461DA9C1
:10B2200006A8F6F75BFCA0B141E02A463146584635
:10B230000DF076F8BDF9181053462246584608F02E
:10B240008FF88DF864000128C0D102208DF86400C9
:10B25000BCE7BDF91C10BDF918000A1A521C15B242
:10B26000002D24DDADF80410ADF80000BDF91A4042
:10B2700019E000BFADF80240ADF806402946584637
:10B280000DF05AF9BDF918102B462246584608F021
:10B2900067F88DF8640000E009E015A92A9808F025
:10B2A000C5FD641C24B2BDF91E00A042E2DA2FB92C
:10B2B00020A808F077F8269808F0A8FB10980CF062
:10B2C000B1FF58460CF0AEFF2DB0BDE8F08F000086
:10B2D0002DE9F74FD8B0589849909088B2F90030CE
:10B2E000D4885188C01A401C611A00B2491C09B2A6
:10B2F00000EBD070401001EBD171B0EB610F00DBBF
:10B30000481028901844ADF80C005188289808443B
:10B31000ADF80E0025A807F061FE4FF4C02425AA61
:10B32000214658980FF02BFF9DF89D0040F010002B
:10B330008DF89D000BA807F019FE0BAA214658981E
:10B340000FF0CEFE13A859990EF02CFAE94814908C
:10B350000320159025A81990499820942430059031
:10B36000F7F7FAFBBFE12494A08B2899BDF80C20D5
:10B37000084406B2A189A088711A301A0FFA81FB1D
:10B38000111AADF82811BDF80E1002440B1AADF8D1
:10B390002C210844ADF82A31ADF82E0147F6FF758F
:10B3A00001232A464AA943A808F084FABDF80C20D4
:10B3B0000123A2EB0B00ADF83001BDF80E00A0EBAD
:10B3C0000B01ADF83211ABF101010A44ADF83421A3
:10B3D0000844ADF836012A464CA932A808F06AFAAA
:10B3E000BDF80C100023881BADF83801BDF80E2005
:10B3F000901BADF83A01701E0144ADF83C111044A9
:10B40000ADF83E012A464EA92AA808F053FA0021B9
:10B410002AA807F003FE4190608908B1401E01E0B0
:10B420004FF6FF708046002749E100BF608908F1B0
:10B4300001084FF0000A404502D1D0464FF0010A02
:10B44000A0690090628800213846521E63690CF0A2
:10B450005FFE81462390BAF1000F04D0A0683990B6
:10B460003090E08903E0206839903090E08800B2A5
:10B4700052900290499830300890F7F76DFB43E006
:10B48000287902283CD1A968494539DCEA684A454F
:10B4900036DB2B8A0298184400B20290688AAB8A85
:10B4A000984203D1688AADF8E40029E0A87D4FF006
:10B4B0000003C0074FF0FF000090484601D1D4E9D7
:10B4C00005120CF025FEC0B2698A001DB5F814C043
:10B4D000C308ADF8241088B240EA0041864A1FFA3A
:10B4E0008CF040EA004011401040401A584301EBF4
:10B4F0005010104040EA1040ADF8000080B2399082
:10B5000029460898F7F725FB0500B9D1E08B784369
:10B5100001026088401E91FBF0F108123A90401C35
:10B52000C9B209900091218C3A98084400B214F0F5
:10B53000DDF80546218C0998084400B214F0D6F8CD
:10B540000099C1F58072079212FB05F210FB0120F1
:10B550000512218C3A98084400B214F0C3F8089000
:10B56000218C0998084400B214F0BCF8DDE90721E9
:10B5700012FB01F2009910FB01200212BDF8E40059
:10B58000ADF894000298ADF89600409230444243E2
:10B59000BDF80C107F3201EBE231ADF8C410684306
:10B5A000BDF80E107F3001EBE030ADF8C60003A807
:10B5B00021971C900BA81890BAF1000F5BD041980E
:10B5C00008F024FAB4F910104098ABEB010148439D
:10B5D000BDF80C207F3002EBE03040904D43BDF8C9
:10B5E0000E007F3500EBE53A20220BA938A80CF0BD
:10B5F00097FE38A818904B4640A2102154A812F08C
:10B600003FF954A81E9013AA1A21589809F066FD14
:10B61000BDF93E00002541F6FF718DE82300BDF91C
:10B62000403053A80B9A1E9914F024F9BDF94C111F
:10B63000409801EBD172A0EB6202BDF94E011144BA
:10B6400000EBD07CAAEB6C03ADF81C20ADF8201009
:10B650001844ADF81E30ADF82200009507AA1E9BD5
:10B660001899599807F0E6F900212AA807F0D6FCA6
:10B67000419032A808E0002018901E9013AA1A21C9
:10B68000589809F02BFD43A8002107F0C7FC054698
:10B6900003AB31AA25A9599807F093FC284608F076
:10B6A000B5F913AA1621589809F018FDBDF8C00085
:10B6B000ADF8940052987F1CADF89600FFB26088F8
:10B6C000B8423FF6B3AE43A807F06CFE32A807F0CD
:10B6D00069FE2AA807F066FE419808F097F921460E
:10B6E0000598F7F736FA04007FF43DAE5BB0BDE88D
:10B6F000F08F00001C4702081FF8E00725640000D7
:10B700002DE9F74FB4B090460546114602F05BFABA
:10B7100004468068C0F30E01012976D9000404D4E0
:10B72000208810B9608800286FD0002128460FF0CB
:10B7300062F90646002128460FF03AF806442846EA
:10B740000EF06FFAB5F88410484340F30F2723A892
:10B7500007F00CFC4FF4C02A23AA514628460FF0EC
:10B76000BFFC28460EF076FBA98A3144081A0FFA6E
:10B7700080F92089B8F1020F4FEA004006D0002876
:10B7800044DA514628460FF0FAF940E0002804DA7E
:10B79000514628460FF0B8F800E00020834635985F
:10B7A000B5F91A608068B0F90610B1422DDB239913
:10B7B000B4F90020B0F90200B1F908100A4406EB10
:10B7C0000B011144814220DB1DA807F007FC1DAAD4
:10B7D000514628460FF0D3FC0020ADF87A00ADF8B2
:10B7E000780003A835990DF0DDFF8F4804900620FE
:10B7F00005900220CDE910A023A808901DA809906B
:10B80000B8F1020F07D0012006E00AE100208346CC
:10B81000B5F91660D8E70020219095F8880000F06F
:10B820000700022816D1002128460FF0BAF8B5F813
:10B83000841048430012B5F882103A1892FBF1F1D7
:10B8400009B2081A00EBD07209EB6201381A0FFA3C
:10B8500081F907B2ADF85A6020896168C0F30E0023
:10B86000401EC1F30E4100FB01F80026D6E000BFE8
:10B8700060684FF0000AC0F30E40B6FBF0F100FB29
:10B88000116008B94FF0010ABDF97600381A70430B
:10B89000B0FBF8F101EB0900ADF85800ADF8540029
:10B8A000BDF95A10219848B1BAF1000F02D0B4F98D
:10B8B000000001E0B4F90200081A08E0BAF1000F34
:10B8C00002D0B4F9000001E0B4F902000844ADF878
:10B8D000560016A80C9015A80D9095F8880000F059
:10B8E0000700032848D06068C0F30E40B6FBF0F3B1
:10B8F0001393BAF1000F68D02089000465D54BA2DC
:10B90000102130A811F0BCFF23A8089030A80E9099
:10B9100010200F9003AA1A21284609F0DFFBBDF979
:10B920009E004FF0000A41F6FF728DE80504BDF954
:10B93000A0301CA8239A0E9913F09CFFBDF970103B
:10B94000BDF8540001EBD171A0EB610200EB610086
:10B9500000B2ADF8680012B2BDF856302199ADF8CA
:10B960006420C1B1A3EB0B01BDF87230ADF86A10D1
:10B97000C91AADF8661017E02198424605EB400160
:10B98000B1F978000090B1F97430002130460CF024
:10B99000BFFB0346ACE703EB0B01BDF87230ADF81B
:10B9A00066101944ADF86A10B5F91410884215DB19
:10B9B000B5F91800824211DCCDF800A019AA23A91C
:10B9C0000E9B359807F036F808E0002008900E909E
:10B9D0000F9003AA1A21284609F080FBBDF97600D2
:10B9E000BDF9581000EBD07001EB6002B5F91410EE
:10B9F0008A420DDBBDF95410A1EB6001B5F91800C6
:10BA0000814205DC15AB16AA1DA9359807F0D9FAB5
:10BA100003AA1B21284609F061FB761C46457FF6E8
:10BA200027AF37B0BDE8F08FE4410208256400007D
:10BA30002DE9F74FB8B090460446114602F0C3F81E
:10BA400005468068C0F30E01012973D9000404D4AF
:10BA5000288810B9688800286CD05FEA080000D0F8
:10BA600001202990002120460EF0A2FE0746002169
:10BA700020460FF084F8064620460EF0B8F8B4F8D9
:10BA80008610484340F30F202B9020460EF0AEFA6C
:10BA90000146E28AF0191044401A00B24FF4C02661
:10BAA0003290B8F1000F314620460DD00EF0FEFF67
:10BAB0002690B4F91800B5F900A0B5F902908346B4
:10BAC000B8F1010F06D00DE00EF095FF2690B4F905
:10BAD0001400F0E7CAF100000FFA80FAC9F1000083
:10BAE0000FFA80F921A807F079FA21AA31462046F9
:10BAF0000FF045FB18A807F039FA18AA314620467E
:10BB00000FF0EEFA03A839990DF04CFE7648049038
:10BB10000620059021A80990CDE9106818A8089082
:10BB20002889C0F30E0768687F1EC0F30E404743A4
:10BB30000026D3E0D5E000BFBDF986102B98401A4F
:10BB40007043B0FBF7F13298B8F1000F0844ADF83C
:10BB50005600ADF85E005846ADF854B069D0401CB0
:10BB6000ADF85400002002906868C0F30E40B6FBA8
:10BB7000F0F100FB1160002874D0BDF85410A1EB67
:10BB8000090000BFADF85C0015A80C9017A80D9037
:10BB900029983A4604EB4000B0F970100091B0F9D2
:10BBA0006C30B81B00210CF0B3FA034613900298D6
:10BBB000F0B32889000468D54CA2102133A811F0F5
:10BBC0005FFE18A8089033A80E9010200F9003AACB
:10BBD0001A21204609F082FABDF97200002241F6CE
:10BBE000FF718DE80700BDF974302CA8189A0E99E2
:10BBF00013F040FEBDF9B200BDF85E1000EBD0704E
:10BC0000A1EB600212B201EB6000ADF8922001B22C
:10BC10002998ADF896100028BDF85C0029D0269B25
:10BC20000344ADF89030BDF8B0300344269801E0ED
:10BC30002BE015E000EB0300ADF89400B4F916001A
:10BC400081422BDBB4F91A00824227DC00200090ED
:10BC500024AA18A90E9B399806F0ECFE1EE001E01C
:10BC6000401E7DE70120BDF854100290A1EB0A00B0
:10BC700088E7BDF8B030A0EB030C269BACEB0303C8
:10BC8000ADF89030269BC01AD6E7002008900E90A1
:10BC90000F9003AA1A21204609F020FABDF9860068
:10BCA000BDF9561000EBD070B4F9162001EB60011D
:10BCB00091420DDBBDF95E10A1EB6001B4F91A00F1
:10BCC000814205DC17AB15AA21A9399807F079F94B
:10BCD00003AA1B21204609F001FA761CBE427FF61A
:10BCE0002BAF3BB0BDE8F08FE441020825640000B3
:10BCF0002DE9FF5F0C46934680462021DDF838A0F1
:10BD00000FF01EF9002878D0BAF1030F40461DD07D
:10BD10000EF065F981460AF0FFFD002705463E4614
:10BD2000BAF1030F3946404613D00EF013FF824696
:10BD3000002140460EF0D3FD4946B9F1010F5DD018
:10BD4000022963D0B9F1030F66D13BE00EF040F950
:10BD5000E0E70EF03BFE8246002140460EF091FEE9
:10BD60004946B9F1010F1ED0022924D0B9F1030FC1
:10BD700052D1B8F81820B8F81410521A521C13B245
:10BD8000A3EB0A02101A00EBD0720AEB620008441F
:10BD900007B2298BA88A091A491C09B201EBD17193
:10BDA00000EB610027E0B8F81410B5F9146001EB5E
:10BDB0000A0007B230E0B8F81810B5F91860081A90
:10BDC00007B229E0B8F81A20B8F81610521A521C17
:10BDD00013B2A3EB0A02101A00EBD0720AEB620056
:10BDE000084407B2688BE98A401A401C00B200EB95
:10BDF000D07001EB600006B20EE02FE0B8F816102C
:10BE0000B5F9166001EB0A0007B205E0B8F81A10A0
:10BE1000B5F91A60081A07B2A01E039900B20029EA
:10BE200010DAB9F1000F15D0BE4221DC12E0002C6F
:10BE300001DDA41C24B2E01704EB9070801004B064
:10BE4000BDE8F09FBBF1000F12DAB9F1000F01D08D
:10BE5000BE420DDB002CEADA0446E8E70398E04234
:10BE600002D50398404204B2BBEB040000D55C4607
:10BE70002046E4E770B504460AF03EFD48B100688C
:10BE800082680AB1217A9047207E810743D4C00797
:10BE90007CD10126002160680DF002FF00251AE028
:10BEA000016899B1017ACA0910D0802904D0227A98
:10BEB00021F08001914209D14168E160016820468A
:10BEC0008847207E810726D4C0075FD16D1C294694
:10BED00060680DF0E5FE08B1002EE1D1214600209A
:10BEE0000DF00BFE050053D0002160680DF0D8FE68
:10BEF000002619E0016891B1017A0A060FD411B148
:10BF0000227A91420BD14168E1600168204688475E
:10BF1000207E810701D5012070BDC00736D1761C77
:10BF2000314660680DF0BCFE10B1012DE2D02FE06B
:10BF3000012D2DD16068416851B3217E490727D476
:10BF4000217A232919D0242917D0A9030EF0F8FF4C
:10BF5000F0B1207A11381C280FD2DFE800F019194F
:10BF60001919191919191919190E0E190E0E19196D
:10BF700019190E0E0E0E19190E19606840686060CE
:10BF80002046FFF777FF0546012801D0002070BD4D
:10BF9000284670BDF0B5DDE9054539B3060AB70797
:10BFA00002D51F462B463D46770702D527462C462D
:10BFB0003D4616F0060F4FEAC6771BD017B11F4655
:10BFC00023463C462270CC43E4B212FB04F4240A1C
:10BFD0002C70C0B2F40710D011FB00F06FEA1020F3
:10BFE000C0B212FB00F0000A1870F0BD2A70227077
:10BFF0001A70F0BD002FE2D0E4E720B14042C0B299
:10C0000010FB01F0EAE70802E8E700002DE9FF4F26
:10C010008A880B8889B0D21A521C17B2CA884988FC
:10C020000446511ADDE916B8491C19980FFA81F92E
:10C03000012813D0022813D0032843D1434E00BF58
:10C040005FEA08000ED0002006902088ADF81400AA
:10C0500098F80000FD2838D35A4639E03C4EEFE707
:10C060003C4EEDE72088ADF80000ADF808005A46D8
:10C0700000990C98B0470590002020E0002517E0BB
:10C08000BDF8080034F8151088420BD004EB4500C9
:10C090005A460088ADF81400ADF8080005990C98D0
:10C0A000B047059004EB4500BDF8141001806D1CED
:10C0B000BD42E5DB0B9804EB400408F1010080462B
:10C0C0004845DBDB0DB0BDE8F08F00FB0BF0020A4A
:10C0D00005990C98B0470890002033E0002528E02F
:10C0E00018F8050020B30699884205D1BDF8141050
:10C0F00034F81520914216D0FD2801D35A4602E0AB
:10C1000000FB0BF0020A04EB45000088ADF81800B4
:10C1100006990C98B047089018F80500069034F876
:10C120001500ADF8140004EB4500BDF820100180A7
:10C130006D1CBD42D4DB0B98189904EB4004884475
:10C140000AF1010082464845C8DBBBE7A74E00085C
:10C15000334E00080D4F00082DE9FF4F83B00F4606
:10C16000DDE910860446F6F747FFB8883988401A9B
:10C17000401C05B2F8887988401A401C0FFA80F9F3
:10C1800076B1BDF81800B8F1FD0F00EB004000904B
:10C190007DD3A5F104084FF0000BBDF818A034E1E1
:10C1A000B8F1FD0F0FD3002608E02A462046069975
:10C1B00005F028FC0598761C04EB40044E45F4DBA2
:10C1C00007B0BDE8F08FBDF80010002060F3040157
:10C1D00089B260F34A1189B260F3CF21ADF8001043
:10C1E00088B20090BDF800000090014642460698D3
:10C1F00005F040FD01900699404689B2CA0A4243C3
:10C2000062F30F06C1F3451201F01F0101FB08F1B3
:10C2100002FB08F261F30F0762F31F46BA46C8F14A
:10C22000FF01002250E0002048E000BFBDF80030D0
:10C2300034F81070BB423BD004EB4003B7B21B880C
:10C24000ADF80030ADF808309BB24FEAD32C0CFBB0
:10C250000177803707EBC71C0CEBC737BDF80480AC
:10C26000C7F3C45767F3CF28C3F3451C370C0CFB47
:10C270000177803707EBC71C0CEBC737C7F3C557EF
:10C2800067F34A181FFA8AF703F01F0300E0C3E0C0
:10C2900003FB0173803303EBC31707EBC333C3F313
:10C2A000C45363F30408ADF804801FFA88F30193C4
:10C2B00004EB4003BDF804701F80401CA842B5DBAE
:10C2C0000598521C04EB40044A45ACDB78E7002794
:10C2D00010E03278FF2A12D02088ADF804000199CE
:10C2E000069805F0C7FC0190BDF804002080A41C4E
:10C2F000761C7F1CAF425DDAB007EAD15AE0A4F8A1
:10C3000000A0F4E73068411C43D0E8B33278FF2A3C
:10C3100053D02088ADF804000199069805F0AAFCD6
:10C320000190BDF80400208016F8012FA41CFF2AFC
:10C3300046D02088ADF804000199069805F09AFCD3
:10C340000190BDF80400208016F8012FA41CFF2ADC
:10C3500039D02088ADF804000199069805F08AFCD0
:10C360000190BDF80400208016F8012FA41CFF2ABC
:10C370002CD02088ADF804000199069805F07AFCCD
:10C380000190BDF8040000E011E02080A41C761CA0
:10C390000FE0A00707D0A4F800A0022000990151E7
:10C3A000A4F806A003E000982060009860600834BC
:10C3B000361D3F1D4745A5DD1CE0A4F800A0B3E7EE
:10C3C000A4F800A0C0E7A4F800A0CDE7A4F800A05E
:10C3D000DCE73278FF2A1CD02088ADF804000199F0
:10C3E000069805F047FC0190BDF804002080A41CCD
:10C3F000761C7F1CAF42ECDB05980BF1010B401B58
:10C4000004EB40041298401B0644CB45FFF65FAF97
:10C41000D6E6A4F800A0EAE700222188ADF80010D3
:10C420009346104633E0002727E0307818B3904257
:10C4300005D0FF282FD000FB08F31B0A9B46904233
:10C4400003D134F81700814210D0BBF1FF0F24D084
:10C4500004EB47005A460088ADF8000000990698A2
:10C4600005F008FC0090327834F8171004EB470010
:10C47000BDF800300380761C7F1CAF42D5DB0598E9
:10C4800004EB40041298401B06440AF10100824666
:10C490004845C8DB94E64346D0E70698E2E700004B
:10C4A0002DE9FF4F83B00C46DDF84480F6F7A4FD7C
:10C4B000BDF818A08146B8F1000F0CD0A0882188E3
:10C4C000401A401C07B2E0886188401A401C0FFAED
:10C4D00080FB002641E0B4F9026017E0B4F9005097
:10C4E0000FFA86F80DE010980290ADF804A0CDF890
:10C4F0000080D9F800002BB2059AC7690399B847A4
:10C500006D1CB4F90400A842EDDA761CB4F90600FB
:10C51000B042E3DA07B0BDE8F08F002518E000BFB5
:10C5200018F8050098B11099ADF804A04843000A26
:10C53000029060880399304400B200902088059AE8
:10C54000284403B2D9F80000D0F81CC0E0476D1CA5
:10C55000BD42E5DB1298761C80445E45DDDBD9E701
:10C5600000680968884201D10120704700207047A7
:10C5700040680A6820F04040904200D208600020E5
:10C5800070472DE9F04F002787B00446BA460AF0FD
:10C59000B3F900680025B4F9141090F81890266AD1
:10C5A000A846002900DC4942B4F91600002800DC46
:10C5B0004042814201DD0125ADE04FF00108AAE0D3
:10C5C000102130460EF0BCFC00287ED0CDE900588A
:10C5D000AB46CDF8088030460DF014FCC10700D101
:10C5E0008B46810701D400210091410701D400212D
:10C5F0000291000701D40020019030460DF0F6FCB6
:10C60000059030460DF0ACFB049030460DF022FC56
:10C61000039030460DF07EFC0599002902DC049958
:10C62000002910DD029919B1B4F916204A4507DA3C
:10C63000019941B1B4F91620C9F100018A4202DC26
:10C6400037464FF00C0A0399002901DC002811DD60
:10C65000BBF1000F03D0B4F914204A4507DA009962
:10C6600041B1B4F91420C9F100018A4202DC374615
:10C670004FF0030A0599002901DC00210291049979
:10C68000002901DC002101910399002901DC4FF010
:10C69000000B002801DC00200090BBF1000F03D04C
:10C6A000B4F91410494517DA009828B1B4F91410F8
:10C6B000C9F1000081420FDD029818B1B4F91610DB
:10C6C000494509DA019800B100E010E0B4F916100C
:10C6D000C9F1000081420ADC0DB1032000E00C200A
:10C6E00094F83C1060F3030184F83C1016E04FF41A
:10C6F000807130460EF024FC35EA00000ED14FF474
:10C70000007130460EF01CFC38EA000006D13046BD
:10C710000DF01AFB0646002E7FF452AF4FB194F88D
:10C720003C1000206AF3030184F83C10A762A08249
:10C73000E08207B03846BDE8F08F00002DE9FF4FDA
:10C7400083B08B4682460DF043FC060012D041F6C2
:10C75000FF784446002150460EF038F90090002141
:10C7600050460EF08EF9019050460DF0EEF9074656
:10C7700000255FE0002007B0BDE8F08FDAF8080080
:10C780003149006850F8250081460EF0E0FBE8BB17
:10C790004FF4805148460EF0D3FBB8B3012E04D0BD
:10C7A000022E08D0032E44D11AE0B9F91400BAF8C9
:10C7B0001420009932E0BAF818200199B9F918004C
:10C7C000511A069A09B2104400B2584531DB059A55
:10C7D00090422EDC401A00B2002821DD014620E004
:10C7E000B9F81820B9F81410BAF81830501A401CCB
:10C7F00000B200EBD070BAF8142001EB6000991A77
:10C80000491C0BB2009900B25B1A00E011E00199DB
:10C81000591A01EBD173009901EB63011144D0E780
:10C820004142002C01DD224600E06242914200DAE2
:10C8300004466D1CBD42A1D3444501D1002000E057
:10C84000604200B297E70000010004002DE9FF4FAD
:10C8500083B08B4682460DF0C2FB060012D041F633
:10C86000FF784446002150460EF074F900900021F4
:10C8700050460EF034F8019050460DF066F9074628
:10C8800000255FE0002007B0BDE8F08FDAF808006F
:10C890003149006850F8250081460EF058FBE8BB8E
:10C8A0004FF4805148460EF04BFBB8B3012E04D034
:10C8B000022E08D0032E44D11AE0B9F91600BAF8B6
:10C8C0001620009932E0BAF81A200199B9F91A0035
:10C8D000511A069A09B2104400B2584531DB059A44
:10C8E00090422EDC401A00B2002821DD014620E0F3
:10C8F000B9F81A20B9F81610BAF81A30501A401CB4
:10C9000000B200EBD070BAF8162001EB6000991A63
:10C91000491C0BB2009900B25B1A00E011E00199CA
:10C92000591A01EBD173009901EB63011144D0E76F
:10C930004142002C01DD224600E06242914200DAD1
:10C9400004466D1CBD42A1D3444501D1002000E046
:10C95000604200B297E70000010004002DE9FF4F9C
:10C9600083B00E46DDE910B41746002103980EF09F
:10C9700074FA0546002103980DF04FFF0146F07848
:10C9800082070BD5C30742F2D17202D0954202D082
:10C9900006E0914206D120F00200F070C00701D0FD
:10C9A0007D4800E07D488146F078C00712D07B4882
:10C9B0004FF0000AA4F802A0A4F804A0C4F810A044
:10C9C000A4F800A0C4F808A0C4F80CA0804639461A
:10C9D0000197ADE07048EBE70198B84206D04FF4FC
:10C9E000000128460EF0ACFA002873D16C492846A5
:10C9F0000EF0ADFA00286ED1002128460DF0FCFEA5
:10CA0000029070B32069401C2061A28802EB0B01E8
:10CA1000A180217DC90771D000EB800080000BF060
:10CA2000B5FB0090F0B1E16851B12069401E00EB08
:10CA30008000820000980BF073FCE0680BF0F2FBC2
:10CA4000206900EB8001009800EB81004FF00001AD
:10CA500040F8145CF078C007284604D041F2020286
:10CA600003E039E0FEE741F205020EF0D5F8216956
:10CA700000B201EB8102009901EB820121F8100C58
:10CA8000F0784FF00001C007284602D041F20302BF
:10CA900001E041F206020EF0BFF8216900B201EB9D
:10CAA0008102009901EB820121F80E0C20690299A4
:10CAB00000EB8002009800EB820040F8081C20691F
:10CAC00000EB8002009800EB820040F804AC009874
:10CAD000E06013E032E020E02846494688470146FE
:10CAE000F078800705D5B4F9040042180698824210
:10CAF00024DCA28801EB0B001044A08028464146AC
:10CB000088470146B4F90000814202DD28464146CB
:10CB100088472080A068401CA060F078400702D5BC
:10CB20004FF0FF3000E0012001994118019105D438
:10CB300003980CF0F8FF051E7FF44EAFB4F9040023
:10CB4000002802DDA0EB0B00A080206908B1069848
:10CB500001E0B4F904006080CDB10198B84216D16B
:10CB6000039901AA8968096851F82050F078C0F348
:10CB70008001039800F002FE4DB1284641468847E7
:10CB8000208028464946884760800120A06001989F
:10CB900007B0BDE8F08F0000AFAE0108C79C0108E8
:10CBA000010006002DE9F04FB24D93B0044600217C
:10CBB0002A880EF031F89DF81710421C62F300012C
:10CBC000820862F34101C00860F382018DF81710FA
:10CBD000204600216A880EF01FF88DF814002046C8
:10CBE0000021AA880EF018F88DF8150020460021C3
:10CBF000EA880EF011F88DF81600002120460DF09D
:10CC00008EFD012800D0002081469DF817004FF0CE
:10CC10000001C00720460CD00DF087FF82469DF82A
:10CC200017004FF00001C007204605D00DF0ABFE05
:10CC300004E00DF0A8FEF1E70DF077FF07909DF8F6
:10CC40001700C007204602D00CF0EBFF01E00CF00B
:10CC5000CEFF06902046002141F232020DF0DCFFAB
:10CC600005462046002141F610020DF0D5FFE18A6D
:10CC70002844461820460DF0C7F9301AADF82000B8
:10CC80002046002141F612020DF0C6FFA18A284479
:10CC9000451820460DF0B1F9281AADF840009DF86E
:10CCA00017009DF81660C00701D008AD00E010AD78
:10CCB000002120460EF0D1F81190002120460DF001
:10CCC000ACFD83469DF81700C10708D0ABF51C5298
:10CCD000D13A02D1618C890509D5C10708D1119AD1
:10CCE000A2F51C51D13903D1618C490500D400262D
:10CCF000B9F1000F08D0C00706D116B1012E02D03D
:10CD000002E0012600E000260027ADF83C70B8469E
:10CD10008EB39DF81700400703D5A0684268521EE5
:10CD200015E0002213E000200E9009A90798CDE934
:10CD3000000105A92046069BFFF710FE0246BDF83C
:10CD4000241007EB0A00084407B208F10108A068A4
:10CD50004068904201DD002AE5DAB8F1000F02D008
:10CD6000A7EB0A0007B29DF81700C007204603D0C2
:10CD70000CF03DFF02E00BE00CF053FF0FA9CDE9F2
:10CD8000005101460FFA88F33A46304613F0F2FBA1
:10CD90009DF81700410703D5A1684E68761E00E094
:10CDA0000026B9F1000F04D0C00702D1288838440A
:10CDB000288009AFA0684068B04249DD002E47DBFB
:10CDC00001200E900798CDE90007324605A92046BC
:10CDD000069BFFF7C3FD8046B9F1000F08D09DF810
:10CDE0001700C00704D12888BDF82410401A2880F5
:10CDF000DDE90601BDF9202002AB019283E8830042
:10CE0000BDF9400000904346324605A92046F7F799
:10CE1000BBFC46460C980BF005FA00200C90B9F1CB
:10CE2000000F03D09DF81700C0070AD02888BDF86E
:10CE30002410BDF83C20014402EB0A00084428807D
:10CE4000B8E7BDF83C20298802EB0A00081AF6E78B
:10CE5000119942F2D170814201D0834502D120461E
:10CE60000EF017FE00222B21204608F037F913B0F0
:10CE7000BDE8F08F600000202DE9F05F0546007EE0
:10CE800092468B46C0076BD14FF00108EC68002634
:10CE9000C1467CB9287EC0F3C000401E30425FD13D
:10CEA000B9F1000F5CD02846594688474FF000087A
:10CEB0000446C1460EB9261E52D0B8F1000F06D066
:10CEC00021462846524690470446B04248D04FF08B
:10CED0000108002CDED020680DF0EAFB0006D8D453
:10CEE00027683AE0012138460EF02AF880B32FB1C6
:10CEF000012138460EF024F80028CAD1E868A04283
:10CF00002ED070B1284600F043FA0246E8680F219F
:10CF1000006808F0E3F8012822D1E86800680EF004
:10CF2000DDFA2846EC6000F033FA0246E8680E218C
:10CF3000006808F0D3F8012812D1E86800680EF004
:10CF4000CDFA296900290BD02846BDE8F05F0847D3
:10CF5000FFE738460CF0F8FE0746002FC2D1CDE7B8
:10CF6000BDE8F09F2DE9F34F8FB0054669460CF000
:10CF700072FE28460DF09BFF0B9028460CF0A3FE96
:10CF80000A90002128460DF052FD07900021284606
:10CF90000DF0A8FD0746002128460DF00CFE0446C2
:10CFA000002128460DF0CCFC8346002128460DF0D8
:10CFB000CAFD0646002128460DF0FAFC06F00101E4
:10CFC00006EBD67201EB620100F0010200EBD070BB
:10CFD00002EB6000491C401C09B200B20D2900DBC5
:10CFE0000D218A460D2800DB0D2081460D2F00DB28
:10CFF0000D27B8460D2C00DB0D2426465846BBF104
:10D000000D0F01DA074600E00D2700246BE0A86A47
:10D0100000EBC40108A803F0A8F8BDF920000799A7
:10D02000884213DCBDF900200D2900DB0D21511AC7
:10D0300000EB0100ADF82000BDF92200B04233DC66
:10D04000BDF902100D2E07DA324606E0BDF80020C9
:10D05000A2EB09010844EDE70D22891A00EB01005B
:10D060000B99ADF82200BDF92400A1EB0801891E3F
:10D07000424688421EDBBDF90010B8F10D0F014495
:10D08000104600DB0D2008440A99ADF82400BDF9D4
:10D090002600C91B891E88421DDBBDF902100D2F19
:10D0A00008440DDA39460CE0BDF80220A2EB0A0173
:10D0B0000844D5E7BDF80010014401EB0900E3E79F
:10D0C0000D210844ADF82600002208A81099F4F7B5
:10D0D000C5FD58B905E0BDF80210014401EB0A0096
:10D0E000F0E7641CA4B2288EA04290D8288EA042FB
:10D0F00001D14FF6FF7411B02046BDE8F08F10F05B
:10D10000070000D101207047B0F90C00032101EBAA
:10D11000400020F00300103070472DE9F05F894691
:10D120009346824600210DF074FC054600215046CE
:10D130000DF0CAFC8046002150460DF02EFD04463D
:10D14000002150460DF0EEFB064650460DF0AFFEB6
:10D15000411BA1EB080750460CF0B5FD001B801BDE
:10D160008742504605DA0DF0A2FE411BA1EB0800F4
:10D1700003E00CF0A8FD001B801B00EBD07040F317
:10D180004F00BAF8141042191144A9F80010BAF867
:10D19000161002191144A9F80210BBF1000F01D0BA
:10D1A000ABF80000BDE8F09F024A002112880DF0A4
:10D1B00033BD000070000020034A10B50021128921
:10D1C0000DF02AFDC0B210BD70000020034A10B55A
:10D1D000002152890DF020FDC0B210BD700000206A
:10D1E000032901D2012300E00023C01A03EB43030B
:10D1F00001EB8301891EC1EB41110C23B1FBF3F15B
:10D2000011446422B0FBF2F2014401EB9001891A4F
:10D210004FF4C872B0FBF2F008440721B0FBF1F202
:10D2200001FB1200C0B270472DE9FC470F0023D06C
:10D230000569686928B10168B94202D14068BDE852
:10D24000FC87698A00224FF0040CC1F308040CE04B
:10D25000AE6802EB820356F823100CEB8303F35AFB
:10D26000791A8B420AD2521C92B29442F0D818B169
:10D2700007606969002048600020E0E702EB820453
:10D280001222A86802EB84020026825C4FF0060995
:10D29000022A0CD04FF00C0A6AB1DFF8A8C00823AC
:10D2A0004FF01008032A0FD0012A26D043E009EBE3
:10D2B0008402805A06E00AEB840209EB8403825858
:10D2C000C05A515C461836E0ADF8041008EB8401F2
:10D2D000CDF800C003EB8408425A50F8081002232E
:10D2E00001A8F5F7BDFF30B3A96851F80820801AEE
:10D2F00009EB84024010895A1CE0ADF8041008EBD9
:10D300008401CDF800C003EB8408425A50F808109D
:10D31000022301A8F5F7A4FF68B1A96809EB84030B
:10D3200051F80820801A0AEB840240108A58C95A22
:10D3300032F810000E18686910B10760686946601D
:10D3400030467CE7E93C02082DE9F0410D460446F1
:10D3500000F03DF9071E19D0F88A00212D1A384631
:10D360000DF0F7FC0689002138460DF022FD00EB98
:10D37000D07105EB6101304409B200B291FBF0F0CD
:10D38000A18E80B2814201D8491E88B2BDE8F081E9
:10D390002DE9F041002607463546304610E000BF33
:10D3A00009F0EBFA216DB94209D1022802D0042814
:10D3B00003D003E02046BDE8F081264625462046FE
:10D3C00009F0A0FA0400EBD10EB13046F3E70DB13D
:10D3D0002846F0E7BDE8F041002009F093BA0000CC
:10D3E0007CB50369006900255B8AC4689E04A36854
:10D3F0002BD4980F17D00120B0EB937F31D101EBE4
:10D4000002402668019018480090A068042320F08C
:10D410004042314601A8F5F723FF10B3801B80106E
:10D4200061680D561DE001EB02202668ADF804008E
:10D430000E4823F0404200900223314601A8F5F740
:10D440000FFF70B1801B4010EAE76068405C995C98
:10D4500038B131B1637B2268401E10FB0320491EA6
:10D46000455628467CBD0000D7F10008EBF10008C6
:10D470002DE9F84F0C460646002120460DF033F901
:10D4800000EBD07045084FF44037394620460DF088
:10D49000B9FA8246394620460DF00FFB0090394616
:10D4A00020460DF073FB8346394620460DF033FAD3
:10D4B0000146A08A228D0244531BA3EB0A0060F3AD
:10D4C0000F08E08A638D034400985C1B201A60F308
:10D4D0001F4805EB0B00104460F30F09681818444F
:10D4E00060F31F49C6F80080C6F80490BDE8F88FC5
:10D4F0002DE9FC5F88461F461446824605464FF4D8
:10D5000000310DF0F7F800EBD0704610A01B0FFAB9
:10D5100080F9A88EAC8C10F0060F06D0C0F3410045
:10D52000022804D0012845D004E0288D00E0E88CD2
:10D53000204484B204F15A0000B212F0D7F810FB74
:10D5400009F0C51320B212F0D1F810FB09F0C41392
:10D550004FF44039494650460DF05BFA8346494640
:10D5600050460DF0B1FA0190494650460DF015FBBA
:10D570000090494650460DF0D5F9B8F800103044F7
:10D580004A19A2EB0B01891B3980B8F800104A191F
:10D59000019931441144B980B8F802100A19009970
:10D5A000511A891B7980B8F8021021440844F88088
:10D5B000BDE8FC9FB5F93000B5F93210084400EB26
:10D5C000D070B5F92E1040108142B0DBADE7406A53
:10D5D000002802D000210CF0A6BA704700210CF000
:10D5E000A2BA00002DE9F04105460F46698C0020E3
:10D5F0000426C1F3C503EA680FE000BF06EBC004D0
:10D6000014595FEAC41C07D524F07F44BC4203D1FF
:10D6100052F83000BDE8F081401C8342EED84FF054
:10D62000806000EB71204FEAF0506884C0F3C500C1
:10D63000C10010460AF04CFEE860C0B3688CC0F32D
:10D64000C504641E16D06FF003025300E86802EBB5
:10D65000C40141585FEAC11C0CD489010AD403EB10
:10D66000C40C00EBC4018444641EDCE9000CC1E975
:10D67000000CEBD1E868082100EBC4000AF02EFF93
:10D6800008200AF057FDE96841F8340010F03DFB2E
:10D69000EA6806EBC400115841F080711150EA6845
:10D6A00067F317011150E86850F83400B2E7FFE75C
:10D6B000FEE700002DE9FC410068C068C068B0FBCF
:10D6C000F1F4944200DD1446154F786800688069D3
:10D6D00020B30020ADF80000ADF80400ADF8020062
:10D6E00025B2681E06B2ADF8066078686946006823
:10D6F00082699047BDF80600BDF80210401A401C30
:10D7000000B2A04202DD351EEBDC01E0002D02DCA0
:10D710000020BDE8FC81BDF90640641C2046F8E706
:10D7200044000020491E01D5401E0C310C2901DBAC
:10D73000401C0C3901290DD0072091FBF0F200FBB1
:10D74000121000EBD07121F00101401AC0F11F004E
:10D75000C0B2704781070CD16421B0FBF1F201FB2C
:10D76000120149B94FF4C871B0FBF1F201FB12008C
:10D7700010B100201C30EBE70120FBE7136821B15A
:10D780005B1E13600BD4806805E05B1C136080682F
:10D7900041688B4203DA006850F82300704700208C
:10D7A00070472DE9F84315460E46044609F0A4F8E3
:10D7B00009F0E3F801280AD0032808D04FF6FF70DB
:10D7C00005B1288006B130800020BDE8F88309F05B
:10D7D00093F8694609F0A6F84FF0000875B32046A3
:10D7E0000CF00BFCBDF80010084407B200212046E5
:10D7F0000CF0B1FF01280CD0A08A00213F1A20466E
:10D800000DF031F9381A02B240460021A5F8008027
:10D8100010E0002120460DF081F9218B081AC01B71
:10D82000F1E7236B33F81030194409B28A4205DB63
:10D83000401C2880A38C80B29842F2D3FEB12046CF
:10D840000CF0E2FBBDF802100844E18A451A002101
:10D8500020460DF0D3F9281A02B240460021A6F85E
:10D86000008008E0E36A33F81030194409B28A42B4
:10D8700005DB401C3080E38C80B29842F2D301205B
:10D88000A3E72DE9FF4F83B005461F460598F5F73E
:10D89000BAFB01218140B5F8208001F0FF096FEA51
:10D8A000080080B2019095F822004FF0FF36C0F3D7
:10D8B000800B00244FF0040A22E0E96801EBC40069
:10D8C0004268920149D5BBF1000F18D10AEBC4029E
:10D8D0008958049AC1F30741090491420FD10068A5
:10D8E000817911EA090F0AD06A46059910F0DCF92E
:10D8F00028B100983860012007B0BDE8F08F641CA3
:10D90000688CC0F3C500A042D7D826E0E8680AEBCF
:10D91000C40200EBC4018058C0F307421FFA80FB29
:10D9200004981204824217D10868817911EA090F1C
:10D9300012D0019A1BEA020F0ED1B3450CDD6A46E4
:10D94000059910F0B1F938B15846C345D1D05E45BC
:10D9500002DA064600983860641C688CC0F3C50083
:10D96000A042D3D8002EC4DA0020C5E72DE9F04745
:10D97000814642F30006C0F15A001D460F46540886
:10D9800000B2761C11F0B2FEA7EB040800FB08F011
:10D99000C711484611F0AAFE00FB08F0C011002F85
:10D9A00006DD7F3F39120A1B32442A80214405E0FC
:10D9B0007F3739120A1B21442A80891BA98000283D
:10D9C00006DD7F380012011B31446980204405E0E8
:10D9D0007F300012011B20446980801BE880BDE875
:10D9E000F0870000024A002192880DF015B900006E
:10D9F000700000202DE9FF4F0746808C85B048431A
:10DA000084B20798A14600250289DDE91510084473
:10DA1000049010440FFA80FA57E0BB6A53F82410C0
:10DA200079B3D7F830C00026401E3CF915B013E09A
:10DA3000A21953F8222092B11278D2070FD0AA1956
:10DA40004FF0020808EB42023CF80280761C08EB1B
:10DA50000B020FFA82FBB6B272198242E8DB002099
:10DA600001B1087880070DD507981599B0F908001D
:10DA70000144169808445146504500DC08460FFA08
:10DA800080FA1EE0DDE913020244ABEB020000B2B3
:10DA9000129ACDE9002000230293DDE9072303A8B1
:10DAA000491C11F0E7FEBDF90E10049808445146D8
:10DAB000504500DC08460FFA80FAA01984B2A81974
:10DAC00085B2641C6D1CA4B2ADB2B88C00EB090128
:10DAD000A142A2D809B05046BDE8F08F034A10B564
:10DAE0000021D2890DF098F8C0B210BD700000205E
:10DAF000034A10B50021128A0DF08EF8C0B210BD95
:10DB0000700000202DE9FC410C46064600210DF076
:10DB100028F905464FF4802130460DF022F9B5F979
:10DB20000870B0F90850002130460DF050F9E9199D
:10DB300001EBD17100EB610005B230460CF0C3F887
:10DB4000F18A00EBD07001EB600005EBD571A0EB22
:10DB5000610060802844E080694630460CF07BF824
:10DB6000BDF800002080BDF80400A080BDE8FC8165
:10DB70002DE9FF410646FFF731FD040021D04FF4A7
:10DB80008027394630460DF0ECF80546304641F224
:10DB90005A4239460DF040F806B2204609F074FCAE
:10DBA0000146002041F6FF72CDE9000202903346A3
:10DBB0002A4603A811F05EFEBDF90C0004B0BDE8D2
:10DBC000F0810020FAE739B1012909D0022905D0F6
:10DBD000042907D0002070473C3070474830704718
:10DBE00054307047603070472DE9F04104460D46CF
:10DBF000668C00200423C6F3C501E2680BE000BF79
:10DC000003EBC007D7595FEA871C03D527F07F478E
:10DC1000AF4202D0401C8142F2D8814203D002EBD5
:10DC2000C000BDE8F0814FF0806000EB76204FEA45
:10DC3000F0506084C0F3C500C10010460AF048FBF4
:10DC4000E060608CC0F3C500401E0DD06FF007028D
:10DC5000E16802EBC00601EBC0030E44401ED6E9AA
:10DC60000016C3E90016F3D10821E0680AF036FC7B
:10DC700008200AF05FFAE168086010F046F8E168F1
:10DC8000486840F000704860E16865F3170048603C
:10DC9000E068C6E738B50C480D46144690F82000F9
:10DCA0004FF00201C0074FF0120002D00EF00EFE3E
:10DCB00001E00EF023FE2246294604F00FF8009002
:10DCC000BDF8000038BD00000C4F00202DE9F047E2
:10DCD0004FF0000CDDE90964089DDDF82CA0E14659
:10DCE0006F1E09BB052A03D0062A01D0042A02D1DF
:10DCF0000023012D01D0002109E001225FF0000185
:10DD00009C4436F81180491CC4440FFA8CFCA9428B
:10DD1000F6D3ACEB030109B2072A2AD2DFE802F0FE
:10DD200004070B2921160D00A4F8009021E0411AE8
:10DD300001EBD17112E0411A11E0411A09B23AB275
:10DD400091FBF2F1A4F800900BB212E0411A09B273
:10DD50002AB291FBF2F10BB203EBD371491021808F
:10DD600007E0411A0AB2691C09B292FBF1F10BB249
:10DD7000238000210BE000BF34F8112036F811C0D9
:10DD8000624404EB410C1A44ACF80220491CB9422D
:10DD9000F2D304EB450106EB450231F8021C32F8E0
:10DDA000022C11442288891A0AB2BAF1000F0CD051
:10DDB000002108E034F8113036F81170C31ADB1B6B
:10DDC00024F81130491CA942F4D31046BDE8F0876D
:10DDD00070B58AB00446FFF7E7F905462046FFF71D
:10DDE00001FE002D5FD000285DD069462046F6F781
:10DDF00073F90C2107A80AF071FB2046002141F2BB
:10DE000032020CF009FF05462046002141F61202BD
:10DE10000CF002FF46192046002141F610020CF0DA
:10DE2000FBFE054420460CF0E8F8A18A3144081AAC
:10DE3000ADF8240020460CF0E7F8E18A2944081ADE
:10DE4000ADF82600002507E0006807AA694650F8EB
:10DE5000250001F039F86D1CA0684168A942F3D88B
:10DE600000980AF0DFF901980AF0DCF902980AF04C
:10DE7000D9F903980AF0D6F9002120460CF0F4FFF6
:10DE80000546002120460CF0CFFC42F2D1718D42B4
:10DE900001D0884202D120460DF0FBFD00222B214B
:10DEA000204607F01BF90AB070BD0021A0F1300236
:10DEB000092A01D8D1B216E0612801D32038C0B2B6
:10DEC000413806280FD2DFE800F0030507090B0DE3
:10DED0000A2108E00B2106E00C2104E00D2102E0FC
:10DEE0000E2100E00F21084670472DE9F047044657
:10DEF000406A4FF4404102F0BCFB94F92E10A08D13
:10DF00000122FFF76DF90546206B18B300264FF08C
:10DF100002084FF00309AF1D4FF4004A17E0206BD1
:10DF2000A28D30F8261091420FD108EB86014156A0
:10DF300094F92E20914208D109EB860140565246B1
:10DF4000384481B2606A02F089FE761CB6B2A08EB7
:10DF5000B042E4D8A08D218D884211D194F92E10C1
:10DF600094F92A0081420BD194F92B00AD1D28446D
:10DF700081B2606ABDE8F0474FF4804202F06EBEA5
:10DF8000BDE8F0872DE9F0410446406D0D460028BC
:10DF90002BD0A968022230F9217002EB8101465E84
:10DFA000A87B01280AD1B4F90C00B84203D1B4F916
:10DFB0000E00B04202D0201D00F088FC201D00F0B1
:10DFC000E9FC002811D127816681A87B012804F192
:10DFD00004000CD000F07AFC201D00F0DBFC0028CF
:10DFE00003D12089A0816089E081BDE8F08100F043
:10DFF0007DFBF1E770B5254C0546042160680CF007
:10E000009FFF002828D0E96A6068814224D00BF085
:10E0100055FE0646E86A08B10BF050FE86421CD158
:10E020001EB1606807F026FC0FE0E86A40B10F21DE
:10E03000A26807F053F8284600F0ACFC00280BD18A
:10E04000D4E901020E2107F049F8284600F0A2FCAD
:10E05000002801D16068E86270BD78B1EB6A53B105
:10E06000A26888B11021184607F038F8284600F059
:10E0700091FC0028F0D1002EE2D0D2E7E86A002817
:10E08000F9D00F21A268EFE70F21ECE72400002070
:10E090002DE9F0470D460446897B40794FF0000892
:10E0A00001292AD0010708D520F0080121F001013B
:10E0B000C4F84480617184F80880277AA87B2072B4
:10E0C0006868E060D4F850905FEA09007ED007F0FD
:10E0D0002DFCB34E0028706078D0A87B08B1A5F85D
:10E0E0000C80484607F022FC706000286ED0A97BA7
:10E0F000012905D000296AD00AE1000766D4DCE7CF
:10E1000017B1012F30D003E111F07EF86064696827
:10E110000A2909D014291AD013291BD01B291DD074
:10E12000484607F06DFCF3E070680DF01DFA20B969
:10E13000102170680CF004FF08B1012700E00027EF
:10E14000484607F0EDFB8743D6D1012163E0A8895B
:10E15000401E01E0A889401CA881D9E01B21484647
:10E1600007F04EFC202156E06079C0073DD1606C7D
:10E1700011F044F82168898B8842607933D940F0E6
:10E180000100607111F040F8A06468680A2819D194
:10E1900070680DF0E9F920B9102170680CF0D0FE1C
:10E1A000B0B1484607F0C9FB01280BD9484607F033
:10E1B000B7FB80F00101484607F02DFC2021706874
:10E1C0000BF0C2F8607940F00100A0E087E02CE09D
:10E1D000D6E90102052106F081FF201D00F0DAFBDF
:10E1E00000287CD1EEE7C0071ED0A06C11F006F825
:10E1F0002168C98B884217D911F006F8A0646968B4
:10E200000A2907D01429A2D01329A3D0484607F021
:10E21000F7FB04E00621D6E9010206F05FFF201DAE
:10E2200000F0B8FB00285AD172E0012F70D1696864
:10E230000A2967D10DF098F920B9102170680CF007
:10E240007FFE80B3484607F06BFB002860794FEAF9
:10E25000C07052D020B1484607F06FFB012847D864
:10E26000D6E90102082106F039FF201D00F092FBDB
:10E2700000286AD1D6E90102042106F02FFF201DF3
:10E2800000F088FB002860D1D6E90102072106F0E2
:10E2900025FF201D00F07EFB002856D10A214846AC
:10E2A00007F0AEFB2EE0FFE7D6E90102082106F0F9
:10E2B00015FF201D00F06EFB002846D16079C007D5
:10E2C00004D1D6E90102042106F008FF201D00F068
:10E2D00061FB002839D1D6E90102072100E034E0D2
:10E2E00006F0FCFE201D00F055FB00282DD109E0B2
:10E2F000202170680BF028F804E018B90121484685
:10E3000007F089FBC4F84480607920F00100607157
:10E31000C6F80480A889002817D0484607F000FBFB
:10E320000028B5F90C001FD0002810DA4FF00004C7
:10E3300006E000BF4FF01401484607F061FB641C83
:10E34000B5F90C004042A042F4DCBDE8F087FCDDEA
:10E35000002404E01321484607F052FB641CB5F981
:10E360000C00A042F6DCF0E700280CDA4FF00004C5
:10E3700003E0484607F0C6FA641CB5F90C004042B9
:10E38000A042F6DCE1E7E0DD002403E0484607F0C8
:10E3900069FA641CB5F90C00A042F7DCD5E700006F
:10E3A0002400002070B50446806A002870D194F8DB
:10E3B0003D00C0076CD14FF40046256A03E02846B3
:10E3C0000BF0C2FC0546002D62D0314628460CF009
:10E3D000B7FD0028F3D1B4F91000002801DD014693
:10E3E00000E041422B4A926813689B7E994209DA09
:10E3F000B4F91210002900DC4942994202DA0021E6
:10E4000021876187218F084400B22087618F638A4A
:10E410000028194409B2618701DD034600E0434248
:10E420001668F67EB34206DC002901DD0B4600E0EB
:10E430004B42B3422CDD012384F83D30002801DD3E
:10E44000034600E04342002901DD0E4600E04E4253
:10E45000B34209DD002894F83C0020F0F00001DD13
:10E4600020300AE0103008E094F83C00002920F049
:10E47000F00001DD803000E0403084F83C000C21E9
:10E48000284606F02BFE2046BDE8704000F082BA18
:10E4900070BD0000240000202DE9F0410E46044626
:10E4A000897B4079002701291DD0010704D520F080
:10E4B0000900676460712772D4F850805FEA080031
:10E4C0007ED007F033FA5B4D0028686078D0E268B0
:10E4D0007168E160217AB37B2372B37B012B05D095
:10E4E000002B7AD0A3E000076AD4E5E711B1012937
:10E4F00030D09CE010F088FE606471680A2909D071
:10E500001B290DD0092915D00B291BD0404607F037
:10E5100077FA8CE00A21404607F072FA012104E004
:10E520001B21404607F06CFA2021D5E9010206F0D4
:10E53000D5FD4AE00021404607F06DFA404607F05D
:10E5400091F942E00021404607F065FA404607F0A5
:10E55000D9F93AE071680A2908D10221AA6806F0BF
:10E56000BDFD201D00F016FA002861D16079C007BA
:10E5700014D1606C10F042FE2168898B884260796A
:10E580000AD940F00100607170680A284FD110F07C
:10E590003BFE0521A064C8E7C00748D0A06C10F07E
:10E5A0002DFE2168C98B884241D910F02DFEA06450
:10E5B00071680A290FD00929BCD00B29C2D001E00B
:10E5C00036E00AE0404607F01BFA201D00F0E2F9B1
:10E5D00000282DD12BE00621A7E7012927D1726061
:10E5E0000A2A1FD10821AA6806F078FD201D00F034
:10E5F000D1F900281CD16079C00709D1D5E9010201
:10E60000042106F06BFD201D00F0C4F900280FD195
:10E61000D5E90102072106F061FD201D00F0BAF9DD
:10E62000002805D16764607920F0010060716F6097
:10E63000BDE8F0812400002070B5044600680D4656
:10E64000098800692182698861820268117CC1F3AE
:10E650000111022901D003290AD111882A88891AB7
:10E66000491E298001686A884988891A491E69807B
:10E670000168097CC1F30111012901D0032907D1E7
:10E6800069882A886A8000684088401A401E28806D
:10E690002068006903F028FF2068006903F06AFF22
:10E6A000E06C78B1B4F90C20B5F900108A4205D1BC
:10E6B000B4F90E20B5F902309A4203D0B5F9022020
:10E6C0000DF0F5FE28882081688860812079012876
:10E6D00004F1040006D000F0F9F82089A0816089D7
:10E6E000E08170BD00F002F8F7E700002DE9F0418D
:10E6F000754D0446006A6860617809077DD4A96891
:10E70000002609680F6930B1A16A39BB4FF4005186
:10E710000CF016FC10BB384603F0FCFE211D08F07F
:10E7200004FA686070B9384603F0FCFE211D08F059
:10E73000FCF9686030B9384603F006FF211D08F087
:10E74000F4F96860606A48B1268366832046F4F76E
:10E750005FF8204600F01EF900284ED1206A696853
:10E7600088423CD0A1882181E188618140B10321A8
:10E77000AA6806F0B3FC204600F00CF900283CD152
:10E7800068682062606250B310F03EFD20646078DB
:10E79000012120F001006070A682E68294F83C001E
:10E7A00020F0FF0084F83C0084F83D6026876687EF
:10E7B00026826682D5E9010206F090FC204600F030
:10E7C000E9F800287DD1A8684179090779D4001DAE
:10E7D000FFF710FC204600F0DDF8002871D1A0887A
:10E7E0002189401A02B22282E0886189401A01B26E
:10E7F0006182B4F91800431000E062E0B4F91A0035
:10E8000003EB62024010228300EB61006083A06989
:10E81000E0616868002854D00221AA6806F05EFC16
:10E82000204600F0B7F800284BD1A86840790007CF
:10E8300047D42046F3F760FF204600F0ABF80028ED
:10E840003FD12046FFF7AEFD204600F0A3F8002898
:10E8500037D1A06A002834D16078C0071DD1206C60
:10E8600010F0CCFCAA681168898B88420FD9052169
:10E87000686806F033FC204600F08CF8002820D1B0
:10E88000607840F00100607010F0BEFC6064A06A27
:10E89000002816D16078C00713D0606C10F0AEFC71
:10E8A000AA681168C98B88420BD90621686806F0EE
:10E8B00015FC204600F06EF8002802D110F0A4FCF0
:10E8C0006064BDE8F0810000240000202DE9F041E3
:10E8D000044640784FF00006010706D526626662BE
:10E8E000266420F00800666460701A4D206A686033
:10E8F000A76A18B30821AA6806F0F0FB204600F0CA
:10E9000049F8002824D1B7B96078C00709D1D5E902
:10E910000102042106F0E2FB204600F03BF800284B
:10E9200016D1D5E90102072106F0D8FB204600F0F8
:10E9300031F800280CD1266226646664002F07D0C7
:10E940002046F3F765FF2046BDE8F04100F022B80D
:10E95000BDE8F081240000204279910716D50021FE
:10E9600041628162C162416481640183418390F8A4
:10E97000403022F0030223F00F0380F840308183FF
:10E98000C1838187C187427101484160704700009F
:10E99000240000204078810702D5034A00215160FD
:10E9A000C0F3400070470000240000202DE9F04132
:10E9B000044690F82A00C00738D0A08C0721B0FB8D
:10E9C000F1F0E18CB1FBF0F200FB121200EB400120
:10E9D0000A4492B2B2FBF0F300FB13200844E28435
:10E9E0002085002120460CF0BCF905460021204678
:10E9F0000CF0EDF90746B5F9085020460BF0F7F892
:10EA000006462046FEF7EAFD0246E18CE81941433E
:10EA100006EBD67005EBD573BDE8F0414010A0EBD6
:10EA20006300401A01B210460DF01ABFBDE8F08134
:10EA30002DE9F843856A0446802128460CF080FAC7
:10EA40004D4FFE0CC8B128460BF0C9FA01281DD065
:10EA5000022828D0032837D06786E68628460BF0A0
:10EA6000B7FA012847D0022850D003285AD0278669
:10EA7000A686208E002872D072E0334639463A4688
:10EA800004F13000009601F0ECFBF2E7E88A002385
:10EA9000401C01B232462846FDF7D8FE6086E88A5F
:10EAA000401E02B209E0B5F91A100023324628468A
:10EAB000FDF7CCFE6086B5F91A20002339462846BA
:10EAC000FDF7C4FEE086C9E7688BE98A0023401A97
:10EAD000401C00B200EBD07001EB600808F10100AF
:10EAE00001B232462846FDF7B1FE6086A8F101006A
:10EAF000002302B2E2E7B5F914100023324628469B
:10EB0000FDF71CFE2086B5F9142009E0B5F91810B0
:10EB1000002332462846FDF711FE2086B5F918205D
:10EB2000002315E0288BA98A0023401A401C00B25C
:10EB300000EBD07001EB600808F1010001B2324631
:10EB40002846FDF7FBFD2086A8F10100002302B254
:10EB500039462846FDF7F2FDA0868AE7FFE72786BB
:10EB6000A08E00B9A686608E00B96786E08E002868
:10EB700000D1E686BDE8F88301E0FFFF70B50D4CDB
:10EB8000064600200D460A4620601D21304606F04C
:10EB9000A5FA206858B1017839B12946F1F7DCFCB3
:10EBA00028B1304621680FF00FFF002070BD012012
:10EBB00070BD0000000200202DE9F04188B01F4622
:10EBC00014460D4606460CF001FD002842D0A54231
:10EBD00040D04FF4B470854202D9A5F5B475ADB2FA
:10EBE000844202D9A4F5B474A4B2B18C4A1995B286
:10EBF00021448CB2854202D9A5F5B475ADB28442E8
:10EC000002D9A4F5B474A4B207AA06A93046FEF747
:10EC100084FA394630460BF06DFD80463046394661
:10EC200051220BF0F9FF04A908B1012200E00022F3
:10EC3000CDE90221CDE90048BDF81C00BDF91A104C
:10EC400082B2BDF918002B4603F0D9FC04A9304666
:10EC50000CF078FC08B0BDE8F0811FB5044603AAAB
:10EC600002A9FEF75AFA6B46BDF90C2002A920460C
:10EC7000FEF73EFC694620460CF064FC1FBDF0B573
:10EC80000546A1F57F408BB00E46FF3858D0288E40
:10EC9000B04255D9A86A00EBC601684601F065FA92
:10ECA00003A928460AF0D7FF002128460BF04BFFA6
:10ECB0000746002128460BF07BFE044628460AF052
:10ECC000D1FF03F0FFFB0A2190FBF1F2BA4201DB16
:10ECD00090FBF1F790FBF1F33AB2A34201DB90FB1A
:10ECE000F1F4BDF80C30BDF80000991A0844ADF8F5
:10ECF0000000BDF80E10BDF802000F1B3844BDF82F
:10ED0000047000B23B441A44ADF80420BDF806205C
:10ED1000ADF802001144214409B2ADF80610AA8EE4
:10ED2000B24209D1EA6A32F81620920504D5091ACE
:10ED3000491C401AADF80200694628460CF002FC56
:10ED40000BB0F0BD1CB5044601466846FEF790FBCB
:10ED5000694620460CF0F6FB1CBD2DE9FC47044635
:10ED6000B0F882000D46A8427CD920460AF059FF2F
:10ED7000B4F88410484340F30F2620460BF06AF89D
:10ED8000074694F88800010705D500F00700012820
:10ED900006D002286ED02046BDE8FC470CF09EBB92
:10EDA000002120460BF004FD8046002120460BF098
:10EDB00022FEA28A40441044C01B0FFA80F920466C
:10EDC0004FF4A02140F649020BF026FF0FFA80F81D
:10EDD0004FF4003120460CF04EF80746A08AADF8FB
:10EDE0000000E28AADF80220208BADF8040008EBA9
:10EDF0000700618B121A0844ADF80220ADF8060036
:10EE0000B4F88200401EA84217DD06FB05F191FB15
:10EE1000F0F24A44A2EB0801C91BADF80010691CCE
:10EE2000714391FBF0F1494401EB08003844ADF81F
:10EE30000400694620460CF085FB002D41D0681E79
:10EE400006FB00F1B4F88200401E91FBF0F24A4448
:10EE5000A2EB0801C91BADF800106E4396FBF0F160
:10EE6000494401E02DE005E001EB08003844ADF82D
:10EE7000040022E0002120460BF093FDB4F884103A
:10EE800048434FEA2028B4F8820006EB080191FBC2
:10EE9000F0F67543002120460BF0ADFDA18A284411
:10EEA0004518694620460AF0D6FEE81B8119A0EBFA
:10EEB0000800ADF80410ADF80000694620460CF0DB
:10EEC00041FBBDE8FC8700002DE9F74F0D4682B0FD
:10EED0000446B1490CF03BF800287DD12046FEF7EE
:10EEE00075F982462046FEF703FE5FEA000973D0FB
:10EEF000BAF1000F70D02046FEF75EF907462046B3
:10EF0000FEF7ECFDDFF894B2064620460021BBF880
:10EF10000C200BF081FE00F0FF0820460021BBF81A
:10EF200012200BF079FEC0B201902B6807EB0A00AB
:10EF30006FF00102D5F808C033F8171002EB40005B
:10EF40001B5A3CF800001844401A00B200906B684D
:10EF500006EB090002EB400033F816101A5AEB6872
:10EF6000185A1044401A0FFA80FB002120460BF07B
:10EF7000DDFB01280AD1B8F1000F03D0B8F1020F70
:10EF800002D003E0022000E000208046208BA18A0E
:10EF9000401A401C0FFA80FA608BE18A401A401C2C
:10EFA0000FFA80F94046B8F1010F1BD0022824D097
:10EFB0002868B8F1030F30F9170028D18046608C1B
:10EFC000DDF800A040F480606084019801287DD0C5
:10EFD000022879D0032800E0DAE0686830F916707A
:10EFE00073D119E029680098A0EB0A0031F81710D6
:10EFF00000EBD07001EB600008E020460BF057FFFB
:10F00000296831F8172000991144081A00B2804687
:10F01000608C20F48060D7E7608CD94640F40070A3
:10F02000608420460BF043FF504504D120460AF08F
:10F030004AFE484527D0A08AADF80000E08AADF826
:10F040000200208BADF80400608BADF8060020466E
:10F050000CF044FA04F114005146054601F00DF994
:10F060004946284601F004F920460CF037FA6A4672
:10F070002921204606F032F820460AF065FE224695
:10F08000222106F02BF82046002143F20C020BF05F
:10F09000C3FD06B22046002143F20D020BF0BCFD79
:10F0A00005B220460BF003FF814620460AF00BFE16
:10F0B0000146C6F3413064224FF4FA634FF47A7C80
:10F0C00001281BD027E001E00AE013E06968ABEB00
:10F0D000090000EBD07031F8161001EB600008E079
:10F0E00020460AF0F0FD696831F8162002EB0B01AA
:10F0F000081A07B2608C20F4007091E726F4C04033
:10F10000984208DC604501DDC0F57A7000FB09F02B
:10F1100090FBF2F006B2C5F3413001280BD125F483
:10F12000C040984207DC604501DDC0F57A70484375
:10F1300090FBF2F005B2049A08EB060079191289E7
:10F140001044A28A801A05B2049840890844E18AD2
:10F15000401A06B255EA06001AD020460CF0BEF955
:10F16000A08A2844A082208B28442083E08A30444F
:10F17000E082608B3044608320460CF0AFF905B02C
:10F18000324629462046BDE8F04F01230CF056BA1E
:10F1900005B0BDE8F08F00000100060070000020FF
:10F1A0002DE9F041064615460F46002005E0394698
:10F1B0002046B04701280AD0204611F02BF9040060
:10F1C00002D060688000F2D10020BDE8F08105B176
:10F1D0002C600120F9E703880A88934201D0981A2D
:10F1E000704740884988401A704703780A789342EC
:10F1F00001D0981A704740784978401A704700004B
:10F200002DE9F0414268096822F040428A4227D144
:10F210000446FDF779FFDFF84C800546D8F8082052
:10F22000131BA2EB05005E1BC8F8080015D027468B
:10F2300061193246384609F073F806E0A068401BB1
:10F24000A0602046FDF760FF0444D8F8080084421F
:10F25000F4D1B819294609F041F90120BDE8F0813F
:10F260000020FBE74C00002070B5054605F0F3FEDA
:10F270000446284605F02DFF06460AF065FD0546C2
:10F280002A2C01D0292C0BD10021304608F0CEFCCD
:10F29000284611F071FA2846BDE8704012F078B99E
:10F2A00070BD000070B505460AF04FFC064600240C
:10F2B00006E0A868006850F82400FFF7F3FF641C1C
:10F2C000B442F6D3688CC1071ED020F001006884D8
:10F2D00028460CF0DEFB28460CF0FBFA002E13D07B
:10F2E000002128460BF0B5FA00280DD007494968DF
:10F2F000884209D80649096801EBC00050E902219B
:10F300002846BDE87040104770BD0000380000205E
:10F31000940100202DE9F0478046089D1F46E869CA
:10F3200000FB01F39B12002807DD934207DD00BFBD
:10F3300095F8280080070DD48BE09342F8DBCB19B9
:10F3400043439B12002808DD934239DA95F82800E0
:10F3500080077ED40120BDE8F0879342F6DCA869DF
:10F36000521C504340F395000312C0B2FF22002804
:10F3700028D000BF6E6AC0F1FF0404FB06F4A2EBC4
:10F38000242600BFA3EB0104A14636D0002C15DBD8
:10F39000BC4213DAC0F1FF00C6F1FF014843A2EB03
:10F3A0006020C1B295F82800800701D5C1F1FF01A6
:10F3B00018F8040010F004FF08F80400641C1CE0B6
:10F3C000A869CEE74FF0FF06DCE7002C10DBBC425B
:10F3D0000EDAA6EB6000C1B295F82800800701D5CF
:10F3E000C1F1FF0118F8040010F0EAFE08F804006B
:10F3F000686A641C361ABC4202DA686AB042E4DB0E
:10F40000BC4218DA002C16DBA869704380127043E6
:10F41000C0F34721E869002801DAC1F1FF0195F83E
:10F420002800800701D5C1F1FF0118F8040010F091
:10F43000C7FE08F8040095F82800800707D549465C
:10F44000B94506DC00290DDB404609E001E0641CFB
:10F4500001D500207FE7BC4204DC391B08EB040027
:10F4600009F03CF8022076E72DE9F05F06460A9F96
:10F470008A461D46B86900FB02F18C12002800DDA7
:10F48000641C97F82830544502DA980707D4D5E071
:10F490008C120AEB050CA44502DA98077ED483E0AF
:10F4A000521C424341F3950142F395044FEA21294E
:10F4B000221204F0FF08C9B2A9EB0A04914505D055
:10F4C000002803DA11B9FF219146641E914528D125
:10F4D000002C0CDBAC420ADA01EB0800410898076B
:10F4E00001D5C1F1FF01305D10F06AFE305597F88B
:10F4F0002800641C800706D5A9EB0A01A9424DDA51
:10F500008EE030460AE0AC4200DD2C46002C45D0AF
:10F5100006DD00BFA5EB040106EB040008F0DEFFEA
:10F5200089E04FF0FF0B002844DAF8694042484375
:10F530004FEAA028002C0DDBAC420BDA08FB01F0EF
:10F54000C0F34721980701D5C1F1FF01305D10F0EC
:10F5500037FE3055B969A8F1FF0041438812641E97
:10F5600011D4AC420FDAC8F1FF014143ABEB61208B
:10F57000C1B297F82800800701D5C1F1FF01305DC5
:10F5800010F01EFE305597F82800A41C800709D5FE
:10F59000A9EB0A01491EA9424DDC00E04EE000291A
:10F5A000AFDC48E0AC4202DD0120BDE8F09F002C5A
:10F5B000B0DA40E0C1F1FF00F96941434FEAA12808
:10F5C000002C0EDBAC420CDA00FB08F0ABEB602049
:10F5D000C1B2980701D5C1F1FF01305D10F0F0FD17
:10F5E0003055B969C8F1FF0041438912641C0ED43B
:10F5F000AC420CDA4843C0F3472197F82800800753
:10F6000001D5C1F1FF01305D10F0DAFD305597F8FA
:10F610002800641C800707D5A9EB0A01A9420DDC6C
:10F620000029BFF66EAF06E0AC4200DD2C46002C90
:10F6300004D03FF76FAF4FF00200B6E74FF0000085
:10F64000B3E77CB5446A07F057F9054607F095F92A
:10F6500004280CD1E18E204621870AF02FFB0646B4
:10F6600006F05EF918B10021304606F0D4F92846BC
:10F6700007F083F9012804D0284607F07EF9032813
:10F680000AD101A9284607F04DF9BDF90610204618
:10F69000FDF75AFEE0862087204605F0BAF9A06AF9
:10F6A00010B920460BF01AFFE08E00906A461C212C
:10F6B000204605F013FD7CBD2DE9F0410746884644
:10F6C00000261248F3F72FFA044619E021460F48A6
:10F6D000F3F73BFA05462068B84200D07FB961686D
:10F6E000414502D0B8F1000F09D121460748F3F790
:10F6F00084FA204608F0A8FDF4F780FA01262C468B
:10F70000002CE3D13046BDE8F0810000604F0020BE
:10F7100070B505460C460948F3F705FA0BE0016899
:10F72000A94204D14168A14207D0002C05D001466E
:10F730000248F3F70AFA0028F1D170BD604F0020AB
:10F7400010B50446402108F0C9FE4FF4FA70A062DB
:10F750000020E061642060620120A0870448A0616D
:10F7600094F83E0040F0010084F83E0010BD000017
:10F77000DBF7000838B504464FF480650095D4E9FE
:10F780000A200023194608F0C3FC4FF46E7332229E
:10F790000021009500F016FFE269616A891A414371
:10F7A00002EBA12038BD38B504464FF480650095C2
:10F7B000D4E90A200023194608F0AAFC40F2B63327
:10F7C0004FF461720021009500F0FCFEE269616A6D
:10F7D000891A414302EBA12038BD38B504464FF4E5
:10F7E00080600090D4E90A200023194608F090FCBC
:10F7F000E269616A891A414302EBA12038BDD0E970
:10F800000A128A4201DB406A7047C06970478B1A4E
:10F81000002B00DC531A4FF47A714B43B3FBF0F02A
:10F82000002800D10120704770B54168054611B12C
:10F830002868FFF741FF1948F3F7D6F9184E10B1C1
:10F840000FF0E2FC70601548F3F792F9040024D041
:10F850004022294608F064FD2868A84200D12460AF
:10F86000717894F83E0061F3820084F83E00C0078E
:10F870000FD0216939B120468847E1690144E1612F
:10F88000616A0844606262681AB1206808B1E1697F
:10F890009047F4F7B3F9204670BDFEE7604F0020B3
:10F8A0008801002010B500200C46888487216185DE
:10F8B0002D22A285E18449002185A18E21F0060137
:10F8C000A1864FF40041E185A18E2086642041F09D
:10F8D0000801608688B220F00100A0861001E08651
:10F8E0000FF092FCA063208DA0870221204609F032
:10F8F0002DF94FF44071204609F0ECFC2046BDE89C
:10F9000010400D210CF0EDBC2DE9F04FAFB00446D6
:10F9100005F0DFFB0746204605F0A3FB2A9028AA46
:10F920002CA93846FDF7F9FB06A82A9909F03AFFF9
:10F93000BDF9A000DFF888810DF1B00A0DF1080BC8
:10F9400000282DDD584602F03BFE02AA0021384671
:10F950000BF036FB0020CDF83CA01390CDE90780DA
:10F96000BDF8A000ADF8540006AA1A213846CDF81B
:10F9700038B005F0B3FBB98DB88C7A8D01441044D2
:10F9800089B280B2CDE90001BDF854302CAA02A999
:10F990002A9802F005FE06AA1B21384605F09EFBB8
:10F9A0004FF40039494638460BF033F806464946CD
:10F9B00038460BF089F80546494638460BF0EDF815
:10F9C0000446494638460AF0ADFFAE4201DD3146F5
:10F9D00000E02946844201DD224600E002469142D1
:10F9E00005DDAE4201DD304604E0284602E08442F7
:10F9F00000DD2046BDF8A010081A04B2002C34DD4A
:10FA000002A802F0DDFD02AA4D46494638460BF039
:10FA1000D7FA0120CDF83CA01395CDE90780ADF8C9
:10FA2000544006AA1A213846CDF838B005F056FBE6
:10FA3000BDF90A10BDF95400814201DDADF80A009C
:10FA4000398DB88CFA8C0144104489B280B2CDE96A
:10FA50000001BDF854302CAA02A92A9802F0A0FD9A
:10FA600006AA1B21384605F039FB2DABBDF9A020B5
:10FA70002CA93846FDF73CFD18A803F0EBFF4FF426
:10FA8000403418AA214638460BF0CDFB02201394CF
:10FA9000CDE907802DA8099018A80A9006AA1A2176
:10FAA000384605F01BFB2DAA18A92A9803F0BEFFC3
:10FAB00006AA1B21384605F011FB2FB0BDE8F08FD8
:10FAC000AC7F02082DE9F04786B08A46F7480AF075
:10FAD00014F801287ED1504605F0BDFA064650467E
:10FAE00005F0F7FA0546504605F0F3FA0446022EF3
:10FAF00011D0082E6FD0032EFCD00D2E6CD0112EFD
:10FB00006BD0132E6AD0152E64D106B05046BDE8D6
:10FB1000F047FFF7F9BE06F0EFFE06005AD006F0F8
:10FB20002CFF012856D101A9304606F0FBFE03AA9E
:10FB300002A92846FDF7F1FABDF80400BDF8081047
:10FB4000401AADF80400BDF80600BDF80A10401ACE
:10FB5000ADF8060094F83400C00744D14FF40031EA
:10FB600028460AF0C7FD0646BDF80C004FF4803168
:10FB7000801BADF80C0028460BF0E2F910B1BDF87F
:10FB80000C0008E0BDF90C00C11700EB9171B6EB59
:10FB9000A10F00DA8E10801BADF80C0000B2012816
:10FBA00002DA0120ADF80C00BDF8040010FB00F1F2
:10FBB000BDF8060010FB0010BDF80C1011FB01F1A0
:10FBC000884206DDA08E40F00100A0860FF01CFBED
:10FBD000A06304E086E099E0B2E0D5E015E194F896
:10FBE0003400C0077ED0BDF9041019B9BDF8060075
:10FBF000002877D0B4F92C60628DB0B2904202D266
:10FC000000F5B47006B2BDF9060000F03BFBA18C14
:10FC1000628D401A801A00B2002802DA00F5B47032
:10FC200000B2B11AA38F09B29A1A0FFA82F8A0EBA8
:10FC3000080212B202F58C72B2F50C7F07D994F863
:10FC40003400000701D500200DE008460BE001EB71
:10FC5000D171B0EB610FA18E02DA41F0080101E031
:10FC600021F00801A186A0EB080007B2A06B0FF0FD
:10FC7000C5FAE18E41434FF47A70B1FBF0F000B267
:10FC8000874201DD074603E04042874200DA07B2BF
:10FC9000618DB4F93220B4F9303008EB0700A6EBDF
:10FCA000010CD71A4FEACC0C9CFBF7F73F1D00EB79
:10FCB0002710B4F92E700844009200B2324608F0C2
:10FCC00027FA06B2B5F92E00B04211D00FF09CFA17
:10FCD000A0633146284600F0F5F9BE4208D0002264
:10FCE0001C2100E00FE0284605F0F8F901280AD1B0
:10FCF000B4F93000B04203D0B4F93200B04202D1BE
:10FD00000FF082FAA06306B0BDE8F087A08E20F065
:10FD10000100A086284609F0D1FF054605F000FE47
:10FD2000044606F0E9FD06F028FE0428EBD1002C7D
:10FD3000E9D006B02846BDE8F047002105F06BBECB
:10FD4000504605F0C4F90078B4F92E60132806D0A7
:10FD5000112804D0142805D0122803D008E0E88D1B
:10FD6000401C01E0E88D401E01B2284600F0AAF9CF
:10FD7000B4F92E00B042C6D006B02846BDE8F04720
:10FD800000221C2105F0AAB9504605F0A0F904464E
:10FD900004AA03A92846FDF7C0F9A868002608B1FF
:10FDA000B0F91460002128460AF0A4FC0546BDF80D
:10FDB00010103044081ABDF80E20ADF810001118CC
:10FDC00009B20091BDF80C10121A0B18081A01B2F2
:10FDD0001BB212B201A800F044FA47F6FF773A4688
:10FDE00001A82168F1F73AFF08B100200BE005EB0C
:10FDF000460002B2114601A800F019FA3A4601A8DD
:10FE00002168F1F72BFF20717DE7002128460AF0D9
:10FE100000FE0746002128460AF056FE064600214D
:10FE200028460AF0BAFE0446002128460AF07AFD68
:10FE3000B74201DD394600E03146844201DD224609
:10FE400000E00246914205DDB74201DD384604E09C
:10FE5000304602E0844200DD204680464FF44039BF
:10FE6000494628460AF0D5FD0446494628460AF088
:10FE70002BFE0746494628460AF08FFE06464946AD
:10FE800028460AF04FFDBC4201DD214600E039461C
:10FE9000864201DD324600E00246914208DDBC4266
:10FEA00001DD204607E0384605E00000AC7F02088F
:10FEB000864200DD3046801C04B2504605F007F94A
:10FEC000B0F90010A4EB0802914200DC1146018059
:10FED00019E770B50C460546114600F07EF821463C
:10FEE0002846BDE8704000F0B4B870B50C46054631
:10FEF000114600F006F821462846BDE8704000F0A3
:10FF000036B870B54FF4B47305460C46994202D921
:10FF1000A1F5B474A4B2A88D698D421A611A12B207
:10FF200009B2002A02DA02F5B47212B2002902DA2A
:10FF300001F5B47109B28E1AB4369E4203D928462F
:10FF40000BF0CCFA0DE0914203DA00230246214681
:10FF500004E08A4205DA0023224601462846FEF7DD
:10FF60002BFE2846AC85BDE8704013F0C7BF70B5C6
:10FF70004FF4B47305460C46994202D9A1F5B47406
:10FF8000A4B2A98D688D0A1A091B12B209B2002AFF
:10FF900002DA02F5B47212B2002902DA01F5B47184
:10FFA00009B28E1AB4369E4203D928460BF096FA4F
:10FFB0000DE0914203DA00232246014604E08A4222
:10FFC00005DA0023024621462846FEF7F5FD2846BD
:10FFD0006C85BDE8704013F091BF70B54FF4B473F9
:10FFE00005460C46994202D9A1F5B474A4B2288DF5
:10FFF000E98C421A611A12B209B2002A02DA02F539
:020000040801F1
:10000000B47212B2002902DA01F5B47109B28E1A83
:10001000B4369E4203D928460BF060FA0DE04FF447
:100020000033914202DA0246214603E08A4204DAB2
:10003000224601462846FEF7BFFD2846FEF70DFE84
:1000400028462C85BDE87040FEF707BE81840BF082
:1000500045BA70B54FF4B47305460C46994202D9BF
:10006000A1F5B474A4B2298DE88C0A1A091B12B246
:1000700009B2002A02DA02F5B47212B2002902DAD9
:1000800001F5B47109B28E1AB4369E4203D92846DE
:100090000BF024FA0DE04FF40033914202DA2246CD
:1000A000014603E08A4204DA024621462846FEF76A
:1000B00083FD2846FEF7D1FD2846EC84BDE870405C
:1000C000FEF7CBBDB0F92E308B420ED0B0F9322006
:1000D0008A4200DA1146B0F930208A4200DD11462A
:1000E0008B4202D0C18513F009BF70470A88028095
:1000F0004A8842808A888280C988C18070470A887D
:1001000002804A8842808A888280C988C18070477C
:100110000A8802804A8842808A888280C988C18091
:1001200070470A8802804A8842808A888280C9880B
:10013000C18070470A8802804A8842808A8882800B
:10014000C988C18070470A8802804A8842808A88AC
:100150008280C988C18070470A8802804A884280AC
:100160008A888280C988C18070470A8802804A884C
:1001700042808A888280C988C18070470A8802804C
:100180004A8842808A888280C988C18070470A88EC
:1001900002804A8842808A888280C988C1807047EC
:1001A0000A8802804A8842808A888280C988C18001
:1001B0007047C1884088081A401C00B27047C18847
:1001C0004088081A401C00B27047C1884088081A4D
:1001D000401C00B27047B0F90410B0F90020891A31
:1001E000B0F90620B0F90200101A401C491C48431F
:1001F000704781880088081A401C00B270478188C7
:100200000088081A401C00B2704781880088081ACC
:10021000401C00B2704781880088081A401C00B258
:10022000704781880088081A401C00B27047038814
:100230005B1A03808388194481804188891A418030
:10024000C1881144C180704703880B4403808388B0
:1002500019448180418811444180C1881144C18082
:10026000704710B5029C018042808380C48010BD1D
:100270004288491E1144C18070470288491E1144BA
:10028000818070470022002801DA012240420029C3
:1002900001DA4942921C884207D9C1EB011101EBF6
:1002A0004101B1FBF0F3103205E0C0EB001000EBB0
:1002B0004000B0FBF1F30020D9B216290BD92C294C
:1002C00000D80120292900D8401C252900D8401C2D
:1002D00020290BD90BE0022900D30120062900D3E5
:1002E000401C0A2900D3401C0F2900D3401C18448D
:1002F000D10601D5C0F15A0091074FEAC27105D568
:1003000009B1B43005E0C0F1B40002E009B1C0F5B4
:10031000B47080B27047C16000680BF0DFB800684D
:100320004FF0FF320168C26001F13C02904202D1FD
:1003300082684A6205E001F14C02904201D1826874
:100340000A6300680BF0CAB810B50C46002064219F
:10035000C4E90A0120636062A0862087E086608786
:1003600084F85C0004F13C01204600F0A6F804F19A
:100370004C01204600F0A1F80821204608F0AAFF11
:100380001021204608F0A6FF20460022BDE81040BC
:10039000114600F0BEB810B50C46002104F13C0037
:1003A000FFF78AF904F14C00BDE810400021FFF787
:1003B00083B900002DE9F0410D46314809F09DFB5D
:1003C000012854D1284604F046FE0446284604F08D
:1003D00080FE8046132C0AD0012C4AD0082C48D02D
:1003E000152C44D12846BDE8F041F6F79BBE4FF4EA
:1003F000003108F03FFE0446284604F068FE05463A
:10040000B0F90000A04200DD04462C8000214046E7
:100410000AF006FB0746002140460AF05CFB064650
:10042000002140460AF0C0FB0446002140460AF085
:1004300080FAB74201DA394600E03146844201DAF7
:10044000224600E00246914205DAB74201DA384618
:1004500004E0304602E0844200DA2046002806DA52
:10046000B5F900104042814200DC01462980BDE818
:10047000F08108F134014046BDE8F0410BF062B86C
:10048000C87F020890F85C0000F00300704790F805
:100490005C1001F00301022901D0806A7047816D70
:1004A000491C01D0406D7047006B7047816C491C3E
:1004B00001D0406C7047406A704708600020486077
:1004C0008860401EC860704738B5134690F85C20BD
:1004D00002F00302022A1BD1D0E90A428A4201DD5E
:1004E0000D4600E01546AC4201DD214602E08A429D
:1004F00000DC1146426A8A4200DA1146026B8A42E7
:1005000006D0009300F14C0300F1300200F022F815
:1005100038BDF8B5456A13468D421AD0D0E90A4273
:100520008A4201DD0E4600E01646B44201DD214656
:1005300002E08A4200DC1146026B8A4200DD11466D
:100540008D4206D0009300F13C0300F1240200F03C
:1005500001F8F8BD30B591B0054614981C4618B3A3
:10056000E068401C27D0A068C4E9010111600021A7
:100570001846FFF7A1F86846FFF7E2F80F484FF476
:100580008071CDE900400020CDE9080107900C48BA
:1005900003902846002165220AF03EFB0A90684637
:1005A000FFF742F911B030BD116011B02846BDE827
:1005B00030400AF093BF1068D6E700001703010827
:1005C0001F030108F0B5C0F5806404FB04F5AD0A13
:1005D00005FB04F64FEA962C00FB00F6B60A06FB74
:1005E00000F745435543BF0A0CFB01FC74434FEA37
:1005F0009C2105EB45005C43DDF814E004EB44026C
:1006000001EB105007FB0EF700EB125000EB9720A8
:10061000F0BD10B50C461021204608F05BFE2046C8
:10062000BDE810404FF4806108F090BA10B5014663
:10063000034808F0A7FD044608F012FE204610BD4E
:10064000E47F020870B50446008E154688420FD933
:10065000E06A30F81120AA4320F811202046FEF766
:100660000EFBA80504D52046BDE870400BF068BB22
:1006700070BD70B50E460546002406E032462146A0
:100680002846FFF7DFFF641CA4B2288EA042F5D8ED
:1006900070BD000008460021018641864FF6FF72BA
:1006A00082868162C162416280F83610014900F0A1
:1006B00015BB0000E401002010B50146034808F016
:1006C00061FD044608F0CCFD204610BD0080020804
:1006D00010B50C46886A07F0B7FDE06A07F0B4FD74
:1006E0000020A062E06210BD2DE9FC478846FE486C
:1006F00009F003FA012827D1404604F0ACFC064675
:10070000404604F0E6FC00270446132E1ED02A2E95
:100710004BD0292E49D04FF6FF75012E49D0022E1D
:100720007CD0082E7BD0062E7AD0032E79D00E2EC8
:1007300078D00F2E77D0102EFCD00D2E74D0152E21
:1007400002D14046F7F75CFDBDE8FC87404604F067
:10075000BEFC8146608EA04620B30025D8F82460F8
:1007600014E000BFD8F82C0030F81500C0F340208A
:1007700050B1608E28B1204609F039FA618E90FBA5
:10078000F1F0A9F80000DFE76D1CADB256F82500C6
:1007900040B1D6A1EFF7E0FE20B156F82500007871
:1007A0000028DFD1A9F80070CEE7616A00F096FA60
:1007B000CAE7404604F08BFC06462046A18EFEF7B1
:1007C0005EFA06F099F806F0D8F8012801D003285F
:1007D00017D16946304606F0A5F869462046FCF771
:1007E000C1FBA8420DD0E16A31F81010C1F34012EC
:1007F0003AB9C1F3C00121B9A08601462046FEF7EF
:100800003EFAA18EA9429FD0E06A30F81100C0F3F1
:100810000022002A98D1C0F340229EE00CE053E071
:1008200093E0A2E0A3E0E1E0E7E000BFC0F3C00096
:10083000002889D1019141E0404604F048FC074678
:1008400006F05AF8064606F098F804289BD00228CD
:1008500099D06946304606F065F869462046FCF7AF
:1008600081FB0646A18E2046B1428CD0A94201D020
:10087000FEF705FAA686384606F02CF9AE4293D06C
:10088000E06A30F81600C0F3401100298CD1C0F3A3
:10089000C000002888D131462046FEF7F0F9E06A12
:1008A00030F81610C1F300210029B3D1A18E30F821
:1008B0001100C0F340200028ACD1019601AA1C21F0
:1008C000204604F00BFC3FE7A18EA94238D0E26A33
:1008D00032F81100C0F38013B3B1C0F340139BB9D9
:1008E000C0F3C0131BB194F83630DB0714D040F0CE
:1008F000800000BF22F8110094F83600C00703D032
:100900002046A18E0FF0C3F9A18EE26A32F81100E1
:10091000C0F3002232B902E020F08000EAE7C0F321
:1009200040226AB1C0F3401252B9C0F3C00038B9D6
:10093000019101AA1C21204604F0D0FB0128C2D15C
:100940002046A18EFEF79BF9FEE6A18EA942BAD001
:10095000E06A30F81100C0F30012002AB3D1C0F3EE
:100960004012002A3FF462AFEEE6A18E41E040461D
:1009700004F0ADFB074606F000F806462FB900204C
:1009800005F0C0FF05F0F9FF0646204609F096F98C
:1009900004F0C6FFA18EA94295D1022E02D0042EEA
:1009A00029D140B394F836100020E26AC90701D17A
:1009B00010E0401C32F81010C1F3C003002BF8D136
:1009C000C1F34013002BF4D1C1F3C0110029F0D0C2
:1009D0000AE0401C32F81010C1F3C003002BF8D11C
:1009E000C1F340110029F4D1A086ADE6A18EA94241
:1009F00001D0FEF744F9A586A6E6A18EFEF73FF9E1
:100A0000404604F064FB0078132813D0142831D03A
:100A100004264FF0020912284AD0112890D1002153
:100A2000204609F0C5FFA28E8446AA425BD1A78664
:100A3000E26A9AE0A08EA84201D1A78601E0401C9C
:100A4000A086A18E208E814200D3A786E26AA18E65
:100A500032F81100C0F3C0033BB1491C88B2A08634
:100A6000218E8842F3D3A786F1E7C0F34010002817
:100A7000F3D165E7A08EA84201D1A78600E000B9B6
:100A8000208E401EA086E26A06E011B1491EA186B2
:100A900002E0208E401EA086A18E32F81100C0F325
:100AA000C003002BF1D1C0F340100028EDD147E77F
:100AB0000021204609F07CFF8046A08E0146A84216
:100AC0001BD1A786E26A06E0491C88B2A086218E67
:100AD000884200D3A786A18E32F81100C0F3C0036C
:100AE000002BF1D104E04CE0008002080A00000075
:100AF000C0F340100028E7D122E7A26A06EBC10349
:100B0000D35A32F830505B1B5B1C43F34E032B442B
:100B10000FFA83FC238E1CE009EBC00709EBC1052B
:100B2000D75F555FAF4212DD32F9305065450EDCBC
:100B300006EBC005555F4544654508DBE56A35F8B9
:100B40001070C7F3401515B9C7F3C0051DB1401C9F
:100B500080B28342E0D8834245D8F1E6491C88B28E
:100B6000A086218E884200D3A786A18E32F811007C
:100B7000C0F3C003002BF1D1C0F340100028EDD129
:100B8000DEE6A16A06EBC200085A31F83230C01A1C
:100B9000401C40F34E00184405B2B4F934001DE087
:100BA00009EBC00709EBC203CF5FCB5E9F4213DAAC
:100BB00031F93030A3EB0C03AB420DDC06EBC00384
:100BC000CB5EAB4208DBE36A33F81030C3F3401767
:100BD00017B9C3F3C00323B1401E00B20028DFDA07
:100BE000AEE6002888DBA086AAE600002DE9F041E9
:100BF0000F46A1F57F41FF3918D00546008EB84257
:100C000014D3002426460CE0641C686AA4B2761C47
:100C1000B6B250F8240009A1EFF79EFC08B9641C95
:100C2000A4B2BE42F0D1288EB04202D10020BDE86D
:100C3000F081686A50F82400F9E700000A0000001B
:100C4000808E7047038E8B4204D9C06A30F8110041
:100C5000824301D0002070470120704770B50446E0
:100C6000008E0E461546B0421AD994F83600C007D9
:100C700005D0280603D580212046FFF7FAFCE06A5C
:100C800030F81610294320F8161031462046FDF79B
:100C9000F6FFA80504D52046BDE870400BF050B81B
:100CA00070BD70B50E460546002406E0324621466A
:100CB0002846FFF7D3FF641CA4B2288EA042F5D8C3
:100CC00070BD10B50446008E4200E06A07F028FBB4
:100CD0002046616ABDE81040AFF300802DE9F34F74
:100CE00097B00D007BD0179C2046F2F743FE65625B
:100CF000002141F26A42179809F08EFFC0B21290AB
:100D00000021179809F093FE0B900021179809F025
:100D100052FF0F900021179809F015FF0290002153
:100D2000179809F045FE0990179808F07AFF04908B
:100D3000179808F05CFF618E0027C1F1010202994B
:100D4000A94601FB020000B21090384686E000BFC1
:100D50004FF0000B5D460AE0E06A791930F81100A7
:100D6000FCF7CDF958446D1C1FFA80FBADB259F861
:100D7000250040B142A1EFF7EFFB20B159F8250063
:100D800000780028E8D15DB31099608E01FB08F16E
:100D9000B1FBF0F20F995318029A08FB023109B225
:100DA0000891109908F101025143B1FBF0F10F9A3B
:100DB0000298491E08FB0020084400B214900999CB
:100DC0000498C5F1010201FB020000B20E90002858
:100DD00001DA00200E904FF0000A564636E04BE054
:100DE000FFE709F1040036E0E06A30F81700FCF78D
:100DF00086F90E9901FB0AF1B1FBFBF209998244D5
:100E000006FB01210E9A09B20AFB02F0B0FBFBF0CF
:100E1000099A401E06FB0200129A00B2012A06D16E
:100E20000A460499081A01B20498801A00B20B9A73
:100E3000104403B2149800901144A06A09B200EB68
:100E4000C700089AFFF70DFA761C7F1CAE42CBD381
:100E500009EB8500001D814608F101008046608E87
:100E600040453FF675AF17980AF06AFF179819B01A
:100E7000BDE8F04F0AF032BB19B0BDE8F08F0000BA
:100E80000A00000080F8361000210EF000BF70B597
:100E90000446008E0D46A84203D8A5F57F40FF38D2
:100EA0000AD12046A18EFDF7EAFE2046A5862946F6
:100EB000BDE87040FDF7E3BE70BD00002DE9F041D4
:100EC0000F460C4640F2E4712185012084F82A0087
:100ED00084F82B00A18584F82E0084F82F000020D0
:100EE0002063A086A82104F58C7007F0F7FA002192
:100EF00008462D4B782506E028B14207B2F1604F35
:100F000008D0082808D253F8202000BF04EB800640
:100F1000B2630CE025A2F9E704EB810204EB800642
:100F200082F8185102F58C72491CC9B2B263401C98
:100F3000C0B23828E0D31EA0C4F814013846FFF729
:100F4000BBFB04F138016062FFF7C8FE54F8240FC0
:100F50004FF48871FFF7A5FE00231A221549206877
:100F600007F0B6FD42F2640120680BF04BFC012152
:100F700038460BF0DBF9012120680BF0E7F994F912
:100F80000A202189384600F019F894F9073094F9BD
:100F90000620A188384600F0AFF82068BDE8F0418F
:100FA0004FF4804107F0D2BDA80000200A000000E5
:100FB00000000000699400082C3070472DE9F05FB4
:100FC000044688B2A08555B284F82E50012184F8D9
:100FD0002F1082462021606AFFF74BFB002620225B
:100FE0003146606AFFF73AFE761CF6B2072EF6D35A
:100FF000564629463046FCF795FB83460122294692
:101000003046FCF7EDF8064607464FF001080BEBBB
:1010100006090EE004EB8700434636A2042100F5E2
:101020008C700CF02DFC7F1C08F10100FFB200F069
:10103000FF08B945EED8691E5046FCF773FB002542
:10104000801B401CC7B211E004EB85003B4629A27F
:10105000042100F58C700CF013FC2022E91D606A5D
:10106000FFF7FCFD6D1C7F1CEDB2FFB2B542EBD368
:1010700006EB0B00C5B2012712E000BF04EB8500B0
:101080003B461CA2042100F58C700CF0F9FB2022D9
:10109000E91D606AFFF7E2FD6D1C7F1CEDB2FFB237
:1010A0002A2DEBD32046FCF720FF606AFFF7C8FD2E
:1010B000A0F57F41FF3903D0F11D606AFFF7E7FE1D
:1010C00020460AF00BFA204608F03FFD06460025B0
:1010D0000CE02946204608F026FD616A814203D0D3
:1010E00022461C2103F0FAFF6D1CEDB2B542F0D38D
:1010F000BDE8F09F25640000018580F82A2080F873
:101100002B30FCF7F2BE10B50C46102104F1240080
:10111000F1F726FD102104F13000F1F721FD002048
:1011200024F86C0F2081608060816420A080A08101
:10113000E080E081032060820520A0820A20E08216
:1011400047F6FF702082207F20F00700401C20F02F
:10115000080020774FF480702083608310BD00006A
:1011600070B50C4601F1240610E000BFF1F7DBFC7E
:101170000546007B400702D4686807F065F82946F9
:101180003046F1F73AFD284607F05EF8A06A0028DD
:101190003046EBD1F1F7B1FC04F130050AE000BFB5
:1011A000F1F7C1FC064601462846F1F726FD304618
:1011B00007F04AF8606B00282846F1D1BDE870407E
:1011C000F1F79BBCF8B50D467E4808F096FC012867
:1011D00074D1284603F03FFF0646284603F079FF06
:1011E0000446012E2DD0082E69D0292E68D0132E4A
:1011F00067D02C2E7ED0152E7FD1284603F031FFEC
:10120000054601462046F5F727FC264600222946DA
:101210002046FAF70DFC012229463046FAF708FC71
:10122000022229463046FAF76BFA04222946304654
:10123000FAF766FA04F12400F1F7D6FC002871D021
:10124000B9E005F059FB694605F06CFBBDF80010EC
:10125000A08A2546081AADF80000284608F0FAFDD5
:10126000BDF800104618284608F0DBFCB5F88410DD
:10127000484340F30F270021284609F0BCFB301AF1
:1012800000B20026002822DBB84203DDB5F88260F8
:10129000761E1CE095F8881001F00701012902D0A4
:1012A00002290FD013E0B5F88210491E414307EB25
:1012B000D77001EB600090FBF7F608E01DE01DE041
:1012C00024E027E0B5F88210414391FBF7F6B4F82B
:1012D0007C00B04211D0B1B22046FDF73EFD204661
:1012E000B4F87C10FDF739FD00222046A4F87C609C
:1012F0001C2100E031E003F0F1FEF8BD34F87C1F62
:10130000FDF72BFD47F6FF702080F8BDBDE8F840E3
:101310000AF042BDB4F94020B4F94C00824202DD2B
:10132000164601E02EE0064634F9581FB4F90C3099
:10133000994201DD0C4600E01C46A64205DD8242D2
:1013400001DD114604E0014602E0994200DC194645
:101350002846BDE8F84003F0E1BE284603F0B7FE9A
:101360000546204608F05DFCB4F88410484300129E
:101370002880204608F03BFCB4F886104843001251
:101380006880F8BD94F8880000F00700012804D0B8
:10139000022807D003280AD00DE029462046F8F796
:1013A000C7FD08E029462046F8F7B4FC03E02946CB
:1013B0002046F8F7D7FF29462046BDE8F840F5F764
:1013C0008BB90000E44102082DE9F04F89B0904646
:1013D0000E4605001C460AD056B1B5F882104145AC
:1013E00007D800202080588009B0BDE8F08FFEE7C4
:1013F000FEE7284608F015FCB5F88410484340F392
:101400000F27284608F0F3FBB5F88610484340F351
:101410000F2995F8880000F00700012804D0032860
:101420000AD0022819D05AE0B5F8820007FB08F765
:10143000401E97FBF0F051E000973168002331F92E
:101440001800317BC1F3C00205EB4201B1F97820ED
:10145000B1F9741006F05CFE40E005F12400009044
:101460000490F1F764FB82464FF4A021284609F06E
:1014700098FAB5F8841048434FEA202B00212846FB
:1014800009F08FFAB5F8841048430112B5F88200CC
:10149000C0F1010202FB017191FBF0F107FB08F7BB
:1014A0000AB297FBF0F0B2FBFAF120800FFA81FA52
:1014B0000498F1F751FB08E0B14208D0228802EB12
:1014C0000A0020800098F1F744FB0100F4D1AAEB58
:1014D0000B00218800EBD07001EB60002080002120
:1014E000284609F065F907460021284609F083FAE5
:1014F0002188384408442080284608F0ABFC218825
:10150000081A2080716831F91800317BC1F300128C
:1015100005EB420232F96C1F401AB2F9042000FBBD
:1015200009F0511A90FBF1F0A9EB00006080002156
:10153000284609F024FB6188384408446080284626
:1015400008F054FD6188081A60804DE710B50AA0C4
:10155000486201200C4688620221204607F0F6FA14
:101560000821204607F0F2FA2046BDE810404FF46B
:10157000806107F0EBBA0000436865636B20626F1F
:101580007800000010B591F828000C46C00704D17F
:10159000606A06F059FE0020606210BD2DE9F04F30
:1015A000BDB0054603F095FD0446284603F059FDFD
:1015B0003B900021204609F0C8FB3290B0F908703A
:1015C000002141F23202204609F026FB05460021A7
:1015D000204609F0F7FA00EB050B0021204609F040
:1015E0002DFA05440021204609F0E9F934904FF422
:1015F0000031204609F022FA81464FF4003120469E
:1016000009F077FA06464FF40031204609F0DAFA7D
:1016100033904FF40031204609F099F9359040F6A7
:101620000A024FF40031204609F0F6FA824640F6ED
:101630000B024FF40031204609F0EEFA804615A85F
:1016400002F008FA15AA4FF40031204609F0EBFD2C
:10165000A08A4119CA1909EB06000244A2F1010946
:10166000E28A339802EB0B05359AEB1910441E18E9
:10167000A1EB0A00ADF8E40009EB0A00ADF8E800C0
:10168000A5EB0800ADF8E600761E06EB0800ADF805
:10169000EA0003A83B9908F085F815A807902E48A2
:1016A0004FF00008CDE9040839A806904FF4003047
:1016B000109003AA1A21204603F010FD39AA15A99B
:1016C0003B9802F0B3F903AA1B21204603F006FD64
:1016D0000021204609F066FB82460021204609F0E1
:1016E0004CFB41F6FF72CDF800A0CDE9012803467E
:1016F000616A2FA8329A0EF0BDF827A801F036FCD7
:1017000027AA0021204609F0EBFC701B401C00B208
:10171000C01B00EBD070411034984844ADF89400E1
:10172000BDF8BC201044ADF89800E28A0BEB010034
:101730001044ADF89600BDF8BE10CDF80080084406
:10174000ADF89A0025AA27A9636A3B9801F072F9BF
:101750003DB0BDE8F08F00001C8002082DE9FF5F5E
:101760000E463C4808F0C9F9012862D1304603F022
:1017700072FC0546304603F0ACFC04464FF40038DA
:101780002C2D09D0132D56D0152D52D104B0304632
:10179000BDE8F05FFFF702BF304603F098FC054656
:1017A0000021204609F0D1FA06460789002120468B
:1017B00009F0F8FA81460021204609F0DEFA0021FE
:1017C00041F6FF72CDF80090CDE901210346324683
:1017D00003A8616A0EF04EF80021204609F0EFF8E8
:1017E000834646464146204609F028F9814631465F
:1017F000204609F07EF980463146204609F0E2F99C
:1018000082463146204609F0A2F8024607EB0A005C
:10181000104407EB0901BDF80C2041440A4402EBD7
:101820000B012980BDF90E1000B2884200DC084689
:101830006880BDE8FF9F304603F049FC05464146FD
:10184000204607F017FCB5F90010814200DD08467C
:101850002880EEE71C800208F0B504464FF4FA66D3
:10186000C1F341307710642501280BD121F4C04029
:10187000B04207DCB84201DDC0F57A70584390FBF6
:10188000F5F001B2C2F3413001280BD122F4C0407F
:10189000B04207DCB84201DDC0F57A70584390FBD6
:1018A000F5F002B2944201DA204600E01046884288
:1018B00001DA0846F0BD944201DA2046F0BD104638
:1018C000F0BDF0B504464FF4FA66C1F3413077102D
:1018D000642501280BD121F4C040B04207DCB84296
:1018E00001DDC0F57A70584390FBF5F001B2C2F308
:1018F000413001280BD122F4C040B04207DCB8428D
:1019000001DDC0F57A70584390FBF5F002B29442C5
:1019100001DA204600E01046884201DA0846F0BDB0
:10192000944201DA2046F0BD1046F0BD002208B511
:101930001146104600F00EF90090BDF8000008BDF9
:10194000002208B51146104600F01CF90090BDF8C1
:10195000000008BD08B50020BDF8001060F30401C8
:1019600089B260F34A1189B260F3CF21ADF800105B
:1019700088B20090BDF8000008BD002208B51146ED
:10198000104600F047F90090BDF8000008BD80B295
:10199000C20AC2EBC20303EB0222D21D520962F358
:1019A0001741C0F3451202EB420303EB0222D21CA3
:1019B000920962F30F2100F01F00C0EBC00202EB9E
:1019C0000020C01D400960F30701FF2060F31F6184
:1019D000C1F30740C1F3072200EB400000EB820097
:1019E000C9B20844C0F3C700704738B50C46054675
:1019F000FFF7C3FF2246294600F0A4F90090BDF886
:101A0000000038BD07B58107BDF8043002D020F8CA
:101A1000023B521EBDF8041001EB01410EE002C072
:101A2000103A02C040F8081B40F8041C40F8101B94
:101A300040F80C1C40F8081C40F8041C102AEED892
:101A400003E000BF20F8023B521E002AFAD10EBD6F
:101A50004FF478414FF4FC6201EA102102EA50127F
:101A600008B51143C0F3C4000143ADF8001088B2BB
:101A700008BDF8B5C0EB00204FF4B473B0FBF3F031
:101A800083B2C1EB01206421B0FBF1F0C2EB022272
:101A9000B2FBF1F110F0FF00CAB226D02B21B3FB4C
:101AA000F1F1C9B2552411FB04F4234403EB4303C1
:101AB0005B061D0EC0F1FF0313FB02F31B0A10FBB4
:101AC00005F4FF26A6EB14245443240AC5F1FF05B0
:101AD00015FB00F0A6EB10205043050A052918D28B
:101AE000DFE801F006090D1114001146084613E065
:101AF0001046294601E0204611461A460CE01146E0
:101B000018462A4608E01846214605E028461946A8
:101B100002E010461946224600F07CF80090BDF81D
:101B20000000F8BD08B5D308BDF8002063F3040237
:101B3000ADF800208A08BDF8001062F34A11ADF834
:101B40000010C108BDF8000061F3CF20ADF800001F
:101B500080B208BD08B5D308BDF8002063F30402C5
:101B6000ADF800208A08BDF8001062F34A11ADF804
:101B70000010C108BDF8000061F3CF20ADF80000EF
:101B800080B208BD08B5D308BDF8002063F3040295
:101B9000ADF800208A08BDF8001062F34A11ADF8D4
:101BA0000010C108BDF8000061F3CF20ADF80000BF
:101BB00080B208BD08B5D308BDF8002063F3040265
:101BC000ADF800208A08BDF8001062F34A11ADF8A4
:101BD0000010C108BDF8000061F3CF20ADF800008F
:101BE00080B208BD08B5D308BDF8002063F3040235
:101BF000ADF800208A08BDF8001062F34A11ADF874
:101C00000010C108BDF8000061F3CF20ADF800005E
:101C100080B208BD08B5D308BDF8002063F3040204
:101C2000ADF800208A08BDF8001062F34A11ADF843
:101C30000010C108BDF8000061F3CF20ADF800002E
:101C400080B208BD08B5D308BDF8002063F30402D4
:101C5000ADF800208A08BDF8001062F34A11ADF813
:101C60000010C108BDF8000061F3CF20ADF80000FE
:101C700080B208BD08B5121DD3080A4A89B280B2E5
:101C800041EA014140EA004011401040401A5843E7
:101C900001EB5010104040EA1040ADF8000080B257
:101CA00008BD00001FF8E00708B5121DD3080A4A56
:101CB00089B280B241EA014140EA0040114010403F
:101CC000401A584301EB5010104040EA1040ADF864
:101CD000000080B208BD00001FF8E00708B5121D23
:101CE000D3080A4A89B280B241EA014140EA004081
:101CF00011401040401A584301EB5010104040EA88
:101D00001040ADF8000080B208BD00001FF8E007E9
:101D100008B5121DD3080A4A89B280B241EA0141CE
:101D200040EA004011401040401A584301EB501067
:101D3000104040EA1040ADF8000080B208BD00003D
:101D40001FF8E00708B5121DD3080A4A89B280B20D
:101D500041EA014140EA004011401040401A584316
:101D600001EB5010104040EA1040ADF8000080B286
:101D700008BD00001FF8E00782B2D00AC0EBC00324
:101D800003EB0020C01D400960F317410846C2F371
:101D9000451101EB410303EB0121C91C890961F3E2
:101DA0000F2002F01F01C1EBC10202EB0121C91D8E
:101DB000490961F30700FF2161F31F607047FF22AB
:101DC00008B511461046FFF7DDFE0090BDF8000093
:101DD00008BD08B51F20BDF800103F2260F30401C4
:101DE00089B262F34A1189B260F3CF21ADF80010D5
:101DF00088B20090BDF8000008BD000010B50020BA
:101E00000C468884642184F8261084F8271094F8FE
:101E10003C1021F0070184F83C10206360630948FE
:101E20004FF48031C07884F82C00204606F08EFEF6
:101E30004FF44071204607F04DFA2046BDE81040AF
:101E40000EF0A4BDFC0000202DE9F04391B08946BE
:101E5000FE4807F052FE012827D1484603F0FBF860
:101E60000646484603F035F904464FF44037132E32
:101E70001ED0292E50D02A2E67D04FF4B4750D2EC7
:101E800068D0012E7DD0022E7CD047F6FF75112E32
:101E900079D0152E78D0122E07D1484603F017F9C5
:101EA0000178022901D00121017011B0BDE8F08351
:101EB000B846394608F0A6FD07464146204608F0D8
:101EC000FCFD06464146204608F060FE05464146B8
:101ED000204608F020FDB74201DD394600E03146DA
:101EE000854201DD2A4600E00246914205DDB74207
:101EF00001DD384604E0304602E0854200DD284638
:101F0000801C04B2484603F0E2F8B0F90010A14288
:101F100000DD0C460480C8E7484603F0D8F80546C3
:101F2000204608F0C4FFA9882A88891A491C09B2EA
:101F3000884209D1204607F0C6FEE9886A88891AD6
:101F4000491C09B28842B0D0204611B0BDE8F04328
:101F50000EF01CBD484603F0BAF80068132814D0F0
:101F6000112812D0142801D012289ED194F83C00D8
:101F7000616A10F003003AD001283ED0022829D12E
:101F800044E04CE05AE029E134E194F83C00616A15
:101F900010F0030205D06420012A0BD0022A19D1C7
:101FA00010E0A08C401CB0FBF5F205FB120060F3C2
:101FB0000F010FE094F82620521CB2FBF0F300FB57
:101FC000132020E094F82720521CB2FBF0F300FB12
:101FD000132021E0204600F047F900289BD011B0E3
:101FE0002046BDE8F04300221C2103F077B8A08C06
:101FF00000B1451E65F30F01ECE794F8260008B127
:10200000401E00E0642060F31741E3E794F82700E6
:1020100008B1401E00E0642060F31F61DAE70DF0B4
:10202000F3F8606304F068FC04F1380104F07AFC12
:1020300011B02046BDE8F043F3F75AB904F05CFC58
:102040000600CBD004F099FC042876D0022874D086
:102050006946304604F066FC3068BDF90030B4F9DA
:102060003820007E991A002900DCD11A814209DC4F
:10207000BDF90220B4F93A30D11A002900DC991ACE
:10208000814208DD0DF0C0F86063BDF800102187C3
:10209000BDF802106187BDF80010A08A081AADF8DB
:1020A0000000BDF80210E08A081AADF802002046D0
:1020B00008F0FDFE87B20021204608F014FB01461F
:1020C000BDF800207808121A13B2ADF80030BDF840
:1020D00002200127121A401A12B200B2ADF80220F3
:1020E000412807DD01EBD171A0EB610000B241286E
:1020F00000DA412013FB03F112FB021110FB00F088
:10210000814200DA0027606B0DF078F857B3BDF913
:102110000210BDF90000FEF7B5F8B0FBF5F105FBC4
:10212000110094F83C20616A12F003023BD0012AAE
:102130003CD0022A47D140E0FFE7204608F0B7FE36
:10214000A18A00EBD07001EB6000ADF800002046E2
:1021500007F0B9FDE18A00EBD07001EB6000ADF84B
:10216000020079E73168898B8142BFF4D4AE94F8DC
:102170003C0041073FF5CFAE00F003010322491CAC
:10218000B1FBF2F302FB131161F3010084F83C0090
:1021900020460EF0FBFB204609F0A0F904F0ACFB52
:1021A00004F0F4FC81E660F30F010CE0642250437C
:1021B00090FBF5F060F3174105E06422504390FB7B
:1021C000F5F060F31F61204600F04EF80028E9D0DA
:1021D00000221C21204602F081FF66E6484602F0FC
:1021E00076FF064601682A4604F11400EFF736FD33
:1021F00030715AE64846F4F773FB4E46484602F003
:1022000068FF0446304602F02CFF0646684601F09F
:1022100021FC6A463946204609F005F8ADF8005021
:1022200094F82C00C00707D0204600F011F8109059
:10223000BDF84000ADF8040021460EA8FBF718F9E0
:102240000EAA6946304601F0F1FB2EE60042020874
:1022500008B590F8272090F82610808CFFF709FC2D
:102260000090BDF8000008BD10B5044688B24FF4D8
:10227000B472904205D9B0FBF2F302FB130060F395
:102280000F01C1F307426420642A01D960F31741AA
:102290000A0E642A01D960F31F61A08C8AB29042B1
:1022A0000CD194F82600C1F30742904206D194F86D
:1022B00027000A0E904201D1002010BD2046616225
:1022C0000EF064FB204609F009F9012010BD70B53D
:1022D0000C00054611D000F0F5F810FB04F050306A
:1022E000B0F5A07F0BDB284600F0ECF810FB04F003
:1022F000A021503090FBF1F002E0002000E001202E
:1023000000B270BD2DE9F0410D461E461746044649
:102310001C2106F0E3F8C4E90057C4E90256BDE801
:10232000F081000038B504464C2106F0D7F84FF490
:10233000A0702080F02060804FF0FF30A080E0800F
:102340000020208160812069822120F0400040F03F
:10235000080061F3D01020614FF6FF70ADF8000067
:102360000090BDF80000A0860248E0632064382099
:10237000606438BDB9440108F8B505464648F0F731
:10238000F7FB040002D0A86B08B10AE0FEE7686C16
:1023900005F0D0FE060066D00146EA6B284690475D
:1023A000AE634FF4AC71204606F098F83B4E2560C2
:1023B0002246F7681E213A48F4600CF089FF6060FD
:1023C000002851D0286981070AD529886A8811FB1D
:1023D00002F1EA68D268914202D920F00200286135
:1023E000FF2211461046FFF7FDFB0090BDF80000EC
:1023F0000090BDF800006085FF2084F829000CF0F3
:10240000DDFE78B30CF07EFEA060002006F0F4FF45
:102410002061002006F0F0FFE061002006F0ECFFF4
:10242000204D20622A460021E06909F04BFD2A4632
:102430000021206A09F046FD0221E06906F04AFF0A
:102440000221206A06F046FF0021E0690AF05DF8EB
:102450000021206A0AF059F8206909F03FF8F76076
:102460009FB113E001E0FEE7FEE700200AF060FA0A
:10247000054605200AF05CFA01460B48009000234F
:102480002A4620460CF048FEBEE7F46060680CF077
:10249000F0FF2046F8BD00003C4F002070010020F6
:1024A000C91D0008FFFF0F005C7D0208C268002103
:1024B0001161C068416170470148C0687047000001
:1024C0007001002010B90548C06820B1006800699B
:1024D000C0F3C910704782207047000070010020CF
:1024E0000068C0687047000018B90948C068002833
:1024F00009D00068017CC1F30111012904D003292E
:1025000002D0B0F900007047B0F902007047000037
:102510007001002010B518B9FFF7CEFF002800D0D9
:10252000006A10BD10B518B9FFF7C6FF002800D02B
:10253000C06910BD18B101460248F0F706BB01485A
:10254000F0F7F1BA3C4F002010B518B9FFF7B4FF0F
:10255000002800D0006910BD10B518B9FFF7ACFF16
:10256000002800D0406910BD10B508B9FFF7A4FFDE
:10257000806810BD18B90948C068002809D00068F3
:10258000017CC1F30111012904D0032902D0B0F963
:1025900002007047B0F90000704700007001002091
:1025A0007CB50E7BDDE90654022E08D94E88002E3C
:1025B00005D0A54203D0CDE900540469A0477CBDF5
:1025C00038B50446102105F089FF01206080FF2006
:1025D0002073BDF80010002060F3040189B260F39D
:1025E0004A1189B260F3CF21ADF8001088B2009093
:1025F000BDF800000090BDF80000208038BD2DE936
:10260000F04F85B0824610B294468B460FFA82F99D
:10261000AAEB000EDDF838800FFA8EF20492ABEBD5
:10262000000217B203920AEB000203F5B471119C89
:1026300058441E46029212B203B2019088457DD0E2
:102640004FF4B4718E4202D9A6F5B476B6B288457D
:1026500003D9A8F5B4701FFA80F80F99ACEB01000C
:1026600000B20090109818B101EBD1704010401CDE
:1026700005B25A21B6FBF1F0B8FBF1F1C0B2C9B214
:10268000042800D10320042900D1032188427ED1EF
:1026900046457CD868B3012854D0022878D0032856
:1026A0007ED106F15A0000B20DF020F8009910FB1F
:1026B00001F10AEBE130401B208030B20DF016F83A
:1026C00010FB09F10BEBE130401B608008F15A0070
:1026D00000B20DF00BF810FB09F10AEBE1302844D1
:1026E000A0800FFA88F00DF001F8009910FB01F1BD
:1026F0005AE130B20CF0FAFF009910FB01F10BEB3C
:10270000E130401B60805A3630B20CF0EFFF10FB16
:1027100009F10AEBE1302844A0800FFA88F00CF0B0
:10272000E5FF10FB09F10BEBE1302844E08008F1F4
:102730005A0000B20CF0DAFF009900E0E6E010FB6E
:1027400001F129E030B20CF0D1FF10FB09F10BEBE5
:10275000E1302844E0805A3630B20CF0C7FF0099CF
:1027600010FB01F10AEBE1302844A0800FFA88F059
:102770000CF0BCFF009910FB01F10BEBE130401BAA
:10278000608008F15A0000B20CF0B0FF02E036E0C1
:1027900009E005E010FB09F10AEBE130401B208065
:1027A00005B0BDE8F08F06F15A0000B20CF09EFFB4
:1027B00010FB09F10AEBE130401B208030B20CF035
:1027C00095FF009910FB01F10BEBE1302844E0800C
:1027D0000FFA88F00CF08AFF10FB09F10BEBE130E7
:1027E000401B608008F15A0000B20CF07FFF009996
:1027F00010FB01F10AEBE1302844A080D0E730B1B2
:10280000012837D0022861D003287ED099E0012921
:102810007CD108F15A0000B20CF068FF10FB09F1FE
:102820000AEBE130401B20800FFA88F002900CF098
:102830005DFF074630B280460CF058FF874201DA50
:10284000029800E040460CF051FF009910FB01F1A6
:102850000BEBE130401B60805A3630B20CF046FF83
:1028600010FB09F10AEBE1302844A08001982844CC
:10287000E08095E7022964D1AEEB050020800FFAD5
:1028800088F00CF033FF10FB09F10BEBE130401B3B
:10289000608006F15A0000B201900CF027FF074655
:1028A00008F15A0000B280460CF020FF874201DD9B
:1028B000019800E040460CF019FF009910FB01F16F
:1028C0000AEBE1302844A08030B269E0032938D116
:1028D00006F15A0000B20CF009FF10FB09F10AEBF7
:1028E000E130401B20800398401B608008F15A00B3
:1028F00000B20CF0FBFE10FB09F10AEBE1302844BA
:10290000A0800FFA88F0804601E019E019E00CF091
:10291000EDFE009910FB01F730B206460CF0E6FE22
:10292000009910FB01F0874201DD404600E030468F
:102930000CF0DCFE009910FB01F00BEBE03096E7A9
:1029400029B1049820806780A280E38028E708F1FD
:102950005A0000B203900CF0C9FE074606F15A0077
:1029600000B201900CF0C2FE874201DA039800E049
:1029700001980CF0BBFE009910FB01F10AEBE1306D
:10298000401B208030B20CF0B1FE10FB09F10BEBC4
:10299000E130401B608002982844A0800FFA88F044
:1029A0000CF0A4FE10FB09F10BEBE1305FE7000037
:1029B00070B5164604463BB1C87A022812D9A569FB
:1029C000204625B1A84704E007A2314606E0F2F709
:1029D00068FB002806D104A231462046BDE87040BD
:1029E0000EF0AFBD70BD00004E6F0A6461746100EF
:1029F00038B54469049D002C01D00095A04738BD2E
:102A000038B50446182105F069FD0022114610462C
:102A1000FFF788F80090BDF800000090BDF80000B6
:102A20002081FF20E072401C60800120207538BDAD
:102A3000704700002DE9FF4FB5B0887E429F1E46CB
:102A400092460C4602287DD9206800287AD0359815
:102A5000C069002876D0202221A8EDF724FD206847
:102A60000390002E6ED0307800286BD035985146F8
:102A700082682DA8EFF70AF8002863D0207FB0F114
:102A8000000B01D14FF0010B607F810707D4BAF82A
:102A90000410BAF80000081A401C03B20FE0B4F9A1
:102AA0001210009141F6FF72CDE90120B4F9143003
:102AB000314608A822680CF0DDFEBDF920300398ED
:102AC000B4F912100025B0F908906A1E01EB090054
:102AD0000890BAF80000ADF81000BAF80210ADF88E
:102AE0001210B4F916000690B4F918000144ADF8BC
:102AF0001210FFB1F0B9BAF9021000291ADAD7F8AA
:102B000008C0ACEB0100002801DCA1EB0C00089927
:102B10004FF4806C49420CEB4101884200DD3A6081
:102B20003868002806DB0546BDF81210B88808444E
:102B3000ADF81200617F0020CDE90001B4F9142046
:102B4000701900E0ACE02F930399F0F7A9FA00EBBD
:102B5000050829E0617F0020CDE90001B4F91420C7
:102B600006EB08002F9B0399F0F79AFA454600EB15
:102B70000508BDF812100898084400B2ADF812001C
:102B80007FB110F5806F0CDB3868002809DA3D60F2
:102B9000BDF91210BAF90200081A7860BAF90200F9
:102BA000B860705D00287BD03598BDF91210806840
:102BB0004944B0F902008142CCDB5846CDF8C0B0A0
:102BC000BBF1020F02D0032816D029E0607F0090ED
:102BD000B4F91430A8EB05017019039A0CF0A8FEA3
:102BE00007465046FDF711FBC01BBDF8101000EB67
:102BF000D07001EB600011E0607F0090B4F91430F8
:102C0000A8EB05017019039A0CF092FE0746504696
:102C1000FDF7FBFABDF81010C01B0844ADF810001A
:102C2000D4E9019BD94502D94846D9468346A07FBD
:102C3000800717D01EA800F0D1F9A089ADF8780060
:102C4000039890F90E0000B90120ADF87A00A07E3B
:102C50008DF88000A07FC1089DF8810061F301001C
:102C60008DF8810000200F90FEF760FE319010A8D3
:102C700000F0F0FE208AADF84400BDF9100032905B
:102C80006BE100BFBDF81000069900270844ADF8BD
:102C9000100070190D90A8EB050007970E90BCE08E
:102CA0005FE10021A9F57F420091FF3A09D0ABF521
:102CB0007F42FF3A05D0AC4A291830461268904747
:102CC000009007AB0BAA0CA90D98F0F7D1F9607F23
:102CD000C0070AD00C98232802D0012F13D004E09B
:102CE00047B1012F0AD0022F0BD0E0683190022F9C
:102CF0004FD050E007980F90012048E00027E0688F
:102D000048E0002043E0202842D107990F98081A94
:102D1000072801D0A08938E00F9A0D986946104421
:102D20005FF0060210F8013B01F8013B521EF9D199
:102D300000208DF806009DF80100FBF7B6F8074665
:102D40009DF80000FBF7B1F807EB001029909DF803
:102D50000300FBF7AAF807469DF80200FBF7A5F869
:102D600007EB00102A909DF80500FBF79EF8074638
:102D70009DF80400FBF799F807EB0010C2B22A98FF
:102D8000C1B22998C0B2FEF7E5FE2C90022007469A
:102D900043E02C983190DDE90B21039802F079FA99
:102DA00033904FF6FF70814522D0834520D00098A4
:102DB00048451DD358451BD2BDF81010ADF8001082
:102DC000BDF81200ADF80200A28A0A443399491EE8
:102DD0001144ADF8041008996A46491E0844ADF83C
:102DE000060010A9359800F021FEE089ADF8C40076
:102DF000BDF8C400ADF8900004AA21A90C9B359839
:102E000000F0DAF83398002807DDBDF81010A08A2A
:102E1000014433980844ADF810000E990798814298
:102E20003FF63FAFA07F800723D53298ADF8000072
:102E30002068BDF97A1002ABB0F9080001EBD1713E
:102E400000EBD070401000EB6100BDF812106A4634
:102E50000844BDF81010ADF80810ADF80200ADF848
:102E60000A00BDF8C400ADF878001EA9359800F03E
:102E7000A8F8A07FC0071FD03298ADF800002068E6
:102E8000BDF8121002AB028940891144091A039857
:102E90006A4690F90D00081ABDF81010ADF8081038
:102EA000ADF80200ADF80A00BDF8C400ADF8780036
:102EB0001EA9359800F085F8617F0020CDE900015A
:102EC00006EB0800B4F9142007462F9B0399F0F78E
:102ED000E7F8454600EB0508BAF80000ADF8100029
:102EE0003098022802D0032816D029E0607F009095
:102EF000B4F91430A8EB05013846039A0CF018FD1C
:102F000007465046FDF781F9C01BBDF8101000EBD5
:102F1000D07001EB600011E0607F0090B4F91430D4
:102F2000A8EB05013846039A0CF002FD074650460F
:102F3000FDF76BF9BDF81010C01B0844ADF8100088
:102F4000BDF8121008980844359900B2ADF8120087
:102F50008968B1F90610884203DC705D00287FF4AF
:102F600091AE39B0BDE8F08FDC01002038B50446E1
:102F7000202105F0B3FAFF20A076FEF7D7FC0090E1
:102F8000BDF80000A0810B4820604FF6FF70606024
:102F9000A060FEF7CBFC0090BDF80000E0810520AA
:102FA00009F0C6FC0090BDF8000020820020E07609
:102FB00038BD00005C7D020830B4C469A44630BC52
:102FC000604730B44C88002C06D00C7A022C03D910
:102FD000046AA44630BC604730BC704738B504462C
:102FE0000A2105F07BFA01206080FF202072BDF8E5
:102FF0000010002060F3040189B260F34A1189B225
:1030000060F3CF21ADF8001088B20090BDF8000049
:103010000090BDF80000208038BD000010B50346C8
:103020000A4A002052F8304024B1401CC0B2102897
:10303000F8D301E0102802D34FF0FF3010BD42F862
:10304000303002EBC002516010BD0000AC500020D7
:103050002DE9FF4F81B08B460E9D16461C46B5F9F3
:103060000A10B5F90C00571AB5F9082005F1100936
:10307000ABEB020305F13C0AB4285DDAB5F90E208A
:10308000B42A7DDA00287BD0002A79D0904277DDFF
:10309000B1425ADC696D79434FEAA12CA96A7F1CC1
:1030A00079438912A0F20F15582D01D8002909DBA8
:1030B000451E592D01D8002904DB5B38B32802D204
:1030C000002900DD0021A2F20F10582801D80029A4
:1030D00009DB501E592801D8002904DB5B3AB32ACA
:1030E00002D2002900DD0021ACEB010001EB600001
:1030F0000125C71AA74200DD2746002F0DDD3BB290
:1031000032465946CDF80090019800F091F905003B
:1031100003D13946019805F0E1F9A74200DD2746C1
:10312000002F00DA0027CDF800A05DE0B54276D18F
:10313000284605B0BDE8F08F68DDB5F90E20B42A49
:1031400064DD904262DDB14201DA0120F1E7696D90
:1031500079434FEAA12CA96A7F1C79438912A0F216
:103160000F15582D01D8002909DB451E592D01D80E
:10317000002904DB5B38B32804D2002902DD00E01B
:1031800044E00021A2F20F10582801D8002909DBE1
:10319000501E592801D8002904DB5B3AB32A02D219
:1031A000002900DD0021ACEB010001EB60000125EE
:1031B000C71AA74200DD2746002F0DDD3BB232467D
:1031C0005946CDF800A0019800F032F9050003D16E
:1031D0003946019805F082F9A74200DD2746002F05
:1031E00000DA0027CDF800900BEB070001B2019840
:1031F000E41B384423B20746324600F019F90600B2
:1032000094D12146384605F069F98FE70127B84681
:10321000B42805D038B109DAB14209DC0AE047E048
:10322000B14210DC04E0B14202DC0CE0B14201DC4E
:10323000032708E0234632465946CDF8009001980E
:1032400000F0F6F80746B5F90E00B42806D060B1D4
:10325000B5F90A000FDAB04204DC0EE0B5F90A0055
:10326000B04206DD4FF0030803E0B5F90A00B042B2
:10327000F8DDBFB10EE0B042F4DD234632465946D8
:10328000CDF800A0019800F0D3F8804657B1B8F10E
:10329000000F07D0032F02D0012F05D008E0B8F1AE
:1032A000030F05D1002044E74046B8F1010FFAD0E2
:1032B00002203EE72DE9F8430546884640F26710B4
:1032C000411C089C1746002B01DA002302E08B42C8
:1032D00000DB0346002C01DA002402E08C4200DB14
:1032E00004469C4203DAC3F5B470204403E0E01ABC
:1032F000002800DC181BA5F86800AB81EC81A5F85C
:1033000008806F8115482860012028718B4200D900
:10331000FEE7B42B01D2002000E00120002C01DBED
:103320008B4200DDFEE7B42C05D3A4F1B401B4292F
:1033300001D2002600E0012600903A46414605F100
:10334000100000F0CBF823463A46414605F13C0018
:10335000009600F0C3F8BDE8F88300005130010882
:103360002DE9F8431E4617468846814600250C4C39
:103370000DE00090D0F800C033463A46414648463A
:10338000E047002808D0022800D101250834206831
:103390000028EED115B10220BDE8F8830120FBE73B
:1033A000AC50002010B50179022906D0052913D1AF
:1033B0008068BDE8104004F047BF0446406900281B
:1033C0000AD00169002904DA406804F03DFF606911
:1033D000EFE74169491E416110BD000070B5134D12
:1033E000060008D05FF0000455F83410B9B1087930
:1033F000022805D002E02868002800D0012070BD16
:10340000887CB1F91020C007304601F1080102D0D4
:10341000EEF7D4FB01E0EEF761FB0028EED0641C70
:10342000E4B2102CE0D3002070BD0000AC500020AE
:10343000F8B5069CA58A266A521B658A12B2491BFA
:1034400094F8285009B24FEAC57526B1009485B3A7
:10345000FBF760FFF8BD85B1207C810727D000F025
:103460000301012923D0022901D1511C1FD4C043DB
:10347000800728D1002A1ADC25E0227C02F0030410
:10348000022C14D0D543AD0711D0012C01D1002955
:103490000DDC920701EB030207D0002A13DB49423F
:1034A0000FD50021002B0EDD0FE0002A02DA0120EB
:1034B000F8BD10E04A4206D49A420ADA991A10443A
:1034C00005E0994201DB0020F2E7994201DA05F0BC
:1034D00005F80220ECE7FBF7C7FFE9E72DE9FC4719
:1034E0001C46DDF8288016460F468146B42B01DDC8
:1034F000B43C24B204F15A0000B20CF0F7F807EB28
:10350000601520460CF0F2F806EB601000B2CDE931
:1035100000082BB232463946484600F003F8BDE8B1
:10352000FC8700002DE9F0470F46DDE90869984661
:10353000154604462C2104F0D1FFB54206D1B9F15D
:10354000030F03D16D1E761E2DB236B2B54205DDD6
:103550004046B846074630462E46054627816581D7
:10356000A4F80C80E68184F810906782A8EB07002D
:103570004B46A582002801DD014601E0A7EB0801CA
:10358000721B002A01DD154600E0AD1BA94294F82C
:10359000281002DD41F0010101E021F0010184F871
:1035A00028100025E561244E2660A5612571CE070F
:1035B0004FF480150DD020B195FBF0F65643B612AE
:1035C000E66122B195FBF2F242439012A061E069FC
:1035D0000CE022B195FBF2F64643B612A66120B18B
:1035E00095FBF0F050438012E061A06920629807DB
:1035F00009D003F00300012808D0022813D0D843D3
:10360000800714D006E021F0020001E041F0020042
:1036100084F82800216A88106062002901DA40429B
:103620006062BDE8F087206A0028EFDCEBE7206AE3
:103630000028EBDDE7E70000313401082DE9FE4FFB
:103640008046DDF830900E461C4699F81200174669
:1036500000F0010AB9F91050684609F10801FCF7B9
:1036600072FDBDF90200BAF1000F2FD0B84250DC54
:10367000BDF90600B8424CDBBDF900004119B1426A
:1036800005DCBDF904203119521B914209DDBDF959
:1036900002104A19BA4240DCBDF90620521BBA4258
:1036A0003BDBBAF1000F18D0801B00D50020A042F0
:1036B00031DCBDF90410891B091A491C4218A242C9
:1036C00000DD211A002926DB4044EFE0B84213DC7C
:1036D000BDF90600B8420FDBCEE7871BA7420BDC23
:1036E000002F03DB3946404604F0F8FEBDF9040024
:1036F000851B6D1C002D02DC0020BDE8FE8FA5425D
:1037000004DA611B08EB050004F0E8FE1FB9A542CE
:1037100001D10120F1E70220EFE7BDF80430821B60
:10372000181A401C0FFA80FCBDF80600401A401C15
:1037300003B2781A00B2A84202DA281A401E01E049
:10374000591B401AD9F8141000B20223CF6803EBBA
:103750004003FB5A37F810609B1B1EB28B68496808
:1037600033F8103037F810004FF0000700EB010B72
:1037700002EB0C00401B18440FFA80F95019C01AD4
:10378000401E05B2BAF1000F22D06BE0F11B01EB35
:103790000B0010F8010C029009EB07005FEA000A29
:1037A00008D4A24506DA18F80A1002980CF008FDB1
:1037B00008F80A00B5EB070A08D4A24506DA18F89B
:1037C0000A1002980CF0FCFC08F80A007F1C3FB2BB
:1037D000B742DBDB09EB0700A04201DA014600E05B
:1037E0002146002901DA002002E0A04200DB204649
:1037F00000B2211A404404F071FEA81B411CA142F2
:1038000001DA0A4600E02246002A01DA002402E03A
:10381000A14200DA0C4621B2404647E0F11B01EB21
:103820000B0010F8010CC0F1FF00029009EB07003B
:103830005FEA000A08D4A24506DA18F80A100298CE
:103840000CF0BEFC08F80A00B5EB070A08D4A24544
:1038500006DA18F80A1002980CF0B2FC08F80A0010
:103860007F1C3FB2B742D9DB681CA04201DA691C59
:1038700000E02146002901DA002504E0A04201DA37
:103880006D1C00E025462AB2A9EB0200A11A88426D
:1038900001DA034600E00B46002B01DA002002E0CB
:1038A000884200DB084601B208EB020004F016FE75
:1038B00031E700002DE9F0411546064688880A8860
:1038C0001C46801A401C02B2C8884B88C01A401C93
:1038D00000B2824200DA1046B5EB600F00DD451001
:1038E000002D00DA002506F10800FCF72CFC3582DB
:1038F000B47438483060022030710023C5B13648B6
:1039000000214FF47A7200BFC1EBC10400EB8404C4
:10391000B4F91840AC421BD1C1EBC10100EB8100EE
:103920004169491C41610169102D04DA012303E05A
:103930007361BDE8F0812B110B44934205DA102D21
:1039400001DA012200E02A110A4402617061F0E705
:10395000491C0429D8D300244FEA0401C1EBC10754
:1039600000EB8707D7F814C0BCF1000F07D12CB1CA
:10397000D7F810C0D4F810E0F44500DA3C46491CF2
:103980000429EBD33CB16069401CC4E90430102D1C
:103990000EDA01200DE01C2004F0CCFB040006D060
:1039A0001C2104F09BFD4FF0FF3020610BE0FEE78F
:1039B00028111844904205DA102D01DA012000E0A8
:1039C00028111A182261204629467461BDE8F04189
:1039D000F1F7D0B83D3601083C500020F0B5002585
:1039E000094E07462C4600BF06EBC4004068B842AB
:1039F00004D156F83450204600F008F8641CE4B2B4
:103A0000102CF1D32846F0BDAC5000200021421C00
:103A100008D0054A002352F8301042F8303002EB4B
:103A2000C000436008467047AC50002030B4D388D3
:103A300054881B1B5B1C1BB2012B09DB9388148869
:103A40001B1B5B1C1BB2012B02DBC36830BC18477D
:103A500030BC704738B50446382104F03FFDFEF70E
:103A6000AEF90090BDF8000024F8040FFEF7A7F9A6
:103A70000090BDF800006080FDF762FF0090BDF887
:103A80000000E080FF2525720220A072FDF758FF9C
:103A90000090BDF800006083FDF752FF0090BDF874
:103AA000000020850748206104F8015CA57584F8B2
:103AB0002650A57784F83250E07F20F03E001E307B
:103AC000E07738BD5C7D02082DE9F04FCBB083462E
:103AD000DDE95465087B984614460F4602287DD9D7
:103AE000B7F90200002879D0AE4277D01AB28146E9
:103AF0009246404500DD914606A8FFF7ABFF787B74
:103B000000F003008DF81A00B86840B100208DF86D
:103B10001B00B8680A90387B8DF8320005E0387BCE
:103B20008DF81B003888ADF81C002188A1EB080037
:103B3000ADF810006288A8F10101A2EB0802ADF80F
:103B4000122023880B44ADF81430B4F802C0ADF84D
:103B500004006144ADF80830ADF81610ADF8062049
:103B6000ADF80A10B7F802C06044ADF80400B7F829
:103B700002C0624412B2ADF80620B7F802C0A3EB4F
:103B80000C03ADF80830B7F802C0181AA1EB0C010D
:103B9000401C09B24FF0FF3C00B2ADF80A10CDF85E
:103BA00014C1002810DD881A401C00B200280BDD6B
:103BB000012347F6FF7201A932A8FFF77BFE00211F
:103BC00032A8FFF72BFA4590002347F6FF7204A9AD
:103BD00038A8FFF76FFE002138A800E024E0FFF7C7
:103BE0001DFA489006F5B470A84205D005F5B471E9
:103BF0004FF4B4708E421ED147F6FF70ADF8180036
:103C000004AA06A95846FFF711FF4898FFF7FEFEE1
:103C10004598401C02D04598FFF7F8FE38A8FFF7FA
:103C2000C1FB32A8FFF7BEFB4BB0BDE8F08F00BF71
:103C3000A6F5B476B6B28642FAD202E0A5F5B4751E
:103C4000ADB28542FAD228B246900090B4F9022073
:103C5000B4F9001033B214A84793FFF72BFB0021EF
:103C600014A8FFF7DBF92F90B54203D9A81BC0F5C4
:103C7000B47000E0701BDBF8081000913C282ADDCE
:103C8000B8F10A0F27D95A20B6FBF0F1B5FBF0F0D6
:103C900000F00300ADF8040106A8ADF8FCA0ADF8F3
:103CA000005101F0030142903E94ADF8FE60ADF882
:103CB0000211ADF8069104A8CDE9430B3EA8F5F733
:103CC00083FC3EA8F5F748FD3EA8F5F714FE3EA894
:103CD000F5F7FFFE04E004AA06A95846FFF7A6FE82
:103CE00014A8FFF75FFB38A8FFF75CFB32A8FFF7CB
:103CF00059FB2F98FFF78AFE4898FFF787FE4598F3
:103D0000401C02D04598FFF781FE787B40078BD599
:103D100009F0FF022FAB51464798F9F727FEBDF88F
:103D2000BC0021882FAA0844ADF8BC00BDF8C00033
:103D300021880844ADF8C000BDF8BE006188084481
:103D4000ADF8BE00BDF8C20061880844ADF8C200FD
:103D500048A80099EDF79AFE48ADC0B1002347F698
:103D6000FF722FA93EA8FFF7A5FD00213EA8FFF78F
:103D700055F90646584604AA06A9CBF80850FFF79D
:103D800055FE3046FFF742FE3EA8FFF70BFB09F059
:103D9000FF022FAB51464698F9F7E8FDBDF8BC008D
:103DA00021882FAA0844ADF8BC00BDF8C0002188C6
:103DB0000844ADF8C000BDF8BE0061880844ADF805
:103DC000BE00BDF8C20061880844ADF8C20048A832
:103DD0000099EDF75BFEC0B1002347F6FF722FA9F3
:103DE0003EA8FFF767FD00213EA8FFF717F904463C
:103DF000584604AA06A9CBF80850FFF717FE20463C
:103E0000FFF704FE3EA8FFF7CDFA0098CBF80800B4
:103E10000AE770B514460D460646F1F72DFB22461B
:103E200029463046BDE87040F1F7FBBC7CB504463E
:103E3000087E0D4602280ED9A26868462968EDF76B
:103E400025FE002807D0E16A09B120468847626B49
:103E50002946204690477CBD2DE9F04FCD6889B0BA
:103E60000C46804615B1207C002879D0207C0128A2
:103E700000D10025D8F8040081880088081A401C69
:103E800000B20790D8F8082005A82168EDF7FEFDDC
:103E9000002865D0EFF7B0F883460068D8F800A096
:103EA000C06980B9D8F80400BDF91410B0F9002039
:103EB000B0F90200891ABDF91620121A079800FB02
:103EC00002110AEB410AD4F804905FEA090013D00A
:103ED00020688288B0F90010B0F90200521A521C12
:103EE00017B2BDF91420511ABDF91620101A07FB9C
:103EF000001109EB410900E0002795B16069828853
:103F0000B0F90010B0F90200521A521C16B2BDF9F5
:103F10001420891ABDF916202944801A06FB0015C1
:103F200000E00026D8F804004188008849420AB21F
:103F3000404201B205A8FCF787F9DBF80000C06930
:103F40000028606818D00028207E0CD001A90097B6
:103F500081E861004B4605A95046079A0CF0B0F87D
:103F600009B0BDE8F08F8DE86100A36805A950464F
:103F7000079AF8F795FAF3E70028607E0DD018B39A
:103F8000217E0097CDE90360CDE901154B4605A9D7
:103F90005046079A0BF090FEE2E758B1217ECDE93A
:103FA0000260CDE90015A36805A95046079AF8F705
:103FB0002DF8D5E7207E05A98DE86100A36850465D
:103FC000079AF8F7C9F8CBE7207E01A9009781E8A6
:103FD00061004B4605A95046079A0BF0EFFEBFE77C
:103FE0002DE9FF4FB7B00C463798994616468068C2
:103FF000DDF810A10188ADF814104188ADF8161055
:104000008188ADF81810C088ADF81A0005A8FFF730
:10401000E5F91F901C2122A804F060FAE07A8DF8DF
:10402000A000207B00F00F008DF8A1001F9840B980
:10403000208830B96088B0F5807F02D1BAF1040FD2
:1040400003D0BAF1050F35D001E0A07A48B30227BA
:10405000B18830880025081A401C00B21D904FF628
:10406000FF70ADF800003390BDF81A10BDF81600CF
:10407000BDF81430091A491C09B22991BDF818106D
:10408000ADF80830ADF80C10ADF80A00ADF80E0030
:1040900002A8CA1A2290521C20880FFA82F878B916
:1040A0000AE0CDE9226922A93798FFF7BFFE3BB0AD
:1040B000BDE8F08F0327CBE76088B0F5807F01D0A3
:1040C000012000E000202E901F99014304D1BAF195
:1040D000050F01D1A07A60B1EEF78EFFFEF704FA6A
:1040E000834605A8FCF777F85946584574D9084621
:1040F00075E0EEF781FFFEF7F7F9044605A8FCF737
:104100006AF8A04201D9204602E005A8FCF763F84E
:104110008246400004F03AF88346504604F036F8F0
:104120000446259002A827900220CDF88CB08DF887
:104130009800BDF91620B6F90200BDF91410101A46
:104140001D9A5043B6F9002000FB0790891A01FB25
:10415000070900262AE0484600210BE082786255D4
:104160002AB10378427803EB02222BF81520491C70
:1041700038446D1C4145F1DB1D9911FB079905EB96
:104180000801514505D8BDF80E00401CADF80E00E1
:104190000BE022A93798FFF749FEBDF80E00401C3E
:1041A000ADF80A00ADF80E000025761C299886426D
:1041B000D1DBBDF90A10BDF90E00814206D0401EC8
:1041C000ADF80E0022A93798FFF730FE204604F024
:1041D00029F858466DE1FFE705A8FBF7FCFF2190A1
:1041E000400003F0D3FF2D90219803F0CFFF019002
:1041F000259002A8279002208DF898002D982390F2
:10420000002004904C210AA804F068F92E9820B3ED
:104210002088ADF834006088ADF836001D98CDF8E0
:104220002890ADF82C00F18870888DF83AA0081A13
:10423000401CADF82E00A088ADF83000E088ADF845
:1042400032002089ADF83800207D00F001008DF8A3
:104250003B000AA8EEF76CF910E0BDF91620B6F99C
:104260000210511A1D9A514301FB0790BDF9142009
:10427000B6F90010511A01FB0700049000202090AD
:104280002B90A07AC0F1FF013491B0B121898AB29C
:10429000D10A11FB00F3209963F30F01C2F3451318
:1042A00013FB00F363F31F41209102F01F0111FB88
:1042B00000F12B9861F30F002B90BAF1040F05D198
:1042C000208818B96088B0F5807F01D0022000E016
:1042D00001208DF898001F9818B12199019804F0D9
:1042E0002BF9BDF90A10B6F90200081A3090002027
:1042F000C9E000BFDDF810B03195BDF90810B6F97E
:1043000000004FF00009081A32906DE02E9888B135
:1043100008993098084402B23298484401B20AA879
:10432000EDF71EFF00B301989DF83E104155BDF812
:104330003C001DE0BAF1050F0DD00198FF21415559
:104340009BF800109BF80100BAF1060F01EB00206A
:1043500080B206D00CE001999BF802004855E0B30A
:10436000EEE73399884203D101990020485537E0A0
:10437000A17A81B32099349B89B2C20A12FB03113E
:10438000803101EBC11202EBC131BDF8D420C1F381
:10439000C45161F3CF222099C0F3451C090C1CFBCA
:1043A0000311803101EBC11C0CEBC131C1F3C551CC
:1043B00061F34A122B9900F01F0010FB03108030AC
:1043C00000EBC01101EBC030C0F3C45060F3040235
:1043D000ADF8D42090B22D9900E001E021F815004D
:1043E00009F10109BB446D1CC1458FDB1F98C0B1A9
:1043F000BDF816100898319B084402B20198BDF927
:104400000810184481464346FEF7AAFF10B102285F
:1044100004D006E04846414604F060F802208DF8DA
:1044200098001D99049811FB07000490219805EB52
:104430000801814205D2BDF80E00401CADF80E0007
:104440001FE022A93798FFF7F1FCBDF80E00002508
:10445000401CADF80A00ADF80E00BAF1040F05D10A
:10446000208818B96088B0F5807F01D0022000E074
:1044700001208DF898001F9818B12199019804F037
:104480005BF80898401C299908908842FFF632AFE3
:10449000BDF90A10BDF90E00814206D0401EADF8EC
:1044A0000E0022A93798FFF7C1FC019803F0BAFE6D
:1044B0002D9803F0B7FEFAE510B50C4638212046DA
:1044C00004F00CF8094820610948E0600948A0623E
:1044D0000948E06109486061094820620948606252
:1044E0000948E0620948606310BD0000C93A01084C
:1044F000D9490108133E010811450108E13F0108AF
:10450000B545010859470108114A0108593E0108FB
:10451000F0B51F46064687B014460D4608680023CE
:104520003A4602A900F045FE002841D0BDF810200F
:10453000002A3DD0BDF80E10002939D02088BDF8E2
:104540001230184400B2ADF804002B686488B3F848
:1045500008C05B89ACEB03032344BDF814409B1AED
:104560001B1B1BB2ADF806304418B168B1F900C08E
:1045700064451DDBB1F90440A04219DC9818B1F97B
:104580000220904214DBB1F90600834210DC394668
:10459000029800F00AFE00280AD00299097B8907D8
:1045A00006D1009002AB01AA29463046F3F768F91C
:1045B00007B0F0BD2DE9F0470E46B1F9021096B0F4
:1045C0001C461546814600297ED0307A02287BD9C8
:1045D000B5F90000B4F90020904205D1B5F90230D8
:1045E000B4F90270BB426FD0904200DB104601EB81
:1045F000D171A0EB6100ADF84400B5F90010B4F939
:104600000000B6F90220814200DD084602EBD271BB
:1046100000EB6100ADF84800B5F90210B4F90200F2
:10462000B6F90220814200DA084602EBD271A0EB13
:104630006100ADF84600B5F90210B4F90200B6F910
:104640000220814200DD084602EBD27100EB6100DE
:10465000ADF84A0011A90846D9F80820EDF716FA76
:10466000002875D011A9D9F808A0C9F80810B5F923
:104670000200B4F90210884206D123462A46314688
:104680004846F3F75DFA0EE0B5F90000B4F9001002
:10469000234688422A463146484602D1F3F7B8FC01
:1046A00001E0F3F707FB707A010701D440074DD50D
:1046B00002A8FFF7CFF93088ADF80C0047F6FF707D
:1046C000ADF80800307A00E042E08DF80B00B6F952
:1046D0000200471040F3000000F10108707A400723
:1046E00018D528886A46C01BADF800006888C01B32
:1046F000ADF802002888C119A1EB0800ADF804004C
:104700006888C119A1EB0800ADF8060002A9484667
:10471000FFF78CF9707A000718D520886A46C01B0D
:10472000ADF800006088C01BADF802002088C119F8
:10473000A1EB0800ADF804006088C119A1EB0800E6
:10474000ADF8060002A94846FFF770F9C9F808A0BD
:1047500016B0BDE8F08700002DE9FF4F8BB01E4674
:104760001746032B7ED3002F7CD0B00003F00EFD44
:1047700005007BD00024386828602046721E15E0B2
:1047800007EB800137F92030B1F904C0634505D14A
:10479000B1F90230B1F906C0634505D005EB8403D9
:1047A0000968641C1960A4B2401C80B29042E7DB27
:1047B00007EB8600B7F9001030F9042C914205D1BF
:1047C000B7F9021030F9022C914206D005EB8401B2
:1047D00050F8040C641C0860A4B2032C43D37D4938
:1047E000D1E90001CDE90201002027E0BDF9082050
:1047F00035F920108A4200DA1146ADF8081005EBB1
:104800008002BDF90A10B2F90230994200DB194664
:10481000ADF80A10BDF90C3035F920108B4200DDDF
:104820001946ADF80C10BDF90E30B2F902108B42EA
:1048300000DD1946401CADF80E1080B2A042D5D361
:104840000B9802A9826805A8EDF720F958B10B98DA
:1048500005A90026806809900B988160B5F90210BF
:10486000012011E002E0284603F0DCFC0FB0BDE8B7
:10487000F08F00BF05EB8002B2F902208A4201DA14
:10488000114606B2401C80B2A042F3D32C2104FB97
:1048900001F003F07BFC8346B2460490D1464FF012
:1048A0000008701E00D52044621E09F10101089223
:1048B000914200DD002135F8262035F8203035F80A
:1048C000217005EB80009B1ABF1A428805EB860019
:1048D00005EB810140884988121A081A00210791C6
:1048E00012FB07F110FB03F0814267DA0120079009
:1048F00001E00798F0B308980AF10106864200DD4E
:104900000026B9F1010700D5274405EB860005EB29
:104910008A01B0F90200B1F90220904216DB12D0F0
:1049200035F9263035F92A108B420CD04FF0010CA6
:10493000CDE9000C5846FEF7F5FD58460499FEF700
:104940006DFB0BF12C0B08F10108B246A04523D0FA
:1049500005EB870005EB8901B0F90200B1F90220EF
:10496000904217DB13D035F9273035F929108B42E7
:104970000DD000E022E00026CDE900065846FEF703
:10498000D1FD58460499FEF749FB0BF12C0B08F1B9
:104990000108B946A045ACD3DDE90B0102AAFFF737
:1049A00045F80498FFF71AF8049803F03BFC2846F2
:1049B00003F038FC0B990998886057E7BAF10106B3
:1049C00000D52644089809F1010787429DDD00279C
:1049D0009BE700007041020870B514460D4606467C
:1049E000F5F79AFE224629463046F0F745FD224665
:1049F00029463046F0F715FF224629463046F0F7A3
:104A0000F2FF224629463046BDE87040F4F7C2BCAA
:104A1000704710B50446012104F096FC4FF6FF7074
:104A200060870121606A04F091F820460022BDE809
:104A30001040202100F052BB70B500200C464862A7
:104A400016A1C4E90B10A06294F83C1041F03001AB
:104A500084F83C10E08620874FF6FF716187A086BE
:104A600094F83C004FF4806120F00F00083084F887
:104A70003C00204604F06AF809A1204600F090FAB4
:104A8000204605F065F901460C4804F07BFB05461D
:104A900004F0E6FB65626C6270BD0000EF81B80057
:104AA0004F7074696F6E20310A4F7074696F6E2099
:104AB000320A4F7074696F6E203300005480020810
:104AC00010B50146034804F05DFB044604F0C8FB42
:104AD000204610BD3880020870B5486A0C46002593
:104AE00010B104F095FC656294F83C00C00603D454
:104AF000206B03F0A9FB256370BD000070B50E4666
:104B00003F4804F0FAFF012843D1304600F0A3FAF1
:104B10000546304600F0DDFA04460E2D14D00F2D68
:104B200021D0102D1FD0082D21D02A2D23D0292DA2
:104B300021D02C2D23D00D2D2CD0152D29D1304650
:104B4000BDE87040F3F71ABD05F0B8F800F0E8FED4
:104B5000054601F0D1FE01F010FF042819D17DBBFC
:104B6000218F2046E186BDE87040FFF752BFBDE8C7
:104B70007040EFF768BABDE8704007F00DB93046F5
:104B800000F0A5FA05460021204606F0E2F800896B
:104B9000688070BD304600F09AFA0078132810D073
:104BA00012280ED0142817D0112815D01B28D7D0C2
:104BB0000A28EED101F0B0FEA042EAD02046D6E7A6
:104BC00019E0204600F050F8A8B1E08EA18E401CFC
:104BD0008842DED2214608E0204600F045F850B178
:104BE000E08E0028D5D02146401EE086BDE870400A
:104BF00008460BF04DBD2046BDE8704000F090B86F
:104C000038800208C08E70472DE9F0410446002527
:104C1000006B90460E462F4620B1EBF7E0FB0246B4
:104C2000002008E00F70BDE8F081216B095C0A29C3
:104C300000D16D1C401C904202D2218FA942F4D1B8
:104C40000021A8F1010507E0B8F1000F01D0A94249
:104C500008D27354401C491C904203D2236B1B5C46
:104C60000A2BF1D17754DEE710B5406A012106F036
:104C700067F980F0010010BDF8B50F46084600F056
:104C8000EAF90546182805D03946244804F035FFCE
:104C900001283AD1384600F01CFA446A0646082D2D
:104CA0000ED0012D17D0092D30D0182D2DD138461A
:104CB000F3F75DFA3946BDE8F840184804F01DBF27
:104CC00001F01AFE01F04DFE00281ED13046BDE86D
:104CD000F840FAF7B6BC01F00FFE050015D001F060
:104CE0004CFE012804D0284601F047FE03280CD1D1
:104CF0006946284601F016FEBDF902102046F8F775
:104D000023FB6087304606F0E9FBF8BD4FF6FF70E5
:104D100060873046BDE8F84006F0E0BB54800208EA
:104D20002DE9F8430446012103F043FF204605F036
:104D30000FF80146606A07F04BFB4FF0FF31606AE5
:104D400006F03CFD0121606A04F0C4FA00221F2134
:104D5000204600F0C3F92046F8F739FC8046216B65
:104D600002F0C9FF42F2D171606A07F04BFD404684
:104D700007F092FD606A06F09AF80546204606F0B4
:104D800096F885420EDC94F83C0000F00F000428F1
:104D900001D0082806D1204606F089F80146606A4D
:104DA00007F030FD404604F08EFF07460021606AA0
:104DB00005F005FD05460021606A05F00AFF461969
:104DC000002141F61102606A05F026FF2844B91956
:104DD000084407B294F83C003D4600F00F06082E48
:104DE00002D0042E1ED034E0FDF766FBFDF7C2FBB7
:104DF000B4F91A10294488422BDAFDF75DFBFDF760
:104E0000B9FBB4F91A10411AB4F91600814201DA5B
:104E1000042605E0FDF750FBFDF7ACFB618B401A63
:104E2000401E15E0B4F91600401B12D5FDF744FBF7
:104E3000FDF7A0FBB4F91A10B4F91650411AA942B3
:104E400007DD0826FDF738FBFDF794FB618B401A60
:104E500005B2BD4200DD3D462946606A07F082FA90
:104E600020460BF015FC0020082E06D0042E09D099
:104E7000012E0CD0022E0FD015E0009000230D2241
:104E8000606A0DE0009000230A22606A08E000904A
:104E900000231022606A03E000900023606A13225E
:104EA000214603F0F1FE606A07F0F6FC94F83C003E
:104EB00000F00F00012801D0022818D1606A06F026
:104EC00018F80646606A06F030F80546FDF7F4FA71
:104ED000FDF750FBA8420ADCFDF7EEFAFDF74AFBAE
:104EE000281A301A401E01B2606A07F0B9FC00218E
:104EF0004046226B04F02AF9022808D04FF0000344
:104F000003281A4601D0012104E0032102E0002316
:104F10001A46092101B04046BDE8F04303F0A6BEA1
:104F20002DE9F0410E00044603D00025A586284651
:104F300006E0FEE70A2902D1A18E491CA186401C89
:104F4000315C0029F6D1A08E401CA086E58625871D
:104F50003046EBF744FA471C206B30B194F83C1014
:104F6000C90602D403F070F92563384603F0E2F86D
:104F7000206390B13146EBF70EFA94F83C0020F034
:104F80001001204684F83C1006F0A8FA606A002858
:104F900004D0BDE8F04106F0A1BAFEE7BDE8F0811B
:104FA00070B50E00044603D00025A586294606E00C
:104FB000FEE70A2802D1A08E401CA086491C705C26
:104FC0000028F6D1A08E401CA086E586258794F89F
:104FD0003C00C00604D4206B10B103F035F9256302
:104FE00094F83C0040F0100184F83C102046266301
:104FF00006F074FA606A002803D0BDE8704006F03D
:105000006DBA70BDC28E8A4207D0828E8A4200D8A5
:10501000511EC186018706F061BA704710B50C4673
:105020004FF48061204604F055F90421204604F035
:1050300051F94FF40031204603F088FD012120464C
:1050400003F084FD2046BDE8104001F085BF486AAA
:10505000002141627047007A20F08000704740686C
:105060007047017A15290BD0142909D0162907D0C9
:10507000182905D0172903D0192901D0002070471D
:1050800000697047017A01291FD002291DD0032928
:105090001BD0042919D0052917D0062915D00729B6
:1050A00013D0082911D009290FD00A290DD00B29B6
:1050B0000BD00C2909D00D2907D00E2905D00F29B6
:1050C00003D0102901D000207047006970470069A3
:1050D000704700687047C0687047000010B588B01E
:1050E000C0B1009001908DF808100020CDE90302B6
:1050F0009DF81800084C20F007008DF81800606833
:105100000590C4F804D06846F6F7B4FE05996160CE
:1051100008B010BD0120FBE718000020027A132A16
:1051200006D10069B0F900208A4200DD11460180F5
:10513000704710B500F004F8BDE8104000F01EBB49
:1051400010B500210B4802F0F1FD0B4CE06008F0B7
:105150005DFE208008F05AFE40F48050608008F028
:1051600055FE40F48050A08008F050FE40F480507E
:10517000E08010BDA5CB00086000002010B5092913
:1051800000D120210469F8F74FF8002806D06168A3
:1051900001EBC000618A890B01D0002010BD0068BE
:1051A0002168C0F31300084410BD08B142681047DD
:1051B000FEE72DE9F0411E4617460D4688B18DB138
:1051C000002104462960D4F800C033463A462946F7
:1051D0002046E04738B1A97BC90604D42C60BDE85D
:1051E000F081FEE7FEE76469002CECD1F7E70000F0
:1051F0002DE9F04700269A460C468146092A01D13E
:10520000202201261146D9F81050F8F70DF8071E94
:105210003DD0E8684FF0000850B151464846F8F7D5
:1052200003F8020004D039464846F8F7D9F880461A
:105230006868298A00EBC70001FB08F10A110168C0
:10524000090D002E02D000BF4FEA4101114401F1C7
:1052500008014FEA1111A180417921810179E18092
:1052600090F90620628190F90700A081688A4FEAD0
:105270005022A07B62F3030020F01000A07304D042
:105280004FF6FF7000EA4100E0804FF00100BDE8FA
:10529000F0871FB550B113460A466946FFF789FFEC
:1052A000002801D0BDF8040004B010BDFEE770B5C1
:1052B00004464068B0B1C268B2B121689047054663
:1052C0006068408840B1A06830B1C06808B102F0A1
:1052D000BBFFA06802F0B8FF002020606060A06003
:1052E000284670BD0B2070BD092070BD10B5044666
:1052F0000748EDF718FC08E008680078A04201D1E3
:10530000086810BD0248EDF720FC0100F4D110BD83
:10531000544F002010B50446EBF761F840B1215C12
:105320002E2907D02F2903D05C2901D0401EF6D1A9
:1053300002A010BD2044401C10BD00000000000071
:1053400010F8011F3A2900D1401C70472DE9F041A7
:1053500017460E00054624D03078FFF7C7FF04003B
:1053600021D0616809B18847F8B1A068F8B130462A
:10537000FFF7E6FF0146A3683A4620469847C0B1CA
:10538000411C16D0C5E90004608838B1102002F035
:10539000D1FEA86078B1102103F0A0F80020BDE88C
:1053A000F0810B20FBE70320F9E70120F7E7092054
:1053B000F5E70C20F3E7FEE77CB51C004FF0000595
:1053C00000D02560436853B11B6953B1019545680E
:1053D0006B88002B01AB06D000F012F80BE00B201D
:1053E0007CBD09207CBD0093006813460A46014637
:1053F0002E692846B047002CF4D0019921607CBD6D
:105400002DE9FC5F0446806815468B4690E846000F
:10541000D0F80C80606800279A46B0F80290B1423C
:1054200037D8964235D2701A80B2A9EB00018EB2FD
:10543000B54208EB000104D82A46584602F070FF36
:1054400055E03246584602F06BFF4D4508D9CDF87D
:1054500000A0D4E90010AB1B0BEB0602066920E0AC
:105460000020019001A80090D4E900104B46076984
:105470004246B847A16807464868401C0860A168D2
:10548000019A10444860A81B82B20BEB060041460B
:1054900028E04D4508D9CDF800A0066921682B46C3
:1054A0005A46B04707461FE0B8F1000F06D14846FC
:1054B00002F040FEA168C860C0B1804600200190A3
:1054C00001A80090D4E900104B4607694246B8474E
:1054D0000746A0682A460660A068019931444160E9
:1054E00041465846EAF79AFF0FB106E0FEE7CAF8D0
:1054F0000050A0688168294481603846BDE8FC9F5F
:10550000F8B545680446E5B1AE69E6B16B880020A0
:10551000C3B3D2B1012A21D0022A11D11346206887
:105520000A4601462846B047002809D1D4E90010B0
:105530006A46C3699847002802D1A2680099916021
:10554000F8BD0B20F8BD0920F8BDA2689160A368E2
:105550000A461D68A9420CD3596808E0A3689A68F6
:105560000A449A60A1680B689A4202D349688A4249
:10557000EAD9D4E900100023846901B0A446BDE84B
:10558000F0406047FFE7134620680A46014601B035
:105590002846B446BDE8F0406047F0B586468078BE
:1055A00089B015460C4610FB04F00012824203DC61
:1055B000BEF8000009B0F0BD9EF808700EEB87023F
:1055C00012F8023C13FB04F31B129D4202DB32F87B
:1055D000040CEFE70022012326E00EEB830C9CF87D
:1055E00002C01CFB04FC4FEA2C2C65451ADC0EEBB8
:1055F000830737F8040DADF800000098FCF7BCFBFA
:105600000646B888ADF800000098FCF7B5FB0146E7
:10561000B87810FB04F0BA79001212FB04F2C0EB68
:10562000222203E05B1CDBB29F42D6D8281A00B2CC
:10563000C0EB002090FBF2F0C0B2C0F1FF02CBB291
:1056400013FB00F3F4B214FB023303EBC31404EBBB
:10565000C3339C0EBDF8143064F30403C1F3072474
:1056600014FB00F4C6F3072515FB024404EBC41534
:1056700005EBC434640E64F34A13C1F3074111FB14
:1056800000F0C6F3074111FB020000EBC01101EB73
:10569000C030800E60F3CF23ADF8143098B289E7A4
:1056A0004168002901DA02F0CFBD7047FEB505461A
:1056B000407A16460C4640072FD0224F387820B942
:1056C000002000F043F801203870687A00F00700ED
:1056D000022818D04FEA060080EA64006840019072
:1056E000002000906A4601A91748F9F759FD0128E2
:1056F0000BD0324621462846EEF77EF9009000286E
:105700000BD0002418E02046E6E700980422416808
:1057100002EBB1714FEAB1014160FEBD224628465D
:10572000FFF73BFF02900098BDF80810806800EB7F
:105730004400641C018024B20098B0F90E10A1420C
:10574000ECDCFEBD4C00002061C5000870B5094DC1
:105750000446286802F078FD204602F0EBFC286041
:10576000054DA86020B1214602F0B8FE6C6070BD06
:10577000FEE70000A40100204C00002010B500212D
:105780001B4802F0D3FA1B4C606108F03FFB40F469
:105790008050208008F03AFB40F48050A08008F050
:1057A00035FB40F48050608008F030FB40F48050BE
:1057B000E08008F02BFB40F48050208208F026FBAC
:1057C00040F48050E08108F021FB40F4805060817B
:1057D00008F01CFB40F48050208108F017FB40F4D7
:1057E0008050A08108F012FB40F48050608210BD10
:1057F000D1DD00087000002070B50C4606002FD0E7
:10580000EDF791F905E00868A04229D03046EDF7A0
:105810009CF90100F7D1204604F050FA40B1A1688C
:10582000896829B1C9680968A14201D100F087F8E7
:10583000A06810B9204603F093FBA068866030464C
:10584000EDF7B4F905000AD030462C60EDF76BF99E
:10585000A84205D13046BDE8704000F070B8FEE7C0
:1058600070BD0000014A0249F7F706BB4B2B000848
:10587000272B000870B5060043D004F01FFA04007F
:105880003FD0207EC0073CD10021204600F0C3F865
:105890002046EDF748F932E02868B0422BD1E068A5
:1058A00088B10068B0420ED02046F7F771FD02467D
:1058B000E0680F210068FFF711FC012821D1E068A2
:1058C000006805F00BFEE560002D1AD0216909B1D2
:1058D000204688472046F7F75BFD0246E0680E2128
:1058E0000068FFF7FBFB01280BD1E0680068BDE80A
:1058F000704005F0F3BD29462046EDF726F9050076
:10590000CAD170BD014A0249F7F7B6BA532B000855
:10591000592B000801480068704700002000002053
:10592000002802D0007EC0F340007047002803D05A
:10593000C068002800D000687047EDF7F8B870B56F
:105940000446007EC0F3C00540F008002076400702
:10595000204602D4FFF786FF01E0FFF7D3FF207E49
:1059600065F3C300207670BD2DE9F041064604F0D2
:10597000A5F904003DD0E068002740B30068B042BC
:1059800020D1207EC10702D020F0010020762046E1
:10599000EDF7C9F8E16888420FD12046EDF7DCF851
:1059A000E168884209D12046F7F7F2FC0246E06838
:1059B0000F210068FFF792FB02E02046FFF7BFFFD0
:1059C000E06820B1E0680068B04200D1E76020469E
:1059D000EDF7A9F811E028682946B04220460AD11F
:1059E000EDF70BF9284602F02FFCB068002800D034
:1059F0008760BDE8F081EDF7A8F80500EBD1F8E786
:105A000013B5FFF793FF20B101AA0D21FFF766FB45
:105A10001CBD01201CBD70B504001CD0207EC0F34D
:105A200040028A4217D061F3410020762046FFF7FA
:105A30007DFF05000FD02046F7F7AAFC0246E0687C
:105A40000E210068FFF74AFB012804D12846BDE873
:105A5000704005F043BD70BDFFB58368006800F07D
:105A60001F04052C08D00B2C10D00C2C23D00D2C8F
:105A700032D00E2C47D01CE0C0F38A2010FB02105D
:105A800000EB40001844807804B0F0BD01F007043A
:105A9000C0F38A20C910C01DC00810FB0210185C9A
:105AA000C4F1070101228A401040C84001D0002003
:105AB000EAE7FF20E8E717A4C0F38A2024680094EF
:105AC0008C07640F8910C01C800810FB0210185C42
:105AD000C4F10601032210E00FA7C0F38A20F0CF23
:105AE0008DE8F000CC07640F4910401C400810FB03
:105AF0000210185CC4F104010F228A401040C84013
:105B00001DF80000C0E7C0F38A2010FB0210185CEB
:105B1000BAE700000055AAFF00112233445566770A
:105B20008899AABBCCDDEEFF2DE9FF410D46074663
:105B3000BDF80010002060F3040189B260F34A113F
:105B400089B260F3CF21ADF8001088B20090BDF8A3
:105B5000000001903968BC6801F01F001646042857
:105B600014D0062812D0052810D007281DD00828E8
:105B70002AD0092837D00A2849D00B2851D00C2820
:105B80004FD00D284DD00E284BD04BE000F04FF8F1
:105B9000C1083868C0F38A2010FB065001FB0041A1
:105BA000022201A802F050FC3CE0C1F38A21EA1075
:105BB000C91D05F00700C90811FB06210834C0F112
:105BC0000700615C01221CE0A807C1F38A21400F95
:105BD000AA10C91C890811FB06211034C0F1060067
:105BE000615C03220DE0E807C1F38A21400F6A10CF
:105BF000491C490811FB06214034C0F10400615CD6
:105C00000F2282401140C140ADF804100AE0C1F3F8
:105C10008A2010FB025004F58064205CADF804007B
:105C200000E00193BDF8040004B0BDE8F081014636
:105C300000200F290AD2DFE801F009090909080A42
:105C4000080C0E10120C0E101200102070471820B5
:105C500070470120704702207047042070470820D9
:105C6000704701460020891E0D2909D2DFE801F0A6
:105C700007080807080707070707070707000120A5
:105C8000704701460020032901D0062900D10120D8
:105C9000704770B500254D6291F838000C4620F031
:105CA0007C0040F0030081F83800084605F0FFF85A
:105CB000A085204604F007F8E08525864FF4807023
:105CC000E08694F83800022140F0800084F8380023
:105CD000258565856586A58684F83950204603F0BC
:105CE000F9FA2046BDE870404FF4803102F02EBF33
:105CF00010B50146034803F045FA044603F0B0FA34
:105D0000204610BD7080020870B54C6A0D46002C0C
:105D100012D0287C012802D12046FFF7C8FAE0689B
:105D200008B102F091FA206908B102F08DFA20461C
:105D300002F08AFA0020686270BD00007FB5144648
:105D40000D46084600F08FFD20B1012817D002282B
:105D500039D035E0296801F01F00001F0B282FD231
:105D6000880A216860F3942121602868400D60F35F
:105D70005F512160287860F3040121602FE02846FC
:105D8000FFF7C8FA17A1EAF7E7FBC8B902222946CC
:105D90006846FFF7DBFA68B903AB04222146684680
:105DA000FFF70AFB05466846FFF781FA45B90398F5
:105DB000042805D1207800F01F00001F0B280ED307
:105DC000002004B070BD2068012161F39420C0F36D
:105DD000140000F5001020F01F000B30206001209F
:105DE000EFE7000062696E002DE9FF4F80465CA07E
:105DF00087B0006804905BA05BA3006893460F46E1
:105E000005900FCB8DE80F00B8F80810002089B27C
:105E1000CAB2090A09E000BF149C00EB4003401C11
:105E2000E254149C00B2234459700A9B9842F3DB5D
:105E300098F814004FF0000900F01F00FFF7F7FE7C
:105E40008246012101FA0AF1491E88B20690002516
:105E5000D8F814002C4600F01F012E460B2906D05E
:105E60000C2912D00D2920D00E2931D12CE0C0F3FD
:105E70008A20C01DC50804EBE70115FB0B1407F0D1
:105E80000700C0F1070604A80DE0C0F38A20C01C7B
:105E9000850804EBA70115FB0B1407F0030006218E
:105EA000A1EB400605A8814612E0C0F38A20401C01
:105EB000450804EB670115FB0B1407F001000421F2
:105EC000A1EB80066846EEE7C0F38A2515FB0B744C
:105ED0002846D8F8247002F059F95FEA000B13D075
:105EE00098F81000A0B10022211D3846FFF708FBEA
:105EF00000232A4659463846FFF75EFA5946CAF14A
:105F00000802002053B222E000200BB0BDE8F08F61
:105F1000D8F8040080680119F1E70A78069CF2407D
:105F2000224098F8144004F01F040E2C01D019F8F8
:105F30000220149C00EB40052C44A270A6EB0A0240
:105F400056B2002E01DA1E46491C401C00B20A9AC5
:105F50009042E2DB584602F065F90120D5E70000E7
:105F600000FF00000055AAFF001122334455667758
:105F70008899AABBCCDDEEFF2DE9FF4F8046007D5E
:105F800081B091460E4600F01F00FFF750FE82469A
:105F9000012101FA0AF1491E0025D8F814001FFA60
:105FA00081FB00F01F012F462C46072906D0082947
:105FB00012D009291FD00A2932D12BE0C0F38A2040
:105FC000C01DC50804EBE60115FB091406F0070027
:105FD000C0F10707083423E0C0F38A20C01C8508FD
:105FE00004EBA60115FB0914062106F00300A1EB42
:105FF0004007103414E0C0F38A20401C450804EB2D
:10600000660115FB0914042106F00100A1EB8007CD
:10601000403405E0C0F38A2515FB096404F580646B
:106020002846D8F8249002F0B1F8061E40D098F81F
:10603000100068B10022211D4846FFF761FA0023D5
:106040002A4631464846FFF7B7F93146002028E096
:10605000D8F8040080680119F8E70A78D9F80C30FC
:10606000FA4002EA0B0203EB42030E9D1B8800EB91
:106070004004ADF800302B55BDF800301D0A0E9BD2
:1060800023445D70D9F81040A25C9A70A7EB0A0215
:1060900057B2002F03DACAF1080257B2491C401C5C
:1060A00000B2049A9042D8DB304602F0BBF80120DF
:1060B00005B0BDE8F08F00002DE9FE430646087CE0
:1060C0000C46012801D028B328E06068FFF722F9C8
:1060D00056A1EAF741FA28B9022268466168FFF73B
:1060E00035F910B10020BDE8FE83606A38B914208C
:1060F00002F020F8606260B1142102F0EFF9606AEA
:1061000069460C2211F8013B00F8013B521EF9D1FF
:1061100004E0FEE7606880680028E4D0207D00F09D
:106120001F00042814D0052812D0062810D00728F4
:1061300014D0082812D0092810D00A280ED00B2815
:106140006DD00C286BD00D2869D00E2867D068E080
:10615000207C80BB60688068A06160E0FFF767FD1D
:1061600001278740606A38B9142001F0E3FF6062BC
:10617000B8B1142102F0B2F97800656A01F0DAFFD3
:10618000E86078B1384601F0D5FF286158B1E86879
:1061900078B3207C012807D060680024D0F80880FC
:1061A0003BE0FEE7FEE7FEE7002204212846FFF77A
:1061B000A7F900241AE032E00023042269462846A9
:1061C000FFF7FAF89DF800209DF801109DF80200F5
:1061D000FBF7F0FC0190E868BDF8041000EB440008
:1061E000018029699DF803000855641CBC42E3D373
:1061F00015E016E008EB840618F824207178B078D2
:10620000FBF7D8FC0090E868BDF8001000EB4400F4
:1062100001802969F0780855641CBC42EAD301204A
:1062200061E721463046FFF76FFD5BE762696E006C
:106230002DE9F84F0C461D461646207DDDE90A3251
:10624000002100F01F00042816D0052814D00628CD
:1062500012D00B2839D00C2837D00D2835D00E2875
:1062600033D0072838D0082836D0092834D00A2857
:1062700032D00020BDE8F88F277C012F33D198461B
:106280009146D4F824A0FFF7D2FC07466069C0F31A
:106290008A2015FB00607843C11000225046091D7A
:1062A000FFF72EF9002470B9FD0805FB08F56B46D1
:1062B0002A46494650460094FFF77EF818B90098E0
:1062C000854200D1012421460DE000922A46314644
:1062D0002046FFF789FD05E000922A463146204618
:1062E000FFF74AFE01460846C4E710B504460068B9
:1062F00000280BD0C2680AB121469047207C0128B3
:1063000004D1606801F0A0FF0020606010BD0000B3
:1063100010B50548ECF72CFC040004D0142102F061
:10632000DDF8204610BDFEE7784F00202DE9F04152
:106330000F4605460421384602F0D0F825B128461C
:1063400000F091FA18B105E00020BDE8F081A868DE
:106350000028FAD000260A48ECF7E5FB0BE023689A
:106360002BB13A46294698470646012805D02146D2
:106370000348ECF7EAFB0400F1D13046E5E7000002
:10638000784F00202DE9FF410E461D460446282186
:1063900002F0A4F8AEB1304600F065FA08B9B16871
:1063A00079B1BDF8081021812074E56001280CD076
:1063B000666000272148ECF7B6FB054604F1140897
:1063C00031E0002004B0BDE8F0813046EAF707F87C
:1063D000401C01F0AFFE606018B13146E9F7DBFF09
:1063E000E7E7FEE72B68CBB16868B8B142463146B3
:1063F000284698470746012810D125606A6821463B
:106400002846904707460128DCD00421404602F088
:1064100065F800202062A0616062E06129460748BB
:10642000ECF793FB0546002DDCD1207C012802D13E
:10643000606801F009FF3846C4E70000784F00208B
:106440002DE9FC4105680E46089FAC6800213CB16F
:10645000CDE900371346014632462846A04701469B
:106460000846BDE8FC8110B591F838000C4600F0F4
:106470000300012801D0022809D154F8240F01F0AB
:10648000E3FE00202060207D40F00300207510BD59
:106490002DE9FF470E460846FEF7DDFD05461528A7
:1064A00007D0182D05D03146814803F026FB01287E
:1064B00078D13046FEF70DFE04462A2D13D04FF456
:1064C0008078132D21D0112D6ED02C2D7ED0152D3E
:1064D00003D0182D01D0122D64D104B03046BDE890
:1064E000F047F0F7EBBB94F8380000F00300022807
:1064F000204604D004B0BDE8F04705F021BC616A35
:1065000004B0BDE8F04700F003B93046FEF7DFFD08
:1065100005460021204604F092FCE18E414341F300
:106520000F260021204604F067FC218E084407B2A4
:106530000FB9464536D0204604F0B9FC80462046C7
:1065400003F0C1FB8146B0B23234CDE900043B46D2
:106550004A46414602A8EBF7E3FCB5F90000BDF955
:106560000810411A884200DD014609B22980BDF9B0
:106570000A20821A914200DC114609B22980BDF935
:106580000C201318A3EB0802914200DC114609B25B
:106590002980BDF90E200244A2EB0900814200DCF3
:1065A00001462980BDE8FF873046FEF790FD05468D
:1065B0000021204604F043FCE18E414341F30F26C5
:1065C0000021204604F018FC218E00E05CE0084425
:1065D00007B2204604F06BFCB4F92C10884248D175
:1065E000204603F070FB0146B4F92E00814240D1F1
:1065F000464510D17FB9B4F92C10B4F9322001EB23
:10660000D171B2EB610F06D1B4F9341000EBD07048
:10661000B1EB600F2DD0204604F049FC80462046A7
:1066200003F051FB024604F13201B0B2CDE90001A2
:106630003B46414602A8EBF773FCBDF80800A18A6F
:1066400000220844ADF80800BDF80A00E18A0844B9
:10665000ADF80A00BDF80C00A18A0844ADF80C00A2
:10666000BDF80E00E18A0844ADF80E0002A82968C2
:1066700006E06946204603F06DFA00226846296864
:10668000EBF7ECFA28718DE73046FEF720FD054662
:1066900094F8390000F00300012804D0A08D288070
:1066A000E08D68807EE7204600F004F8286079E7F6
:1066B000708002087FB50446002104F0C0FBE18E23
:1066C00041430E120021204604F096FB218E04F176
:1066D00032020844B1B2CDE9001203B2B4F92E205F
:1066E000B4F92C1002A8EBF71BFCBDF80C00BDF8A8
:1066F0000810BDF80A20411A2846491C61F30F0012
:10670000BDF80E1004B0891A491C61F31F4070BD1A
:106710002DE9F04385B08846044604F0DFFE40468C
:1067200000F0A1F805464FF00009032809D003A99D
:106730004046FFF7FBFDC5B1012D24D0022D22D02C
:106740006BE094F8380000F00300022801D0012823
:1067500002D1606A01F078FD44F8249F207D40F06A
:106760000300207505B0BDE8F08394F8380000F010
:106770000300012801D0022802D1606A01F064FD03
:10678000C4F8248049E0606A404519D094F8381074
:10679000002601F00301012901D0022900D106469B
:1067A0004046E9F71CFE401C01F0C4FC07000AD07B
:1067B0004146E9F7F0FD676216B1304601F044FD4D
:1067C000022D01D029E0FEE72046002141F2594286
:1067D00004F022FA06462046002141F25A4204F013
:1067E0001BFA07B22046002141F25B4204F014FA82
:1067F00000B241F6FF728DE805023B463246414643
:1068000004A809F037F8BDF81010039861F394203C
:10681000BDF8121061F35F50039094F8380065F3EF
:10682000010084F838000398C0F38A21A185430D44
:10683000E38594F8382060F3860284F838204A080B
:10684000810D62862046A18605F0A6FA208E18B931
:10685000E08EB0F5807F02D0204605F071FA204628
:1068600004F03CFE7EE7032130B10078A0F1200166
:106870005F2903D80120704708467047802801D35C
:10688000022070470020704710B50446202101F017
:1068900025FE002020700A20207660764FF4C87014
:1068A000A0836420E0833220E0760320A07610BD30
:1068B00070B50546006920B9FBF7FEFD2861002888
:1068C00014D00B48ECF754F9040010D0582101F013
:1068D00005FE25606079224640F0020060711E21AD
:1068E000044808F0F5FC21684861204670BDFEE7C9
:1068F000484F0020A56901080148806870470000E2
:106900002400002018B101460248ECF71EB90148E6
:10691000ECF709B9484F0020014840687047000073
:106920002400002038B102681278012A05D0032A19
:1069300003D04FF0FF30088002E002890A804089CE
:1069400048807047002806D001680978012903D0E3
:10695000032901D00020704790F8400000F00F009C
:106960007047002806D001680978012903D003295F
:1069700001D000207047C06A7047002801D000682D
:106980000078704700220A804A80002809D00268F7
:106990001278012A01D0032A03D1828A0A80C08A90
:1069A000488070477FB5284CC068A06001680969BD
:1069B000002947D0F7F7D0FFA0684079400741D4BD
:1069C00000256946A068EBF775FE9DF80F60A0688A
:1069D000F7F7C2FF6560A1689DF80E0008710128F5
:1069E00006D008680078042809D1BDF80C00D0B1A1
:1069F00008F00AFCA16809680969C1F85401A06897
:106A000001680978012906D0022908D004290AD092
:106A100003290DD00FE06946F7F70EFE0BE069463B
:106A2000F7F73AFD07E06946A068F7F731FB02E0A7
:106A30006946F7F7A7FAA068F7F78EFF002EC0D1D6
:106A4000A56065607FBD00002400002070B5204E69
:106A50000C460025B0B3417941F002014171B168A3
:106A6000814200D1756001680978012901D00229AD
:106A70000ED114B1016BA14201D1056314B1416A79
:106A8000A14201D1456214B1816AA14200D185625F
:106A900070BD417941F00201417101680978012915
:106AA00001D002290ED114B1016BA14201D10563BD
:106AB00014B1416AA14201D1456214B1816AA14277
:106AC00000D18562FFF71EFF0028E2D1756070BD1E
:106AD0002400002010B50446407920F001006071C8
:106AE00008F092FBA06408F08FFB606410BD0028E2
:106AF00004D0032906D00C2901D000207047B0F93A
:106B0000221001E0B0F920100068427E0020C2F19E
:106B10006402642306E0084400B212FB01F191FB19
:106B2000F3F109B20029F6D170472DE9F0410F4683
:106B30000546012104F004FA30BB3946284604F02A
:106B400010FA06460022394605F11400EBF786F8E4
:106B500028B94FF40021284604F0F2F980B1284604
:106B600002F0F3FF401E04000AD4A868394600680A
:106B700050F82400FFF7D9FF002803D1641EF4D594
:106B800016B12846BDE8F0810020FBE7002803D0BD
:106B9000417941F0080141717047000010B5144C73
:106BA0002078002821D101F05DFBECF733FAEBF7F8
:106BB000ABF9EAF753FFEBF7ADF9FBF739FFECF769
:106BC000FFF84FF4AC710B48EBF7CAFF58210A48A5
:106BD000EBF7C6FFECF716FAEBF750FD442011284F
:106BE00004D0FEF7A6FA0120207010BDFEE70000D9
:106BF000300000203C4F0020484F002010B50C46CC
:106C00000421204602F066FB0020A06384F83C00CB
:106C100084F83D00034602460521204602F026F88E
:106C200000231C220649204601F052FF0022114693
:106C3000204605F089FD2046BDE8104000F048B927
:106C4000456C01082DE9F041FEF743FA0446F9F7D7
:106C5000F7FFA0F57F41FF397ED02046F9F7F0FF1E
:106C600001462046F9F7C2FF050075D06EA1E9F78D
:106C700073FC6E4E002806F1240748D06CA128460C
:106C8000E9F76AFC00284BD06AA12846E9F764FCC2
:106C900000284ED068A12846E9F75EFC002855D0B0
:106CA00066A12846E9F758FC00284FD064A1284681
:106CB000E9F752FC00285AD0A06B00284CD061A103
:106CC0002846E9F749FC002861D060A12846E9F789
:106CD00043FC00285BD05EA12846E9F73DFC002874
:106CE00060D05CA12846E9F737FCB0B35AA128462A
:106CF000E9F732FC90B359A12846E9F72DFC0028AA
:106D0000A06B5ED02946BDE8F04107F05DBE0021D2
:106D100084F83C1020463168F9F7E0FF396810E04C
:106D2000012184F83C1020467168F9F7D7FF796893
:106D300007E0022184F83C102046B168F9F7CEFF45
:106D4000B9682046BDE8F041F9F7BBBF0022202119
:106D50002046FEF7C3F902E063E028E02CE00128BA
:106D60005FD1A06B00285CD0002220210BE0002224
:106D70001F212046FEF7B2F9012852D1A06B00284E
:106D80004FD000221F21BDE8F041FEF7A7B90A212C
:106D9000A06B07F099FDA06B08F058F8002840D0D0
:106DA000A06BEEE7A06BBDE8F04107F030BFA06B31
:106DB000BDE8F04107F032BFA06BBDE8F04107F03D
:106DC00057BF08F041F885B2A06B08F044F800788E
:106DD0002D280FD02B28A06B16D0002108F04AF8E0
:106DE0002D21A06B07F070FDA06B691CBDE8F04180
:106DF00008F040B80121A06B08F03CF8A06B07F048
:106E000037FF2B21A06B07E0012108F033F8A06BBE
:106E100007F02EFF2D21A06B07F056FD2946A06B31
:106E2000E4E7BDE8F0810000616263000401002036
:106E30004142430031230000EF808D00EF849C002D
:106E4000EF808C00456E746572000000EFA2A20016
:106E5000EF819300EF819400EF959A002B2F2D0086
:106E60002DE9F0410446074690F83D00174EC00753
:106E700008D094F83C0056F820103846BDE8F041A0
:106E8000F9F71FBF208E400001F054F90546208E0F
:106E9000420097F83C0056F82010284601F040FACE
:106EA000002007E035F8101021F4007125F81010CB
:106EB000401C80B2218E8142F4D829462046F9F741
:106EC00000FF2846BDE8F04101F0BEB928010020CE
:106ED00010B5044690F83C00054951F820102046B2
:106EE000F9F7FCFE2046BDE81040FFF7B9BF0000EF
:106EF0000401002010B50C460020486214F8481F19
:106F000021F0180104F81C19411E2160227F22F093
:106F10000702227720836083E060C4E90110090C36
:106F20002161616144F8040C14F81C0F022120F067
:106F3000400004F84809204602F0CCF90021204620
:106F400000F038FE2046BDE8104001A100F06EBE02
:106F5000546578740000000010B50146034802F043
:106F600011F9044602F07CF9204610BD8C8002081D
:106F700010B508460C4600F00AF894F848000007DF
:106F800002D4606A01F060F90020606210BD10B5A3
:106F9000044690F84800400603D5A06A08B101F005
:106FA00053F994F8480020F0400084F8480000208D
:106FB000A06210BD2DE9FF470E463F4802F09DFD3F
:106FC000012876D13046FEF746F804463046FEF7F3
:106FD00080F805462A2C1CD0132C0BD0292C18D055
:106FE0002C2C1ED0152C64D104B03046BDE8F047DF
:106FF000F1F7EABB002103F0B0FEB0F9080004B0DD
:10700000C11700EB917081103046BDE8F047FEF7E4
:1070100085B800F09DFD04B02846BDE8F04700F0BB
:107020004BBB002103F099FE81460021284603F066
:10703000ABFE80460021284603F0C2FE074695F8C5
:1070400048000024C10600D50124800601D544F083
:107050000204284602F0E5FD0021284603F012FF55
:10706000A0F51C51D13905D1688C400502D441F6F8
:10707000FF7002E0284602F0D4FD0097CDE901043C
:1070800043464A4603A8696A08F0F4FB3046FEF717
:107090001EF8B0F90020BDF90C108A4200DD11463F
:1070A0000180B0F90220BDF90E108A4200DD1146C0
:1070B0004180BDE8FF8700008C8002082DE9F04F79
:1070C0008BB00D0080465BD0002141F6120203F028
:1070D000A3FD298841F61002081A60F30F04404608
:1070E000002103F099FD6988081A60F31F44A14646
:1070F00008A9404602F04DFDBDF82400BDF820105F
:107100000025401A401C00B2D8F8247005902C4687
:107110002946404603F021FE02900021404603F03C
:107120004FFE00900021404603F02EFE039002988F
:10713000AB465E46B0F90800079098F84800C106D3
:1071400000D50126800601D546F002060021404602
:1071500003F098FEA0F51C51D13905D1B8F82200F2
:10716000400501D446F0040640460021D8F824200A
:1071700001F0ECFF82460099079800EB010821E03E
:10718000FEE70020CDE90006DDE902127819059B33
:10719000EBF786FF044407984FEA2942584482429D
:1071A0000BDC444A009469461268384690470A2826
:1071B0000BD0385D48B9641C07E008EB0B000FFAF0
:1071C00080FB2546785D0028DBD107EB050B4FF0EF
:1071D0000008BAF1020F03D0BAF1030F16D025E070
:1071E000DDE90223611B5846009608F0A1FBBDF8BB
:1071F0002410BDF8202000EBD070891A491C09B278
:1072000001EBD1714910A1EB60000DE0DDE9022333
:10721000611B5846009608F08BFBBDF82410BDF8A2
:107220002020891A491C081A0FFA80F800208DF8CE
:1072300018008246049044BB2BE004AB6A4601A9C7
:107240005846EBF715FFF00706D004981BF800101E
:1072500006A8EBF7CFFFC0B9DDE90110009AFEF7F1
:1072600018F801B20FFA89F208EB010082421EDB26
:1072700004994A19A2421AD00AEB0502BA5CB2B1CB
:10728000039A8A4610440FFA80F804982844A042D2
:10729000D3D3094C58460499226890470646226881
:1072A0002946384690470BB03044BDE8F08FCDF802
:1072B00010A0EEE7D8010020DC0100202DE9F74FF7
:1072C0008AB05FEA0209804664D0D8F8245040466C
:1072D0002A46002101F03AFF8346287800285AD038
:1072E00007A9404602F055FCBDF82000BDF81C106F
:1072F0000024401A401C00B2049026462146404615
:1073000003F02BFD03900021404603F059FD069049
:107310000021404603F038FD02900398A2465746EC
:10732000B0F90800059098F84800C10600D501277B
:10733000800601D547F002070021404603F0A2FD78
:10734000A0F51C51D13905D1B8F82200400501D46F
:1073500047F004074B4A28460B991268904780462D
:10736000A85DA8B3DDE90510084409900020CDE927
:107370000007DDE902212819049BEBF791FE064482
:10738000B04526D3A85D18B30998344650440FFA87
:1073900080FAEBE7FEE70020A9F802005946BBF1AE
:1073A000010F07D002290AD0BBF1030F04D14046D8
:1073B00002F037FCA9F800000DB0BDE8F08F4046A0
:1073C00002F02FFC00EBD0704110A9F80010F3E799
:1073D000FFE7B8F1000F12D005EB080010F8010C20
:1073E0000A2801D00D280AD115F8080038B9DDE9BE
:1073F0000501014401EB0A000FFA80FA44462819FE
:10740000CDE90070DDE90103A8EB0401039A08F05F
:107410008FFA05460B98A04202D00298284405B284
:10742000BBF1020F03D0BBF1030F16D025E000978C
:10743000DDE90103311B039A08F07AFABDF8201048
:10744000BDF81C2000EBD070891A491C09B201EB71
:10745000D1714910A1EB60000DE00097DDE9010357
:10746000311B039A08F064FABDF82010BDF81C2007
:10747000891A491C081A284405B2A9F80050A9F82D
:1074800002A099E7D0010020406A7047006C704765
:10749000C06B70472DE9F04117000D46044627D018
:1074A00094F84800000725D4204604F017F8606AD5
:1074B000E8F795FF06463846E8F791FF8119491C21
:1074C000606A00F005FF606298B1A5F57F41FF3961
:1074D00003D109490968884705463A462946606A42
:1074E000EBF75EFE2046BDE8F041002100F09EBBB8
:1074F000FEE7FEE7BDE8F081E00100202DE9F04F56
:1075000095B05FEA010A80465FD010A9404602F0BC
:1075100040FBBDF84400BDF840100024401A401C58
:1075200000B2D8F824700A9025462146404603F060
:1075300014FC03900021404603F042FC009000211F
:10754000404603F021FC029003980021B0F90800A6
:107550000B904046D8F8242001F0F8FD834698F8B7
:107560004800A1464E46C10600D50126800601D539
:1075700046F002060021404603F084FCA0F51C52B0
:10758000D13A05D1B8F82210490501D446F00406D5
:107590000B99009801EB0008385DB8B10020CDE9E7
:1075A0000006DDE9022138190A9BEBF779FD0B99FA
:1075B0000544BAF9022009EB0100824206DD08EB1E
:1075C00009000FFA80F92C46E6E7FEE74FF00008C5
:1075D000C146BBF1020F03D0BBF1030F16D025E06B
:1075E000DDE90232291B3819009608F0A1F9BDF82F
:1075F0004410BDF8402000EBD070891A491C09B234
:1076000001EBD1714910A1EB60000DE0DDE9023220
:10761000291B3819009608F08BF9BDF84410BDF805
:107620004020891A491C081A0FFA80F800208DF8AA
:107630004800089004940C90FDB16D1E0498A84277
:107640001BD804AB0CAA08A93846EBF711FDF007CC
:1076500006D00498395C12A8EBF7CCFD0028EDD1D8
:10766000C1460C9A08990398FDF713FE4044BAF9F5
:10767000001000B2814216DA04940C9A089903981B
:10768000FDF707FE0299029B0144BAF90000A9EB3D
:107690000302491C90420CDB4944884209DC01206A
:1076A00015B0BDE8F08F0299049C08440FFA80F8E9
:1076B000C4E70020F4E700002DE9F04F0446406ADB
:1076C00099B000287ED04FF0FF3913A92046C4F8A6
:1076D000309002F05EFABDF85000BDF84C10401A30
:1076E000401C0FFA80F80021204603F036FB0546C7
:1076F0000021204603F064FB07460021204603F0EA
:1077000043FB824694F848000026C10600D50126B6
:10771000800601D546F002060021204603F0B2FBA8
:10772000A0F51C51D13904D1608C400501D446F03C
:1077300004060097CDE9018653462A4615A8616ADA
:1077400008F098F8204604F027FB94F848004FF61C
:10775000FF7B00F007004FF00008022804D0032848
:107760007ED001287DD0DFE10021204602F0B0FF6D
:107770000604360C08D1204602F074FAFAF7A2FE8D
:10778000032190FBF1F086B26846F7F7D9FF4FF47A
:1077900096700094ADF83CB00C900E90BDF850106F
:1077A000BDF84C00BDF95420081A401C002701B256
:1077B000914233DA0020891A0790CDE90801DD48AB
:1077C000014600E0B3E101902046F7F7A1FF002158
:1077D0000A4620B1C16A90F83E00C0F340020A9800
:1077E00088420FDD9DF83E000B9120F001008DF8DE
:1077F0003E003AB140F002008DF83E00099907982A
:10780000079109903046099A0799F8F700F80A900D
:107810000D906846F8F708F8012705E0C5492046AD
:10782000F7F74AFFA4F84480BDF85200BDF84E10A7
:10783000BDF95620401A401C00B290427EDA002F5B
:107840007CD1821AB5F908000021101ACDE9081080
:10785000B9480791014601902046F7F759FF01E02A
:1078600023E0AEE000210A4620B1C16A90F83E0054
:10787000C0F340020A9888420FDD9DF83E000B914C
:1078800020F001008DF83E003AB140F002008DF882
:107890003E0009990798079109903046099A07997F
:1078A000F7F7B5FF0A900D9087E00021204602F01F
:1078B0000FFF0604360C08D1204602F0D3F9FAF780
:1078C00001FE032190FBF1F086B26846F7F738FF1E
:1078D0000094ADF83CB0BDF85000BDF84C10002746
:1078E000401A401CBDF9541000B288422CDA202204
:1078F00011462846FDF7CDFCBDF9541000EB4000C1
:1079000008444042CDE908708A4807970190304604
:10791000099A0799F7F77BFF0A9086492046F7F7FF
:10792000F7FE00B1C06A0A99814206DD0B909DF80E
:107930003E0020F001008DF83E0000E016E06846B1
:10794000F7F772FF012705E07A492046F7F7B4FE02
:10795000A4F84480BDF85200BDF84E10401A401CF7
:10796000BDF9561000B2884200DA37B1724920469C
:10797000F7F7A2FEA4F84680D6E0B5F9082000206B
:10798000114449420790CDE908016B480A4601902D
:1079900030460799F7F73BFF0A9067492046F7F70B
:1079A000B7FE00B1C06A0A99814206DD0B909DF8CE
:1079B0003E0020F001008DF83E006846F7F734FFE6
:1079C000B2E0BDF85200BDF84E10401A401C01B2A2
:1079D000BDF95600814209DAB5F90810884205DD83
:1079E0005649606A09688847032802D8C4F82C9071
:1079F0009AE0BDF85000BDF84C102E22461A1146F0
:107A00002846761CFDF745FC5044A0EB800030442E
:107A1000ADF80000BDF85200BDF84E10401A401CF1
:107A200000B2ADF80200B5F90820D11990FBF1F3CE
:107A300001FB13018A42A0EB010004DCADF8020057
:107A40002989084400E0C01BADF8020069462046C1
:107A5000FFF734FB8146606AE8F7C1FC384A074605
:107A600049461268606A9047364D069005E02A68DC
:107A700006A9606A9047A9F101090698C01CB8429E
:107A8000F5D80025DFF8C0B0069EAA46606A0699C0
:107A90000844DBF8001088472C4A2844C5B2126815
:107AA00006A9606A9047032D07D80698B84204D803
:107AB0000AF1010ABAF1030FE8D9616A204601EB25
:107AC000060A0746FFF763FA042D12D9681C00F076
:107AD00031FBB86240B32A46514600F021FCB96A36
:107AE00001F8058097F8480040F0400087F848000A
:107AF0000BE097F848002A4620F0400087F848003D
:107B0000514607F1280000F00BFC00202E2133180D
:107B1000626A401C0328D154F9D3616AF61C09F14A
:107B2000030001F80680E062204603F0D7FC19B09C
:107B3000BDE8F08F7D12020885120208E0010020E6
:107B4000D0010020D8010020C8010020CC01002075
:107B50002DE9F0410446054690F8480000F0070082
:107B6000012823D1E96A481C20D0114A686AC91E3D
:107B700012689047024694F848100020490601D543
:107B8000A16A06E004F1280103E00F5C401CF754F1
:107B9000C0B26E6A1318F75C002FF6D1095C10446E
:107BA00031542046FFF7F3F9781EE862BDE8F08112
:107BB000D001002070B50D4604461A49F7F77CFD48
:107BC00019492046F7F778FD0020A4F84400A4F8EE
:107BD0004600022D0FD0032D0DD0042D0BD094F8AC
:107BE000480020F0200100BF01F0070084F8481091
:107BF000012805D00AE094F8480040F02001F3E79E
:107C0000E06A401C02D02046FFF7A2FF94F848002B
:107C100065F3020084F848002046BDE87040FFF795
:107C20004BBD00007D1202088512020870B50D469A
:107C3000044603F053FC05B9656A606AA8420CD19A
:107C400094F84810090708D4E8F7C9FB411C606A9A
:107C500000F03EFB6062D0B9FEE738B194F84810FE
:107C6000090703D400F0F0FA002161622846E8F722
:107C7000B6FB401C00F05EFA606268B12946E8F786
:107C80008AFB94F8480020F0080184F84810204648
:107C9000BDE87040FFF710BDFEE70FB470B50446B5
:107CA0000598F8B1204603F019FC0598D8B1606A30
:107CB000002530B194F84810090702D400F0C4FA46
:107CC000656206A90598EBF7B0FA606294F848007F
:107CD00020F00801204684F84810FFF7EDFC70BC46
:107CE0005DF814FBFEE72046F7E7016403F0F6BBFE
:107CF000C16303F0F3BB70B5044690F848000D462D
:107D0000000705D4606A18B100F09EFA0021616294
:107D100035B194F8480040F0080184F848106562D5
:107D20002046BDE87040FFF7C7BC00002DE9F041D8
:107D30000A4C07460A4D60680E46401CC100606050
:107D4000286800F0C5FA286038B1616800EBC1000E
:107D500040E902760846BDE8F081FEE738000020E1
:107D60009401002038B508460C4607F02FFA009021
:107D7000BDF80000A084FF2084F8260038BD000074
:107D800070B5A4B00D460846FDF765F906461528FE
:107D900007D0162E05D02946794801F0AEFE0128FD
:107DA0007ED12846FDF795F90446152E78D102A814
:107DB000FBF750FE02AA0021204603F034FABDF87A
:107DC0000E00ADF800000098F9F7E1FD0646F9F75E
:107DD000C1FD0146324654F8240FF9F799FF00908F
:107DE000BDF80000ADF80E00BDF81200ADF80000BF
:107DF0000098F9F7CCFD0646F9F7ACFD014632468E
:107E00002068F9F785FF0090BDF80000ADF812007A
:107E10000D98F9F7BCFD0646F9F79CFD0146324680
:107E20002068F9F775FF0090BDF80000ADF8340048
:107E3000BDF82600ADF800000098F9F7A8FD064649
:107E4000F9F788FD014632462068F9F761FF009096
:107E5000BDF80000ADF826000B98F9F798FD06462E
:107E6000F9F778FD014632462068F9F751FF009096
:107E7000BDF80000ADF82C00F9F76CFDA278BDF854
:107E80000E10ADF8001001460098F9F741FF009080
:107E9000BDF80000ADF80E00F9F75CFDA27800E037
:107EA0006CE0BDF81210ADF8001001460098F9F72B
:107EB0002FFF0090BDF80000ADF81200F9F74AFD61
:107EC0000146A278BDF82600ADF800000098F9F749
:107ED0001FFF0090BDF80000ADF82600F9F73AFD4D
:107EE0000146A2780D98F9F713FF0090BDF8000045
:107EF000ADF83400F9F72EFD0146A2780B98F9F79A
:107F000007FF0090BDF80000ADF82C0014F8020F38
:107F1000BDF83610503810FB01F1AF2091FBF0F1A5
:107F2000ADF8361014F82619BDF83C20503911FB75
:107F300002F191FBF0F0ADF83C002846FDF791F816
:107F40000546014610A801F02DFC0D48119004F1E2
:107F500014060020CDE9120602A914911D9010AA62
:107F60001A212046FDF7BAF8324602A92846FBF747
:107F70005DFD10AA1B212046FDF7B0F824B070BDAE
:107F8000B0450208084600210185416280F82A10A8
:107F9000022101F09FB900002DE9F04F87B00D4696
:107FA0005A4801F0AAFD012849D12846FDF753F8A7
:107FB00006462846FDF78DF80446132E33D04FF0C1
:107FC00002082C2E3ED0152E39D107462846FDF743
:107FD00048F88346388D3C46002830D0786A00281F
:107FE0002DD005A9384601F036FE204602F005F8EE
:107FF000BDF81410081A06B2204602F005F8BDF8C4
:108000001610081A05B2204601F05DFE8246684649
:10801000FAF7E4FF6A460021204603F0B0F8002496
:108020004FF0060963E0002102F01AFC04462846DE
:10803000FDF74DF8B0F90010A14200DA048007B056
:10804000BDE8F08F2846FDF742F80025228D07464F
:108050002E46002AF3D00020C4460DE0636A33F9AF
:108060002010A94200DD0D460CEB8001595EB142A3
:1080700000DD0E46401C80B28242EFD8002120462F
:1080800002F0EEFB2918304439807880D7E7786A0F
:1080900030F824103144ADF80C10042101EB8401B8
:1080A000415A3144ADF8101097F82A10C90708EB6F
:1080B000840121D0415AAAEB01002844ADF80E00FA
:1080C000796A09EB8400095AAAEB01002844ADF84B
:1080D000120004AB03AA69465846FAF772FF9DF8EE
:1080E0000900641C20F004008DF80900A4B2388D4A
:1080F000401EA042CBDCA2E7405A2844ADF80E0057
:10810000796A09EB8400085AE0E70000A8800208B9
:1081100010B59042029C01DB204610BD884201DC74
:10812000184610BD521AE41A401A604390FBF2F050
:10813000184410BD10B588B038B1014607484068F2
:1081400007F02CFA040003D005E0044808B010BD85
:10815000684600F095F82046F8E70000A8010020E6
:1081600070B50024084E254656F8340038B100F0AA
:108170006BF806EBC40046F8345085718580641CAA
:10818000E4B2102CF0D370BDBC4F00202DE9F041BB
:1081900005000BD00022224C4FF0FF30012600BF1B
:1081A00004EBC2018B79DB0703D014E00020BDE8AB
:1081B000F0818988A9420ED305D104EBC2008671F3
:1081C00054F83200F3E7002804DB04EBC0039B887B
:1081D000994200D250B2521CD2B2102AE0D30028E9
:1081E00005DB04EBC0018E7154F83000DFE7002797
:1081F00004EBC7008079C00704D07F1CFFB2102FAA
:10820000F6D3FEE754F83700294600F061F830B1A4
:1082100004EBC7018E718D8044F83700C7E7FEE795
:10822000BC4F0020074A002152F83130834204D16C
:1082300002EBC101002088717047491CC9B21029A6
:10824000F2D37047BC4F00200549884206D0002871
:1082500004D001460248406807F072B97047000038
:10826000A801002010B54FF44041034807F05AF927
:108270000249486010BD00002C510020A8010020D8
:1082800010B504461C22002100F0F6F80E484068A4
:1082900007F081F922460D4907F000FA4FF44041FA
:1082A0002160A06864224243B2FBF1F1C1F1640194
:1082B000217638B1E16864225143B1FBF0F0C0B2DD
:1082C000C0F16400607610BDA801002001830108A0
:1082D00010B539B1094A904208D1BDE810400846AE
:1082E000FFF728BFFFF7B0FF044810BD0A4601465C
:1082F00002484068BDE8104007F063B9A8010020BB
:108300001AB11869401C186170475868401C5860C1
:10831000986808449860D8688842F5D2D960704758
:1083200030B500F0030401F003050346A54243D134
:108330004EE00C781C704C785C708C789C70CC781B
:10834000DC700C791C714C795C718C799C71CC79E6
:10835000DC710C7A1C724C7A5C728C7A9C72CC7ACE
:10836000DC720C7B1C734C7B5C738C7B9C73CC7BB6
:10837000DC730C7C1C744C7C5C748C7C9C74CC7C9E
:10838000DC740C7D1C754C7D5C758C7D9C75CC7D86
:10839000DC750C7E1C764C7E5C768C7E9C76CC7E6E
:1083A000DC760C7F1C774C7F5C778C7F9C77CC7F56
:1083B000DC772031203A2033202ABAD805E000BFEC
:1083C00011F8014B03F8014B521E002AF8D130BDC1
:1083D0004CB3C4F1040405E011F8015B521E03F82C
:1083E000015B641EFCB1002AF6D11CE010C9203AE2
:1083F00010C310C910C351F8084B43F8084B51F88B
:10840000044C43F8044C51F8104B43F8104B51F80E
:108410000C4C43F80C4C51F8084C43F8084C51F8FC
:10842000044C43F8044C202AE0D802E010C9121F83
:1084300010C3042AFAD804E011F8014B03F8014BE9
:10844000521E002AF8D130BD10B5034605E000BF2A
:1084500011F8014B03F8014B521E002AF8D110BD50
:1084600010B5034605E000BF11F8014B03F8014BBE
:10847000521E002AF8D110BD10F0030309D0C3F139
:10848000040303E0521E00F8011B5B1E0BB1002A1F
:10849000F8D101EB012303EB014303EB01630EE091
:1084A00008C0203A08C040F8083B40F8043C40F8B7
:1084B000103B40F80C3C40F8083C40F8043C202AB3
:1084C000EED801E008C0121F042AFBD803E000BF69
:1084D00000F8011B521E002AFAD1704710F0030366
:1084E0004FF0000219D0C3F1040303E0491E00F865
:1084F000012B5B1E8BB10029F8D1704704C02039D5
:1085000004C040F8082B40F8042C40F8102B40F829
:108510000C2C40F8082C40F8042C2029EED801E05F
:1085200004C0091F0429FBD803E000BF00F8012B99
:10853000491E0029FAD1704710F003024FF0FF03E3
:108540000AD0C2F1040203E0491E00F8013B521EAA
:1085500012B10029F8D170474FF0FF320EE004C08D
:10856000203904C040F8082B40F8042C40F8102BA8
:1085700040F80C2C40F8082C40F8042C2029EED8A8
:1085800001E004C0091F0429FBD802E000F8013B08
:10859000491E0029FAD17047826C8A4206D0426B8C
:1085A0008A4205D190F86100012801D80120704766
:1085B000002070472DE9F0410446FCF74CFD0728E8
:1085C0003FD12046FCF785FD05462046FCF783FD9C
:1085D0000446406BA84202D0A06CA84231D194F866
:1085E000600084F8610029462046FFF7D5FF002887
:1085F00027D104F154063046EAF795FA07460146BA
:108600003046EAF7A2FA05001BD039463046EAF7B1
:10861000F4FA3846FFF718FE14F8600F2946401E9A
:1086200020703046EAF7E9FA2078401E04F8600925
:108630002046296800F030F92846BDE8F041FFF7F0
:1086400003BEBDE8F08110B504465430EAF755FA90
:10865000002084F8600010BD2DE9F04149480C4627
:108660000168204603F095FE0021204603F05EFEDF
:1086700094F86200002520F00E0084F86050C0B22B
:1086800084F8615020F0010084F86200042104F1B4
:108690005400EAF765FA204600F0AEFE0121606260
:1086A00000F054FAE5636564A564E5642146364844
:1086B000256400F067FD064600F0D2FD42F2640733
:1086C0003946304603F04EFE0121304603F03EFEAF
:1086D0000121304603F02AFE4FF4804841463046DF
:1086E00000F034FA0221304600F0F4FD264831460D
:1086F0001C30A66200F046FD064600F0B1FD42F2D5
:10870000D1723946304603F014FF0021304603F0A1
:108710000DFE02231A460021304603F0EBFD022134
:10872000304600F0D7FD4146304600F00FFA3046A3
:108730002663F7F77BFF064623460722134900F01E
:10874000C7F94146304600F001FA0021304603F0F7
:10875000EDFD30466663FDF7CBFA0DA1FDF7D8FFBE
:10876000206BFEF7F9FB0646012100F0EFF9E56208
:108770002346A6632565BDE8F0411C22054918463D
:1087800000F0A6B96C000020C8460208B5850108B3
:10879000EF8193006989010810B50C46002120463D
:1087A00003F0C4FD02231A460021204603F0A2FD77
:1087B0002046BDE81040022100F08CBD01F15400BC
:1087C000EAF79BB910B50C46084601F0BDFA416ABC
:1087D000204603F0FDFD0121204603F0A7FD022302
:1087E0001A460021204603F085FD2046BDE81040D2
:1087F0004FF4804100F0AAB910B5486A0C46002831
:1088000003D0FFF721FD0020606210BD10B50446C3
:10881000006B002833D0E16A002930D094F8621050
:10882000C1F3410111B3012902D0022908D11CE092
:10883000002102F0C3FF0021D4F82C0003F086FDD4
:10884000206B03F026F9E06A03F023F9206B04F0B3
:1088500023F8206B01F0CBF90028206B4FF00101C9
:1088600009D0BDE8104000F035BD012102F0A6FF9F
:108870000121E06AE2E7BDE8104000F067B910BDF1
:1088800010B50C460121204603F050FD2046BDE8FE
:108890001040022100F01EBD70B50446C06A0D46AE
:1088A00010B1616A03F094FD75B104F15400EAF768
:1088B0005FF9056094F86000401C84F86000284669
:1088C000A16A03F085FD02E02046FFF7BCFEE562E9
:1088D000206D48B1216C00294FF0010102D000F059
:1088E00068F901E000F030FD206CD0B194F862002E
:1088F000C10711D00007A06C4FF0010106D500F0B0
:10890000E9FC0221A06C00F021F905E000F01EF95D
:108910000221A06C00F0DEFC94F86000022808D26E
:1089200010E094F86000022803D294F86200000777
:1089300008D50121606B00F0CDFC0221606B00F0D6
:1089400005F907E00121606B00F000F90221606B7E
:1089500000F0C0FC00221C212046FCF7BFFB204693
:10896000BDE87040FFF752BF10B5FCF7B4FB0446FA
:10897000C06A78B1A26B6AB1416A39B11046FFF79B
:1089800055F90121A06B00F0A5FC03E00121104680
:1089900000F0DCF8206C002813D0E26C002A10D024
:1089A000416A41B11046FFF741F9E06CBDE8104063
:1089B000012100F08FBCBDE810400121104600F0FD
:1089C000C5B810BD10B50C46242104F12400EAF707
:1089D000C7F804F13000BDE810401C21EAF7C0B828
:1089E00010B50C4601F13000EAF787F804F12400D5
:1089F000BDE81040EAF781B82DE9F04397B00D4685
:108A0000324801F07AF801285DD12846FCF723FBB3
:108A100006462846FCF75DFB0446152E53D1284632
:108A2000FCF71FFB81466946204601F0B2F86A4612
:108A300049462046ECF792FC6A4649462046F2F742
:108A400047FC6A4649462046F0F7B2FBBDF80400F1
:108A5000BDF80010401A401C00B200EBD07040106E
:108A60000E18BDF802100D1804A8FAF7F3FF4FF422
:108A7000003804AA4146204602F0D5FB204641F2C8
:108A80000102414602F0C8F800B200EBD070471076
:108A9000204641F20402414602F0BEF800B200EB6B
:108AA000D070F11B4010ADF85410291AADF85610D3
:108AB000F119ADF858102844ADF85A0015AA04A9C8
:108AC0004846FAF7B3FF17B0BDE8F0831C47020829
:108AD0002DE9F0411D4616460F46044600F040FAC7
:108AE000A068817E491CC9B28176A06801EB410172
:108AF0008900C068FFF7ECFBA168C860A16820B3DB
:108B0000897E6FF0030301EB41026FF00B0101EB73
:108B100082028750A068C268807E00EB400003EBB1
:108B200080000B1D1654A068C268807E00EB4000D8
:108B300003EB80001550A068C268807E00EB400007
:108B400001EB80001044BDE8F081FEE77FB50C46E4
:108B5000054602F025FD0646E00702D0284602F051
:108B6000BDFCE8692043E861E00702D0284602F036
:108B7000B5FC284602F014FDB04202D114F0C07FCB
:108B800007D0284601F0E0F802F043FD284602F045
:108B900040FDE0060CD502AA6946284601F03CFAE1
:108BA0006946284602F0CEFC02A9284602F0CAFC1B
:108BB0007FBD028C11438A4201D003F0C5BC7047CF
:108BC0002DE9F047174688464FF6FF790446002303
:108BD0004A4639460BF032F8618C00250426C1F371
:108BE000C502E06809E000BF06EBC503C3585FEAB1
:108BF000831C01D4DB0102D56D1CAA42F4D84FF0CE
:108C0000806202EB71214FEAF1516184C1F3C50129
:108C1000C900FFF75DFBE060608C6FF00702C0F3F6
:108C2000C50009E0E16802EBC00C01EBC003614440
:108C3000D1E900C1C3E900C1401EA842F2D8E068F2
:108C4000082100EBC500FFF749FCE16841F83580D9
:108C5000E06806EBC501425867F3170242504A46E6
:108C600039462046BDE8F04703F0AEB870B5164669
:108C70001D460446002203F061FD2A463146204687
:108C8000BDE8704003F013BC2DE9FF4F81B093465F
:108C90008846019803F000FEB8F1000F03D1019857
:108CA00001F052F8804600242546019801F04CF866
:108CB0008146002101F06EFD06460021484601F084
:108CC0008CFE30440FFA80FA0021484601F049FF3B
:108CD000304400B200900021404601F05BFD0646A2
:108CE0000021404601F079FE304407B200214046A1
:108CF00001F037FF304406B2BBF1000F0FD0BBF1DB
:108D0000160F34D2DFE80BF0D51123343F445467FB
:108D10006913828797A1A6B5BFC5CBD1FDFC002101
:108D2000404601F0EEFC012822D03C461EE04046C1
:108D300000F077FF0246019802F0B9F8014602EB15
:108D4000D270401001EBD171A0EB61004DE04046C4
:108D500000F067FF0246019802F0A9F802EBD27119
:108D6000491000EBD070A1EB600009E03546A0E0AF
:108D7000404600F056FF0246019802F098F8101A9B
:108D8000384404B2F2E73C461CE0304405B290E0BF
:108D9000404600F046FF0246019802F088F801467E
:108DA00002EBD270401001EBD171A0EB610007E043
:108DB000404600F036FF0246019802F078F8101A9B
:108DC000384404B2404600F012FF0246019800F019
:108DD0007AFF101AD9E73C4609E0404600F021FF2F
:108DE0000246019802F063F8101A384404B2404673
:108DF00000F0FDFE0246019800F065FF02EBD27123
:108E0000491000EBD070A1EB6000BEE7019800F0C4
:108E10005AFF4042BAE7404602F049F8024601983C
:108E200002F045F8014602EBD270401001EBD1711F
:108E3000A0EB610007E0404602F039F802460198D5
:108E400002F035F8101A04B2E0E7404600F03BFFAC
:108E500005462EE0404602F02AF80246019802F04C
:108E600026F802EBD271491000EBD070A1EB600044
:108E700007E0404602F01BF80246019802F017F89E
:108E8000101A04B2E1E7019802F011F8404204B26E
:108E90000FE0019802F00BF8404204B241E0019863
:108EA00002F005F8404204B24EE0404601F0FFFFF8
:108EB00004460021484601F024FC012848464CD0D5
:108EC00000F0C8FFB8F8142004990A44B9F8141047
:108ED000511A0144A1EB0A00204404B2484601F0B3
:108EE00085F8B8F816200E990A44B9F81610511AE8
:108EF000014400980022081A284405B2012101E02B
:108F00001EE00AE0019803F019FC019805B02A461A
:108F10002146BDE8F04F03F0CABA404601F0C7FF52
:108F20000446404600F0CFFE0246019800F0CBFE1A
:108F300002EBD271491000EBD070A1EB600025E785
:108F4000404601F0B4FF0446404600F0BCFE024635
:108F5000019800F0B8FE101A18E700F0DBFFB1E747
:108F600010B504468068002813D10B484168491C9D
:108F700041601C20FFF7DEF8A06058B11C21FFF70C
:108F8000ADFAA1680F204876A068017E41F0030188
:108F9000017610BDFEE70000300000202DE9FC4105
:108FA0000E460546012101F0CBFFE0BB284600F04C
:108FB000CFFE044600F056FE0746F9F7C5FAA04278
:108FC0000ED03846F9F7C8FAA04209D03846F9F76A
:108FD000A9FAA04204D03846F9F79CFAA04232D14F
:108FE0004FF400273946284601F0AAFF28BB28463F
:108FF000E9F745FE044605F114016846F7F77FF8E6
:10900000BDF80000001BADF80000BDF80200001B19
:10901000ADF80200BDF804002044ADF80400BDF82E
:109020000600204400E00EE0ADF8060031466A4636
:109030000846E8F72BFD002806D0284614E0012159
:1090400001F07EFF10B10020BDE8FC8139462046CA
:1090500001F076FF38B9314604F114020846E8F70A
:1090600015FD0028F0D0204600F06EFE0400E6D189
:109070000120E9E72DE9F0410E460746002501F001
:1090800055FE040035D03146384601F041FE022835
:109090002FD904EBD470012101EB6004314638462E
:1090A00001F03DFE20440FFA80F83146384601F0C9
:1090B00021FE04463146384601F023FE002C01DD36
:1090C000214600E06142002801DD024600E0424204
:1090D000914205DD002C01DD204604E0604202E003
:1090E000002800DC4042404400B2002800DA284654
:1090F00005463146384601F0EBFB04000ED0314600
:10910000384601F0D7FB022808D93146384601F02D
:10911000D8FB2044A84200DB05462DB23846314634
:1091200040F60A0201F078FD04B23846314640F6B6
:109130000B0201F071FD00B2844200DC0446002CF9
:1091400001DD281905B22846BDE8F08170B50D464D
:10915000064641F25D4201F05FFDC4B23046294649
:1091600041F26A4201F058FD04B90124204670BD65
:10917000002803D00068884201D1012070470020F8
:10918000704700002DE9F0410D460746002633499F
:1091900000E00068B8B182690A42FAD08069C0F381
:1091A0000F108046FEF7C6FF041E4BD04146FFF766
:1091B00095F9C4E900754FF001086FF0030725B178
:1091C000A86848B32BE03046EBE7F9F775F9051EC0
:1091D00038D0EA68C2B1686A401C810068621046F3
:1091E000FFF776F8E860696A07EB81014450A682D0
:1091F000E6820020F9F778F9401E20830020F9F775
:10920000B9F9401E60831CE00420FEF793FFE8607C
:109210000460C5F82480EAE72846FFF7A1FEA868A5
:10922000016889B14168491C4160A86889000068EB
:10923000FFF74EF8A9680860A968496807EB810143
:1092400044502046BDE8F0810420FEF773FFA96872
:1092500008600460A968C1F80480F2E7F0FF0F001D
:1092600070B5054602F0D5F9002000F0A3FA2846B3
:1092700005F034FF284600F06FF8012000F09AFA5C
:109280004FF6FF724FF47021284602F09DFD2846EC
:1092900002F082FDFCF73EFB030007D0284602F0F7
:1092A00070F918B129461846FCF7A6FA284600F0CE
:1092B0004BFD04000DD02A462221FBF70FFF2A4662
:1092C00023212046FBF70AFF2846BDE8704002F044
:1092D00005B970BD7FB50C46064602F061F905463A
:1092E000E0060CD502AA6946304600F095FE6946B4
:1092F000304602F027F902A9304602F023F9F0695E
:10930000A043F061E0070ED0304602F0E7F83046A7
:1093100002F046F938B1304600F016FD02F079F956
:10932000304602F076F9304602F03AF9A84202D10E
:1093300014F0C07F07D0304600F006FD04B0BDE851
:10934000704002F066B97FBD028C22EA01018A42B8
:1093500001D003F0F9B8704770B50468054620687D
:1093600018B128602846FFF7F7FF2C606268204696
:10937000002A03D02946BDE87040104770BD0000A8
:109380002DE9F0414D680C46FDB1284600F062FD24
:109390000646284600F02AFE07462846002141F6E8
:1093A000100201F039FCE98A41F612020844C01BA0
:1093B000E082401E60832846002101F02DFCA98A2E
:1093C0000844801BA082401E208341F20200E0611D
:1093D000002D06D043F20200C4F81C0043F2023014
:1093E000E06140F0740040F40060E06102D040F4BD
:1093F0000040E061BDE8F08110B501460348FFF789
:10940000C1FE0446FFF72CFF204610BD14400208A1
:1094100070B5054602F062F8284600F095FC04009D
:1094200001D002F03DFF2846A4B107F016F8002154
:10943000204602F005FA204602F032FF00222221E7
:109440002046FBF74BFE2046BDE870400022242159
:10945000FBF744BE00F006FC040007D02069A842D8
:10946000284604D106F0F9FF0020206170BDBDE858
:10947000704006F0F2BF000070B50C460846E8F7F1
:109480002DFD002000F096F92046144A002102F03C
:1094900019FD012000F08EF900212046F6F70CF9A5
:1094A000204600F00BFC10B12046FCF75DFAA068E6
:1094B000002811D00068002518B1FEF7C5FEA0688D
:1094C0000560A068C06818B1FEF7BEFEA068C56060
:1094D000A068FEF7B9FEA56070BD0000FFFF0F0099
:1094E0002DE9F047A2B08046FBF7B5FD06464046A1
:1094F000FBF7EFFD012700240546122E72D0DFF89E
:10950000A092152E6CD0182E7AD14046FBF7A9FDFB
:10951000824601462846F0F7A9FB0021284601F0C3
:1095200063F950B105F59070FAF758FA060004D0C7
:10953000F9F738FF3046FEF775FE0021284601F0A6
:1095400021F900285CD002A8FAF784FA8DF80B40C4
:109550008DF822408DF832408DF83E4002AA00215D
:10956000284601F060FE0021284601F05AFC8046A2
:109570000021284601F047FC064605F11401684623
:10958000F6F7B4FDBDF80010A1EB0800BDF804101B
:10959000ADF8000001EB0800ADF80400BDF80200D2
:1095A0005146801BADF80200BDF806003044ADF80E
:1095B000060010A800F0F6F802A8149068461D9462
:1095C000CDE91270CDF8449010AA1A212846FBF775
:1095D00085FD6A4602A95046FAF728FADAE001E06A
:1095E0005BE00DE04046FBF772FD0646007802287E
:1095F00006D00021284601F0F7F820B10220307093
:1096000022B0BDE8F0870021284601F06DFB8246BC
:109610000021284601F005FC81460021284601F082
:10962000F2FB804605F114016846F6F75FFDBDF8D0
:1096300000105246A1EB0900BDF80410ADF800007F
:1096400001EB0900BDF80210ADF80400A1EB080021
:10965000BDF80610ADF8020001EB0800ADF80600F9
:1096600069467068E8F73AFA98B10021284601F097
:109670007DF8FD280DD328460021682201F0CCFAA0
:1096800010F0FF0F05D10021284601F0FEF8FD285B
:1096900001D23770B4E73470B2E74046FBF7E1FC23
:1096A000804602A8FAF7D6F90021284601F06AF8A8
:1096B00028B19DF82B0040F001008DF82B0002AA84
:1096C0000021284601F0AFFD0021284601F0A9FB4A
:1096D00006460021284601F096FB074605F11401D5
:1096E0008A466846F6F702FDBDF800004146801B39
:1096F000ADF80000BDF804003044ADF80400BDF83A
:109700000200C01BADF80200BDF806003844ADF8F9
:10971000060010A800F046F802A814906846CDE9AB
:109720001240CDF8449010AA1A2128461D94FBF748
:10973000D5FC0021284601F057F830B1BDF80800EB
:1097400018B1069E0127069401E0069E00276A468E
:1097500002A94046FAF76AF9E7B11820FEF716FDAC
:109760000746BDF9082000235146FAF7A3F805F58E
:1097700090713846F9F752FC66B18DF80B408DF8C0
:109780002A408DF832408DF83E406A4602A9404694
:10979000069621E710AA1B212846FBF79FFC2FE71E
:1097A0001440020870B50D4604464821FEF796FEA7
:1097B000256070BD0149087070470000400000201E
:1097C0002DE9FF4188460846FBF745FC0446404624
:1097D000FBF745FC0546012C21D0082C21D0032C99
:1097E0003CD02A2C3CD00D2C4AD00E2C7ED0092CFB
:1097F0007DD00A2C7CD00F2C7BD0292C7AD0222C27
:1098000079D0132C78D0152C03D0182C01D0122C21
:1098100034D104B04046BDE8F041FFF761BE2021DD
:10982000F9E02021FFF790FD4046FBF750FCFDF7E3
:1098300098F8002822D10821284601F081FB002851
:109840001CD095F820004FF00101C007284602D037
:10985000FFF77AFD30E0FFF7ACF92DE02021F7E0CB
:1098600000F073F90646002406E0A868006850F886
:10987000240001F0CEFE641CB442F6D3BDE8FF81A3
:10988000082101F05DFBF8B14046FBF720FC0478AD
:10989000132C06D0112C04D0142C07D0122C05D078
:1098A00008E001212846FFF784F903E0012128465A
:1098B000FFF74AFD0A2CE1D004B02846BDE8F0418C
:1098C00000221C21FBF70ABC4FF40161284601F07D
:1098D00037FB0028D2D0284601F046FE0028CDD123
:1098E0000027284600F0B6FA064606E069E091E057
:1098F00096E0ACE0B1E0CDE0F0E0284600F00AFBF5
:1099000004464046FBF7E3FB007812281BD01128E1
:109910000CD013282BD01428B0D1284600F072FAAE
:10992000800703D0002E38DC002C36DC284600F0FF
:10993000CAF90446284600F067FBE11704EB917171
:10994000A0EBA1000BE0284600F0BDF90446284634
:1099500000F05AFBE11704EB917100EBA10001B29A
:1099600004B03A462846BDE8F04102F083BC2846E0
:1099700000F048FA8007E6D0002E01DC002CE2DD82
:10998000284601F094FA0446284600F036FBE11719
:1099900004EB917100EBA1000BE0284601F087FA7F
:1099A0000446284600F029FBE11704EB9171A0EB77
:1099B000A10001B204B03A462846BDE8F04102F0E9
:1099C00043BC4FF4806101F0BBFA18B10121284675
:1099D00002F01DFC284600F071F9FBF7A1FF0646D6
:1099E0000224FCF789FF10B94046FBF74BFBFCF75C
:1099F000C4FF022801D0042800D106241EB144F07F
:109A00000801284607E021462846FFF7D2F808213A
:109A100028461DE0402104B0BDE8F041FFF7C9B879
:109A20004021FFF791FC284600F01EFE02287FF43B
:109A300025AF02AA6946284600F0EEFA6946284694
:109A400001F080FD02A9284601F07CFD16E70E21F9
:109A500004B0BDE8F041FFF777BC002100F02AFE1A
:109A600004460021284600F0EDFE204302D028469F
:109A700001F0CFFD284600F068F80646002406E015
:109A8000A868006850F8240001F0C3FD641CB442CB
:109A9000F6D3F3E6002141F2010201F0BDF806B26F
:109AA0002846002141F2040201F0B6F804B2002178
:109AB000284600F0FFFD07460021284600F0C2FEC0
:109AC000384305D142F2D170864201D08442BDD1E3
:109AD00004B02846BDE8F04101F09BBD4046FBF7CD
:109AE000F6FA044600212846FFF7C4FAB4F900103C
:109AF000814200DD08462080C0E610B50C4600B962
:109B00006068006868B101690029FAD00021E1604D
:109B1000026921469047217E0120C90700D000201C
:109B200010BD012010BD8068002809D0002902DA8C
:109B30004268511803D443680A468B4201D800207A
:109B40007047006850F8220070478068002800D0F5
:109B50004068704770B50C46054600F11401204678
:109B6000F6F7CDFAA868002812D02188808A081A52
:109B70002080A968A088898A0844A080A968608894
:109B8000898A401A6080A968E088898A0844E08050
:109B900070BD70B50C460546002100F0FBFD064681
:109BA0002146284600F057F8704202B2114620467E
:109BB000F6F73DFB0021284600F00FFF21880844FE
:109BC00020800021284600F063FFA188081AA080A9
:109BD0000021284600F0C5FF61880844608000210C
:109BE000284600F083FEE188081AE08070BD70B559
:109BF0000446002100F0B5FF05460021204600F094
:109C000075FE06460021204600F0C4FD02462046AF
:109C100000F059F8401B801B514200EB410000B29C
:109C200070BD70B50446002100F0D7FE0546002146
:109C3000204600F02DFF06460021204600F0AAFD38
:109C40000246204601F033F9401B801B514200EBD5
:109C5000410000B270BD0A4600F114011046F6F74B
:109C60004EBA000010B5416809B100F071F8044621
:109C70000A48E8F758FF0EE00021426A05E0C36891
:109C800053F82130A34208D0491C8A42F7D8014634
:109C90000248E8F75AFF0028EED110BD3C4F0020E3
:109CA0008068002803D0827E8A4201D80020704755
:109CB000C06801EB410100EB81007047806800281B
:109CC00000D080687047418BC08A081A401C00B2DF
:109CD000704770B5064600F037F8050001D0002443
:109CE0000AE0002070BD21462846FFF71CFFB04265
:109CF00001D1204670BD641C2846FFF726FFA04214
:109D0000F1D84FF0FF3070BDF0B4468C002404252C
:109D1000C6F3C50613E000BFC76805EBC40C57F8CF
:109D20000C705FEAC71C09D527F07F479F4205D119
:109D3000C06850F83400F0BC03F0B6BF641CA64203
:109D4000EAD8F0BC00207047002800D04068704777
:109D500000B50146FFF7F8FF0028FAD1084600BD1C
:109D60002DE9F047DFF8948006464446FFF7EDFE04
:109D700007460025DFF888A00EE0B068514600686D
:109D800050F82500814601F0E2F820B9B9F91A002F
:109D9000A04200DB04466D1CBD42EED300213046DC
:109DA00000F0E6FE81460021304600F0A6FD0746A1
:109DB0000021304600F0F5FC0546444504D0708B88
:109DC000C01B401B201A04B2304600F055FC8046F0
:109DD0003046FFF778FFA0EB0900C01B694200EB9B
:109DE0004101A8EB0101304600F00EF9081A00B25B
:109DF000844200DD2046BDE8F087000001E0FFFF5F
:109E000001000400806818B1407E00F00F00704728
:109E10000F20704770B50C4605460C49F5F778FCE5
:109E200010B1406A404202E0284600F0E6F8208087
:109E300007492846F5F76CFC10B1406A404202E041
:109E4000284600F0E1F8608070BD0000491102086A
:109E5000611102082DE9F84F0646002100F058FC78
:109E6000012807D0B068002802D0008A404200B222
:109E7000BDE8F88F0021304600F011FE009000216F
:109E8000304600F0B1FD81460021304600F089FCEB
:109E9000804641F6FF7A54463046FFF756FE0746A5
:109EA00000250EE0B0681949006850F82500834687
:109EB00001F04DF820B9BBF91400A04200DC0446C3
:109EC0006D1CBD42EED3544506D0B28A09EB0800A2
:109ED0001044001B04B200E00D4C304600F0DAFBE9
:109EE0000546304600F0E3FF0099411AA1EB090155
:109EF000C8F1000001EB4000291A304600F07DF85F
:109F0000084400B28442B3DD2046B1E701000400FA
:109F100001E0FFFF2DE9F0470646002100F0F8FBC5
:109F200001280AD0DFF8A08030464446FFF70DFE36
:109F300007460025DFF894A015E0B068002801D09E
:109F4000B0F91000BDE8F087B0685146006850F8DD
:109F50002500814600F0FBFF20B9B9F91800A042A6
:109F600000DB04466D1CBD42EED30021304600F0FC
:109F700096FD07460021304600F036FD814600215F
:109F8000304600F00EFC0546444504D0308BC01B23
:109F9000401B201A04B2304600F07CFB804630465D
:109FA00000F085FFC11BA1EB0900694200EB4101F4
:109FB000A8EB0101304600F020F8081A00B28442F4
:109FC000C0DD2046BEE7000001E0FFFF0100040005
:109FD0008068002802D0007EC0F38100704780684E
:109FE000002802D0007EC0F301107047806800286E
:109FF00002D0408A404200B270478068002802D0F8
:10A00000008A404200B270478068002802D0408A2F
:10A01000404200B2704700002DE9F04F91B0164663
:10A020000C464FF0FF37054600223B4611462046BE
:10A030000097F6F716F900223B4611463046009786
:10A04000F6F70FF91021284600F07AFF002816D005
:10A05000284600F009FB070011D00020FCF752FC55
:10A060008046022F08D010E0FCF77BFCA84209D004
:10A070004046FCF747FC8046B8F1000FF4D111B020
:10A08000BDE8F08FB8F1000FF9D02846FFF7AEFF1A
:10A0900005902846FFF764FE0C902846FFF7DAFE8D
:10A0A0000A902846FFF736FF08902846FFF7AAFED9
:10A0B0008146002019F00C0F009014D0012F10D011
:10A0C000032F02D0022F07D00DE00598002808DCEE
:10A0D0000C98002805DC06E04046FCF733FC0C2811
:10A0E00001D101200090002009905FEA897014D00E
:10A0F000012F10D0032F02D0022F07D00DE00A98B5
:10A10000002808DC0898002805DC06E04046FCF73B
:10A1100019FC032801D101200990009909980843EE
:10A12000ADD04FF480373946284600F0F1FA0128C7
:10A1300000D000200E903946284600F019FD069008
:10A140003946284600F0D9FB0F903946284600F0E2
:10A150004BFC80463946284600F0A1FC8146284643
:10A1600041F20102394600F057FD0FFA80FB284604
:10A17000FFF7A9FD0490284600F099FE039000988F
:10A1800000B158468246099800B1584610902846BA
:10A190003946212200F040FDC0B2022808D22846EC
:10A1A0003946312200F038FDC0B20228FFF467AF13
:10A1B000DDE9040101440C98A027084400B20B908B
:10A1C0000098002870D00B980028FBD0E88A708097
:10A1D000688BF0800E9840B1A98A01EB08003080AE
:10A1E000ABF101010844B08007E0298BA1EB090025
:10A1F000B080A0EB0B00401C308006990498411AF7
:10A200000F98091A1098081A0499009048430B995E
:10A2100090FBF1F000B205900020F8F753F900EB45
:10A220008001502000EB4100B0F5A07F0ADB002048
:10A23000F8F748F900EB8001502000EB410090FB5B
:10A24000F7F000E001200599884201DA084616E09F
:10A250000020F8F737F900EB8001502000EB4100B7
:10A26000B0F5A07F0ADB0020F8F72CF900EB8001A5
:10A27000502000EB410090FBF7F000E00120009936
:10A2800000B2091A0AB2049B0B99C91A09B2002933
:10A290000BDCE98A069808447080698B0F98091ACC
:10A2A0001098081A401EF08090E00C9B12FB03F3FC
:10A2B00093FBF1F1511A069AEB8A1144194409B241
:10A2C000401E71800844F080B5F9162006981044AD
:10A2D000814238DA70800020F8F7F4F800EB800152
:10A2E000502000EB4100B0F5A07F0ADB0020F8F71A
:10A2F000E9F800EB8001502000EB410090FBF7F003
:10A3000000E00120B6F902100844B6F906108842B0
:10A3100019DD0020F8F7D6F800EB8001502000EBA3
:10A320004100B0F5A07F0ADB0020F8F7CBF800EB86
:10A330008001502000EB410090FBF7F000E001208D
:10A3400071880844F080B5F91A201098B6F9061003
:10A35000121A0F98101A814238DDF0800020F8F7A9
:10A36000B1F800EB8001502000EB4100B0F5A07F78
:10A370000ADB0020F8F7A6F800EB8001502000EB84
:10A38000410090FBF7F000E00120B6F90610081A32
:10A39000B6F90210884219DA0020F8F793F800EBBA
:10A3A0008001502000EB4100B0F5A07F0ADB0020C7
:10A3B000F8F788F800EB8001502000EB410090FB9B
:10A3C000F7F000E00120F188081A70800A990398DC
:10A3D00001440898084400B20490099800283FF40A
:10A3E0004EAE04980028FAD0698B0F98081AE080C6
:10A3F000A0EB0B00401C6080A88A2080288BA080E6
:10A400000399A1EB0801A1EB0901A1EB0A00039953
:10A4100000904843049990FBF1F000B202900020B4
:10A42000F8F750F800EB8000502606EB40004FF4A0
:10A43000A07B584509DB0020F8F744F800EB8000CA
:10A4400006EB400090FBF7F000E001200299884203
:10A4500001DA084613E00020F8F734F800EB80003A
:10A4600006EB4000584509DB0020F8F72BF800EB1D
:10A47000800006EB400090FBF7F000E0012000991F
:10A4800000B2091A0AB2DDE90331C91A09B200297A
:10A4900016DCA98A0E9840B14144AAF10100084493
:10A4A0002080298BA1EB090008E001EB0800208047
:10A4B000298BA1EB0901A1EB0A00401EA080DEE57B
:10A4C000089B12FB03F393FBF1F1511A0E9A09B2A8
:10A4D000EAB3AA8A401E531808EB0A02991809B277
:10A4E00021800844A080B5F914001044884233DD6F
:10A4F00020800020F7F7E6FF00EB800006EB40002D
:10A50000584509DB0020F7F7DDFF00EB800006EB84
:10A51000400090FBF7F000E00120B4F9001008447F
:10A52000B4F90410884217DD0020F7F7CBFF00EBE9
:10A53000800006EB400058450ADB0020F7F7C2FF19
:10A5400000EB800006EB400090FBF7F001E03AE002
:10A55000012021880844A080B4F90410B5F918201E
:10A5600078E0A0800020F7F7ADFF00EB800006EB5D
:10A5700040005D46A84273DB0020F7F7A3FF00EB25
:10A58000800006EB400090FBF7F000BFB4F9041028
:10A59000081AB4F90010884291DA0020F7F792FF08
:10A5A00000EB800006EB4000A8425BDB0020F7F7E1
:10A5B00089FF00EB800006EB400090FBF7F0A188DC
:10A5C000081A20805BE5AB8A4144194409B2401E59
:10A5D00021800844A080B5F9142002EB08008142D4
:10A5E00032DA20800020F7F76DFF00EB800006EBE9
:10A5F0004000584509DB0020F7F764FF00EB8000BE
:10A6000006EB400090FBF7F000E00120B4F90010E9
:10A610000844B4F90410884216DD0020F7F752FF11
:10A6200000EB800006EB4000584509DB0020F7F7FF
:10A6300049FF00EB800006EB400090FBF7F000E0E4
:10A64000012021880844A080B5F91820B4F904102D
:10A65000A2EB0A02A2EB0900814282DC0FE5FFE7D0
:10A66000012093E70120AAE7806818B1007E00F07E
:10A67000030070470320704708B505496A464968DA
:10A6800000912C21FAF72AFDBDF9020008BD000057
:10A690003040020808B505496A46096800912C2136
:10A6A000FAF71CFDBDF9000008BD000030400208AB
:10A6B000008C704710B541F2090200F0ADFAC0B24B
:10A6C00010BD10B541F2090200F0A6FAC0B210BDEB
:10A6D000662200F0A1BA10B5512200F09DFA0028C0
:10A6E00000D0012010BD10B54FF4056200F094FABF
:10A6F00000B210BD10B54FF4056200F08DFA00B243
:10A7000010BD10B541F26A4200F086FAC0B210BD29
:10A7100010B541F26A4200F07FFAC0B210BD10B528
:10A7200041F26A4200F078FAC0B210BD10B541F2B1
:10A730006A4200F071FAC0B210BD10B541F26A422F
:10A7400000F06AFAC0B210BD10B541F26A4200F0E2
:10A7500063FAC0B210BD10B541F26A4200F05CFA73
:10A76000C0B210BD44F2200200F056BA10B521224A
:10A7700000F052FAC0B210BD10B5682200F04CFAD9
:10A78000C0B210BD10B5342200F046FA002800D047
:10A79000012010BD10B541F2320200F03DFA00B2C6
:10A7A00010BD10B541F2320200F036FA00B210BD11
:10A7B00010B541F2320200F02FFA00B210BD10B510
:10A7C00041F2320200F028FA00B210BD10B541F299
:10A7D000320200F021FA00B210BD10B541F232028F
:10A7E00000F01AFA00B210BD10B5612200F014FAA0
:10A7F000002800D0012010BD034A10B5128900F0D6
:10A800000BFAC0B210BD00006000002010B541F28C
:10A81000040200F001FA00B210BD10B541F20402CA
:10A8200000F0FAF900B210BD10B541F2040200F0D8
:10A83000F3F900B210BD10B541F2040200F0ECF9DA
:10A8400000B210BD10B541F2690200F0E5F980B226
:10A8500010BD10B541F2690200F0DEF980B210BD02
:10A8600010B540F6490200F0D7F900B210BD10B59E
:10A8700041F2060200F0D0F900B210BD10B541F26D
:10A88000050200F0C9F900B210BD10B540F26242F5
:10A8900000F0C2F9C0B210BD10B540F2624200F043
:10A8A000BBF9C0B210BD10B540F2624200F0B4F97D
:10A8B000C0B210BD10B540F63C0200F0ADF9C0B218
:10A8C00010BD10B540F63D0200F0A6F900B210BD73
:10A8D00010B540F63A0200F09FF900B210BD10B575
:10A8E00041F6110200F098F900B210BD10B541F622
:10A8F000110200F091F900B210BD10B541F611023D
:10A9000000F08AF900B210BD10B541F6110200F056
:10A9100083F900B210BD10B541F6110200F07CF9C8
:10A9200000B210BD10B541F6110200F075F900B289
:10A9300010BD10B541F6110200F06EF900B210BD65
:10A9400010B541F6110200F067F900B210BD10B564
:10A9500041F6110200F060F900B210BD10B541F6E9
:10A96000110200F059F900B210BD10B541F6110204
:10A9700000F052F900B210BD10B541F6110200F01E
:10A980004BF900B210BD10B541F6150200F044F9C4
:10A9900000B210BD10B541F6150200F03DF900B24D
:10A9A00010BD10B541F6150200F036F900B210BD29
:10A9B00010B541F6150200F02FF900B210BD10B528
:10A9C00041F6150200F028F900B210BD10B541F6AD
:10A9D000120200F021F900B210BD10B541F61202CA
:10A9E00000F01AF900B210BD10B541F6120200F0E5
:10A9F00013F900B210BD10B541F6120200F00CF9C7
:10AA000000B210BD10B541F6120200F005F900B217
:10AA100010BD10B541F6120200F0FEF800B210BDF4
:10AA200010B541F6120200F0F7F800B210BD10B5F3
:10AA300041F6120200F0F0F800B210BD10B541F678
:10AA4000120200F0E9F800B210BD10B541F6120292
:10AA500000F0E2F800B210BD10B541F6120200F0AD
:10AA6000DBF800B210BD10B541F6120200F0D4F8C8
:10AA700000B210BD10B541F6120200F0CDF800B2E0
:10AA800010BD10B541F6130200F0C6F800B210BDBB
:10AA900010B541F6130200F0BFF800B210BD10B5BA
:10AAA00041F6130200F0B8F800B210BD10B541F63F
:10AAB000130200F0B1F800B210BD10B541F6130258
:10AAC00000F0AAF800B210BD10B541F6130200F074
:10AAD000A3F800B210BD10B541F6130200F09CF8C7
:10AAE00000B210BD10B541F6130200F095F800B2A7
:10AAF00010BD10B541F6130200F08EF800B210BD83
:10AB000010B541F6130200F087F800B210BD10B581
:10AB100041F6130200F080F800B210BD10B541F606
:10AB2000130200F079F800B210BD10B541F614021E
:10AB300000F072F800B210BD10B541F6140200F03A
:10AB40006BF800B210BD10B541F6140200F064F8C5
:10AB500000B210BD10B541F6100200F05DF800B271
:10AB600010BD10B541F6100200F056F800B210BD4D
:10AB700010B541F6100200F04FF800B210BD10B54C
:10AB800041F6100200F048F800B210BD10B541F6D1
:10AB9000100200F041F800B210BD10B541F61002ED
:10ABA00000F03AF800B210BD10B541F6100200F006
:10ABB00033F800B210BD10B541F6100200F02CF8C9
:10ABC00000B210BD10B541F6100200F025F800B239
:10ABD00010BD10B541F6100200F01EF800B210BD15
:10ABE00010B541F6100200F017F800B210BD10B514
:10ABF00041F6100200F010F800B210BD10B541F699
:10AC0000100200F009F800B210BD10B541F61002B4
:10AC100000F002F800B210BD2DE9F04186B00C46FC
:10AC200006461546C2F38028C2F380379FB122F44E
:10AC3000804510E002AB2A4621463046F2F721FE5D
:10AC400060BBB8F1000F08D00CB1002403E030461F
:10AC5000FFF77AF80646002EECD13CB941F201012B
:10AC60008D4207D0A5F58050043803D0284603F064
:10AC700055F812E0306807E08D4202D1828A3AB975
:10AC800001E0C28A12B900680028F5D18D4202D1D4
:10AC9000B0F9140001E0B0F91600029017B3029861
:10ACA000350000901AD0304621466322FFF7B4FFEA
:10ACB000060012D0306880B1284621466422FFF792
:10ACC000ABFF10F0FF0208D0336830460099984778
:10ACD0000190BDF80400ADF800000098029006B0A5
:10ACE000BDE8F0810298FAE710B56022FFF794FF03
:10ACF00000B210BD10B540F64102FFF78DFF00B263
:10AD000010BD10B540F64202FFF786FF00B210BD3D
:10AD100010B540F64502FFF77FFFC0B210BD10B579
:10AD200040F64302FFF778FF00B210BD10B54FF4B4
:10AD30000462FFF771FF00B210BD44F25742FFF703
:10AD40006BBF41F25942FFF767BF41F25942FFF72B
:10AD500063BF41F25942FFF75FBF41F25942FFF72B
:10AD60005BBF41F25942FFF757BF41F25942FFF72B
:10AD700053BF41F25942FFF74FBF10B541F25A425B
:10AD8000FFF74AFF00B210BD10B541F25A42FFF77B
:10AD900043FF00B210BD10B541F25A42FFF73CFF2D
:10ADA00000B210BD10B541F25B42FFF735FF00B2B3
:10ADB00010BD10B541F25B42FFF72EFF00B210BD8F
:10ADC00010B541F25B42FFF727FF00B210BD10B58E
:10ADD00041F25B42FFF720FF00B210BD10B541F217
:10ADE0005B42FFF719FF00B210BD10B541F25B42A4
:10ADF000FFF712FF00B210BD10B543F60F02FFF7C8
:10AE00000BFF00B210BD10B540F60B02FFF704FFB8
:10AE100000B210BD10B540F60B02FFF7FDFE00B208
:10AE200010BD10B540F60A02FFF7F6FE00B210BDE5
:10AE300010B540F60A02FFF7EFFE00B210BD10B5E4
:10AE400043F60E02FFF7E8FE00B210BD10B541F266
:10AE50000102FFF7E1FE00B210BD10B541F20102A0
:10AE6000FFF7DAFE00B210BD10B541F20102FFF7A4
:10AE7000D3FE00B210BD10B541F20102FFF7CCFEC7
:10AE800000B210BD10B541F20102FFF7C5FE00B2DD
:10AE900010BD10B541F20702FFF7BEFE00B210BDB3
:10AEA00010B541F20802FFF7B7FE00B210BD018BEA
:10AEB000808A081A401C00B2704770B50546FEF73C
:10AEC00043FF040012D0A88AA18A451A2046FFF742
:10AED00094F8054400212046FFF77FFD2D1A00213C
:10AEE0002046FFF757FC281A00B270BDB5F91400D0
:10AEF00070BD70B50546FEF727FF040012D0E88A42
:10AF0000E18A451A2046FFF77FF8054400212046D4
:10AF1000FFF727FE2D1A00212046FFF73BFC281AD9
:10AF200000B270BDB5F9160070BD10B50446FFF74C
:10AF3000E0FF02462046FEF7C6FE104400B210BDF8
:10AF4000C069814301D00020704701207047C0696B
:10AF5000084000D001207047008C084000D001203C
:10AF600070477FB50D4606460221FFF7E9FF00282E
:10AF700020D080213046FFF7EFFFE8B902A9304624
:10AF8000FEF7E8FD0022294602A8E6F767FE040066
:10AF900012D04FF480313046FFF7D2FF70B101205C
:10AFA0008DF8040000956A4611213046FAF796F8AC
:10AFB0009DF8040004B070BD0020FBE72046F9E7CF
:10AFC000F8B514460D4606464FF40562FFF724FE19
:10AFD00000B26080002839D0304629465322FFF75E
:10AFE0001BFEC0B22073022830D929463046FFF735
:10AFF00053FCFD2804D2217B11FB00F0000A2073D2
:10B00000207B022822D93046294644F25202FFF71B
:10B0100003FE0090BDF800002080304629465422EF
:10B02000FFF7FAFDA060304629465122FFF7F4FDF4
:10B0300000B10120617B60F38201617329463046D3
:10B04000FFF79AFB617B60F301016173F8BDF8B50E
:10B0500014460E4605464622FFF7DEFDC0B2E072FA
:10B0600002283CD931462846FFF716FCFD2804D2B9
:10B07000E17A11FB00F0000AE072E07A02282ED992
:10B08000002020804FF480706080288BA98A48229D
:10B09000401A401C00B200EBD0704010A080688BBA
:10B0A000E98A401A401C00B200EBD0704010E080EA
:10B0B00028463146FFF7B0FD10F0FF00A07209D01E
:10B0C0002846314644F24702FFF7A6FD0090BDF83E
:10B0D0000000208131462846FFF74EFB2073F8BD63
:10B0E000F8B514460D4606464FF48B62FFF794FD03
:10B0F000C0B2A076022841D929463046FFF7CCFBE2
:10B10000FD2804D2A17E11FB00F0000AA076A07EEB
:10B11000022833D929463046FFF70FFE0090BDF8CC
:10B120000000A0813046294641F25A42FFF774FDE3
:10B13000A0823046294641F25B42FFF76DFD6082F6
:10B140003046294640F25C42FFF766FDA17F60F37E
:10B150000201A17729463046FFF70EFBA17F60F37D
:10B16000C501A17729463046FFF7EBFD2060304648
:10B17000294641F25D42FFF74FFD2077F8BDF8B553
:10B1800014460D46064640F64902FFF745FD00B25B
:10B190006080002846D0304629464E22FFF73CFD0D
:10B1A000C0B2207202283DD929463046FFF774FB11
:10B1B000FD2804D2217A11FB00F0000A2072207AC7
:10B1C00002282FD93046294644F24D02FFF724FDCC
:10B1D0000090BDF800002080304629464A22FFF743
:10B1E0001BFD00B2A08028B1304629464B22FFF754
:10B1F00013FDE080304629464C22FFF70DFD08B1D3
:10B20000012100E00021607A61F38200810861F38E
:10B21000C300607229463046FFF7AEFA617A60F3E8
:10B2200001016172F8BD2DE9F84314460D4606464A
:10B230006022FFF7F1FC208025B129463046FFF758
:10B240002BFB00E0FF20804629463046FFF724FB19
:10B250000746022802D9B8F1020F09D80020E07091
:10B2600084F8220084F8360084F82A00BDE8F883C8
:10B2700029463046FFF780FAA070E078002851D0C8
:10B28000304629462122FFF7C7FCC0B2E0700228F1
:10B2900048D929463046FFF765FA0090BDF800000E
:10B2A000A080304629462622FFF7B6FC010007D0D1
:10B2B000487A400704D00A22A01DFDF731F831E09A
:10B2C000304629462322FFF7A7FCE17B60F3020109
:10B2D000E17348071DD029463046FFF743FA009036
:10B2E000BDF80000E0803046294644F22202FFF714
:10B2F00093FC0090BDF8000060813046294624226E
:10B30000FFF78AFC2072304629462522FFF784FC8D
:10B310002073304629462722FFF77EFCE17B60F34D
:10B32000C501E1733046294641F23202FFF774FC51
:10B3300000B2208408B394F82200F0B130462946C8
:10B340003122FFF769FCC0B284F82200022814D928
:10B35000304629463322FFF75FFC94F8231044F26D
:10B36000300260F3450184F8231030462946FFF788
:10B3700053FC0090BDF80000E08329463046FFF7FB
:10B38000A7FAE084C8B194F82A00B0B12946304643
:10B39000FFF790FA84F82A0002280ED92946304691
:10B3A000FFF78FFA20853046294644F23B02FFF72B
:10B3B00033FC0090BDF80000A084A07E68B3304646
:10B3C000294640F62802FFF727FC206128B33046C3
:10B3D00029462922FFF720FCC0B2A07602281CD9FA
:10B3E0002069FBF740FA02286AD03046294644F229
:10B3F0002A02FFF711FC0090BDF8000020833046C0
:10B4000029462B22FFF708FCE076304629462C22FD
:10B41000FFF702FC00B10120207794F8360050B30A
:10B4200029463046FFF782FCE08520B394F83600C9
:10B43000022820D929463046FFF76AFC84F83600F6
:10B44000022818D929463046FFF754FC20862946A1
:10B450003046FFF756FC608629463046FFF75FFC12
:10B46000A0863046294644F24402FFF7D5FB0090FF
:10B47000BDF80000A085B8F1FD0F02D218FB07F05F
:10B48000070AFD2FBFF4F2AE14F8030F10FB07F00C
:10B49000000A04F8140BE07810FB07F0000AE070D3
:10B4A000E07A10FB07F0000AE072E07F10FB07F083
:10B4B000000AE077E07C10FB07F0000AE074D5E6B4
:10B4C00029463046FFF73DFC606129463046FFF7CC
:10B4D00034FC0090BDF8000020839EE77CB5054653
:10B4E0004FF4002403E02846FEF72EFC0546FEF745
:10B4F0002BFC28B121462846FFF722FD0028F2D177
:10B500002846E7F7BCFB044605F114016846F4F74A
:10B51000F6FDBDF800006946001BADF80000BDF85F
:10B520000200001BADF80200BDF804002044ADF895
:10B530000400BDF806002044ADF80600284600F0DF
:10B5400001F87CBD1CB504466846F4F7D8FD694691
:10B550002046FDF723FD002805D02046FEF782FB9C
:10B560006946E7F76DFA1CBD0068002808D0017E27
:10B570008907F9D0007E00F00300012800D00020E8
:10B5800070470068002809D0017E11F00C0FF8D038
:10B59000007EC0F38100012800D000207047000029
:10B5A00010B504460849FFF7D2FC08B1002010BDD1
:10B5B0002046FEF7C9FB0028F9D00021FFF749F922
:10B5C0000028F4D0012010BD010006007CB505461E
:10B5D000E7F755FB044605F114016846F4F78FFDC3
:10B5E000BDF800006946001BADF80000BDF8020080
:10B5F000001BADF80200BDF804002044ADF80400C3
:10B60000BDF806002044ADF806002846FDF7C6FC4C
:10B610007CBD10B5418C41F001014184FEF798FBDF
:10B62000418C41F002014184FEF71CFB4068002878
:10B6300003D0BDE8104003F025BF10BD2DE9F04751
:10B640009946174688468246FEF77FFA0646002549
:10B6500023E000BFDAF80800B9F1000F006850F8E5
:10B66000254005D04FF480212046FFF769FC98B9AA
:10B67000A18A002301EB0800A082E08A3A46384400
:10B68000E082218B01EB08002083608B4146384427
:10B6900060832046FFF7D2FF6D1CB542DAD3BDE8C8
:10B6A000F0872DE9FF47456816460F4604469DB3CF
:10B6B00000212846FFF791F9804600212846FFF730
:10B6C00050FA81464FF480212046FFF739FC48B1FB
:10B6D000A98A07EB0800084407B2E98A06EB0900CB
:10B6E000084410E02846FEF788FCAA8A02EB08010D
:10B6F000081A384407B22846FEF786FCEA8A02EBAD
:10B700000901081A304406B200212846FFF742F822
:10B71000391830440FB206B2A08A381A07B2E08A4C
:10B72000301A06B20FB9002E40D02046FFF7D6FEE1
:10B7300002A92046FEF78FFA4FF0000875B169465E
:10B740002846FEF726FA0022694602A8E6F7C6F95F
:10B750005FEA000802D1284600F0A2FDA08A324626
:10B760003844A082E08A39463044E082208B0023AE
:10B7700038442083608B304460832046FFF75EFFAF
:10B780008DB1224622212846F9F7A8FC2046FFF772
:10B79000A5FE0022694604F11400E6F79FF9B8F10E
:10B7A000000F07D104E02046FFF798FEBDE8FF87B1
:10B7B0000028FBD0284600F073FDF7E770B50C00B9
:10B7C000064604D5FEF7C0FAFEF7BFF9044430463A
:10B7D000FEF77FFA02463046FEF7B6FA0546002C21
:10B7E0002DDBFEF7B2F9A04229DD944227D015DA0D
:10B7F0006FF00301A24214DDA86801EB8203006828
:10B80000C35840F82230521EF4E7A86801EB8203C7
:10B810000068C35840F82230521C00E00421A242C4
:10B82000F3DBA86800222221006840F82460284643
:10B83000F9F754FC2846BDE87040FFF74FBE70BDD5
:10B840002DE9F0410D460646FEF7C9FBA0B930468A
:10B85000FEF7CCFB04463046FEF782FA00280BDAEE
:10B86000002C09DD4042844200DB044622B22B4614
:10B870000021304600F0C0FB3046FEF7A9FB00284F
:10B8800025D13046FEF7E6FA04463046FEF742FB85
:10B89000074600213046FEF73BFF01280BD0002F62
:10B8A00015DA002C13DD7842844200DB044621B215
:10B8B0002B46002206E0002C09DA002F07DD2B467C
:10B8C000002221463046BDE8F04100F095BBBDE8BE
:10B8D000F0812DE9F14F82B00298FFF761FE002858
:10B8E0007DD10298FEF730FA009000210298FFF710
:10B8F000D0FA824600210298FFF7D2FA0746009854
:10B9000068B1FEF78EF981460098FEF770F905469A
:10B91000CAF341304FF0640B012803D012E03A46DD
:10B92000514694E02AF4C040B0F5FA6F0ADCB0F555
:10B930007A7F01DDC0F57A7000FB09F090FBFBF027
:10B940000FFA80FAC7F3413001280DD127F4C04027
:10B95000B0F5FA6F08DCB0F57A7F01DDC0F57A70DA
:10B96000684390FBFBF007B2002143F20C020298FF
:10B97000FFF752F906B2002143F20D020298FFF7D9
:10B980004BF902B20298FFF792FA80460298FEF74E
:10B990009AF90446C6F3413001280ED126F4C0407E
:10B9A000B0F5FA6F09DCB0F57A7F01DDC0F57A7089
:10B9B00000FB08F090FBFBF006B2C2F34130012817
:10B9C0000FD122F4C040B0F5FA6F0ADCB0F57A7FEF
:10B9D00001DDC0F57A70604390FBFBF000E056E0BB
:10B9E00002B20AEB060006B2B81807B200210298AC
:10B9F000FEF767FE50B1012827D0801E082824D208
:10BA0000DFE800F00B13202B3318383B002100989F
:10BA1000FEF777FE012808D017E009EBD97149102D
:10BA200008EBD870A1EB600001E0A9EB08003044FE
:10BA300006B20AE005EBD570401004EBD471A0EB20
:10BA4000610000E0281B384407B23A4631460298AC
:10BA500003B0BDE8F04FFFF724BE09EBD9714910E0
:10BA600008EBD870A1EB600001E0A9EB08003044BE
:10BA700006B2E7E7A9EB080006E009EBD971491027
:10BA800008EBD870A1EB6000304406B2D2E7BDE805
:10BA9000FE8F2DE9F04F0446408C87B0410501D55B
:10BAA00080057ED42046FEF74FF95FEA000878D083
:10BAB0002046FEF7CFF90190608C002640054FF438
:10BAC000FA6B42F2D17A03D52046FFF7F0F95FE036
:10BAD00000212046FFF7BAF90546504501D101265D
:10BAE00000E00026C5F34130012805D125F4C0400F
:10BAF000584501DC012000E0002081464046FEF769
:10BB000090F8074626B12046E8F78CFC05462BE066
:10BB1000B9F1000F28D0B8F82200400518D4002150
:10BB20004046FFF793F9504512D100212046FEF719
:10BB300031FE054600212046FEF74FFF00EB0509C8
:10BB400000212046FEF7A4FF411901EB09000AE09D
:10BB500025F4C040B0F57A7F01DDC0F57A707843F6
:10BB6000642190FBF1F005B22046002141F202026F
:10BB7000FFF752F80FFA80F92046002141F2030244
:10BB8000FFF74AF802B23B4649462846F5F799FEC8
:10BB900007462046FEF72AFA00904FF00009608C15
:10BBA00000E06FE0800503D52046FEF78CF855E0F5
:10BBB00000212046FEF72AFEA0F51C510546D1398A
:10BBC00006D000208146C5F34130012802D007E0AD
:10BBD0000120F7E725F4C040584501DC012000E0D2
:10BBE000002083464046FEF702F88246B9F1000F76
:10BBF00004D02046E8F7A4FB05461BE0BBF1000F8C
:10BC000018D0B8F82200800507D400214046FEF77E
:10BC1000FDFDA0F51C51D13938D025F4C040B0F558
:10BC20007A7F01DDC0F57A7000FB0AF0642190FB99
:10BC3000F1F005B22046002141F20502FEF7ECFFCB
:10BC40000FFA80FB2046002141F20602FEF7E4FFD6
:10BC500002B2534659462846F5F7FEFD054656EA18
:10BC6000090605D0DDE900210023204600F0C1FAD5
:10BC70002046FFF71CF9B8421BD12046FEF723F8F7
:10BC8000A84216D1002007B0BDE8F08F0021204661
:10BC9000FEF780FD054600212046FEF762FF00EB1F
:10BCA000050B00212046FEF721FE411901EB0B0098
:10BCB000BFE72046FFF712FC02A92046FDF7CBFFA5
:10BCC00004A94046FDF765FF002204A902A8E5F794
:10BCD00005FF060002D1404600F0E2FAE08A6D1E40
:10BCE0002844608300212046FEF70BFD01281CD06C
:10BCF000A08A7F1E3844208302AA29212046F9F712
:10BD0000EDF9224622214046F9F7E8F92046FFF7EF
:10BD1000E5FB00212046FFF793FD002204A904F172
:10BD20001400E5F7DBFE36B904E0208BC01B401C95
:10BD3000A082E1E710B1404600F0B2FA0120A2E78C
:10BD400038B50446E6F79BFF05460020ADF8000035
:10BD50006A4613212046F9F7C1F9BDF90000A8424F
:10BD600002D02046FFF7BAFBA06818B1BDF800105A
:10BD7000C18209E0BDF8000030B12046FDF7F0F8BF
:10BD8000A168BDF80000C882BDF90000A84202D039
:10BD90002046FFF7A3FB38BD70B505460021FFF72D
:10BDA00055F8044600212846FEF730FD42F2D171D5
:10BDB0008C4203D0884201D0002070BD2846FFF796
:10BDC00028FC012070BD00002DE9F04706462C48F4
:10BDD00014460D46007800284FD03046FFF77EFB12
:10BDE00005F47F05E0044FF470294FF6FF771ED568
:10BDF0004D4514D09DB13046002141F20402FEF7BA
:10BE00000BFF00B242F2D178404508D03046002105
:10BE100041F20102FEF700FF00B2404514D10022BA
:10BE20002A213046F9F75AF93046FFF7F2FB4D4523
:10BE300000D04DB9BC4201D0A00405D53046FDF775
:10BE400083FF08B1FFF7E5FBBC4201D0200502D516
:10BE50003046FFF775FF3046FFF740FBBC4204D089
:10BE600060050AD514F4C05F07D0B5F5803F04D053
:10BE70003046BDE8F04704F0B6BEBDE8F0870000EC
:10BE800040000020F0B4448C00230425C4F3C50412
:10BE90000BE000BFC66805EBC307F659F70103D5F1
:10BEA00026F07F46964202D05B1C9C42F2D89C4210
:10BEB00002D1F0BC00207047C06850F83300F0BCDD
:10BEC00001F0ACBF2DE9F05F4FF6FF7A0F00054699
:10BED0001FFA82F802F47F09564602D0F87900B9B9
:10BEE00000260024214659E0EA68042000EBC40B38
:10BEF000964652F80B00C0F307424FEA024C5246F6
:10BF000083B2904501D0434509D1B9F5702F01D0D6
:10BF1000CC4504D12FB15EF83430BB4201D0641C53
:10BF20003CE0800104D500234946284607F086FE00
:10BF3000E86850F80B10CA0101D489010CD550F8FB
:10BF4000340001F0CEFFE86850F83400FCF77CF9CB
:10BF5000E968002041F83400204608220AE0E96838
:10BF600002EBC00C01EBC0036144401CD1E900C1ED
:10BF7000C3E900C1698CC1F3C501491E8142EED8F5
:10BF8000688CC108491E61F3C8006884C0F3C5000D
:10BF9000C100E868FCF79CF90121E860688CC0F3F7
:10BFA000C500A042A0D8002908D0002E06D03246F5
:10BFB00049462846BDE8F05FFFF706BFBDE8F09FA1
:10BFC00070B506460B480078002812D000200CE01F
:10BFD000002506E0E06850F82510304604F0DFFE4A
:10BFE0006D1C606AA842F5D82046F6F7A3FA040053
:10BFF000EED170BD400000202DE9F0411646074605
:10C0000090B00D4651EA060076D0012B19D03C497C
:10C010003846F3F751FB04463A493846F3F74CFBF0
:10C02000804632462946384605F038F854EA080476
:10C0300062D010B03846BDE8F04100220A21F9F77D
:10C040004DB83846FDF70EFE80466846F3F778FB9C
:10C050002D484FF4C874009703902DB34046F6F76F
:10C0600043FA40102A460021F3F7D1FBC82801D239
:10C07000C82002E0A04200D920460A903846FDF7C9
:10C08000BCFF4142281ACDE908101E4801901F4804
:10C09000079106906A4609213846F9F71FF80128EA
:10C0A0002AD16846F3F7C0FB002E25D04046F6F7AC
:10C0B00061FA401032460021F3F7A9FBC82801D2EB
:10C0C000C82002E0A04200D920460A903846FDF779
:10C0D0009BFF4142301ACDE90810094801900B48F6
:10C0E000079106906A4609213846F8F7F7FF0128BC
:10C0F00002D16846F3F798FB10B0BDE8F08100006C
:10C100006111020849110208F70D0208A7F700089B
:10C110002DE9F0471546824699460C4651EA05003E
:10C1200065D0504600F0B8FB5046FDF766FF404230
:10C130000FFA80F808EB040004B200215046FEF725
:10C14000E7FA012813D0002C13DC25DA5046FDF75E
:10C1500081FE06465046FDF7DDFE304400B2002861
:10C1600000DA00204042844216DA04B214E0002CC7
:10C1700002DA4FF000040FE00EDD5046FDF76AFED4
:10C1800006465046FDF7C6FE304400B2002800DAED
:10C190000020844200DD04465046FDF735FF404252
:10C1A00006B2701905B2002D02DD4FF0000510E057
:10C1B0000FDA5046FDF71AFF07465046FDF7D0FD4F
:10C1C000384400B2002800DA00204042854200DAFC
:10C1D00005B2A4EB080001B2A81B02B251EA0200AA
:10C1E00005D04B465046BDE8F047FFF705BFBDE818
:10C1F000F08770B516461D4604461A4600F024F82E
:10C200002A4631462046BDE8704000F033B8F8B504
:10C210000E46044600F040FB002000902046FDF74B
:10C2200093FD054604F114070AE033466A462146A9
:10C23000384604F0EDFD2C462046FDF785FD054609
:10C24000002DF2D1F8BD000070B50D46144606462B
:10C250000749F3F731FA3046FDF7CFFE401B01B234
:10C2600023463046BDE870400022FFF751BF000072
:10C270004911020870B50D46144606460749F3F702
:10C280001BFA3046FDF7C0FE401B02B22346304683
:10C29000BDE870400021FFF73BBF000061110208BC
:10C2A0001FB5044602AA6946FDF7B6FE6846F3F7D5
:10C2B00092FF20B902A8F3F78EFF002810D068463D
:10C2C000F3F789FF18B169462046FFF73BF902A84A
:10C2D000F3F781FF002803D002A92046FFF732F9C7
:10C2E0001FBD70B50D460446FCF73AFEA068858276
:10C2F00070BD000070B516461D460446002200F0D1
:10C3000047FA00223146204600F02AFA0022294648
:10C31000204600F045FA04480022808981B2204678
:10C32000BDE8704000F04ABA6000002010B5044635
:10C33000002200F01DFA04480022808981B22046C4
:10C34000BDE8104000F03ABA6000002010B5044685
:10C35000002200F015FA2046FDF7F6FCBDE810407B
:10C36000FFF757B938B50C46054600236A4641F237
:10C370000401FDF7C9FC012807D0002804D10022E0
:10C380002146284600F014FA38BD0098A042F6D1A4
:10C3900038BD10B5044689B2002200F00FFA2046DD
:10C3A000BDE81040FFF735B92DE9F0410C461546C0
:10C3B0001F4606461946F1F715F92A46214601F0AF
:10C3C0008DFE224639463046BDE8F041FFF7FCBC01
:10C3D00070B5064640680C46002867D0002C65D032
:10C3E0003046FFF77BF82046FCF7BAFD304675680B
:10C3F000FDF76FFC0146042207E0A86802EB810309
:10C400000068C35840F82130491C2846FDF79DFBC1
:10C41000801E8842F1DAA9684868401E4860A96811
:10C4200005D0820008681146FBF752FF03E0086858
:10C43000FBF70AFF0020A9680860A1684868401C53
:10C440004860A26881001068FBF742FFA16808609D
:10C450002046FDF77AFB6FF0030101EB8000A16835
:10C4600009680E50002128467460FFF7E9F9284654
:10C47000FFF716FF324622212846F8F72FFE00224A
:10C4800024212846F8F72AFE324622212046F8F7D2
:10C4900025FE002223212046F8F720FE3046FFF734
:10C4A000B8F83046BDE87040FFF718B870BD70B5F9
:10C4B0001546044600F0BDF929462046BDE8704007
:10C4C00000F0CEB970B50C460546FCF749FDA868EA
:10C4D000417E01F00F01A14200D0447670BD70B5DD
:10C4E0000C460546FCF73CFDA868017E64F3830119
:10C4F000017670BD70B50C460546FCF731FDA868A5
:10C50000017E64F30511017670BD70B50C460546D9
:10C51000FCF726FDA868017E01F00302A24207D0C5
:10C5200064F3010101762846BDE87040FEF7D6BFEE
:10C5300070BD70B51546044600F064F929462046E2
:10C54000BDE87040FFF70EBF2DE9F34F87B081467D
:10C55000008C089988427DD00390A9F820104846A5
:10C56000089A0399E6F732FC5FEA000872D04FF4AC
:10C5700020742046FBF70AFE21460290FBF7AEFF2F
:10C580000025284693E000BFD9F80C10042201EBE7
:10C59000CA0002EBCA040490085920F07F4000F062
:10C5A00079F90090D9F80C00005920F07F4000F094
:10C5B0006EF9069008990098884376D104984068EF
:10C5C000800172D4049867220068838819040AD510
:10C5D000006804E0914201D144681DE00830018800
:10C5E0000029F7D161E0C179A9B301290FD9046805
:10C5F000002004EB810307E033F81060964202D17B
:10C6000004EB800007E0401C8142F5D84DE0C3F305
:10C610000E01672949D10468002740E0002620E088
:10C62000029806EB860100EB81010591D1F804B078
:10C63000584600F02FF90190584600F028F921687B
:10C6400031F81720059909898A4209D1069988424B
:10C6500006D101E06FE028E0DDE90001814202D26D
:10C66000761CAE42DCD3AE4218D1029A05EB8500AF
:10C67000A18922F82010029A218A02EB80006D1C09
:10C680004180A168C160216831F81710018161689B
:10C6900001610499496821F07F4141607F1C206855
:10C6A00030F8170008B1202DB8D30AF101008246F6
:10C6B000B9F82200C0F3C501514502D9202DFFF47D
:10C6C00063AF002410E000BF029804EB840100EB8C
:10C6D0008106706800F0DBF8014600964846089B2A
:10C6E000039AE6F7D3FA641CAC42EDD30298FBF749
:10C6F00099FDB8F1010F0ED0B8F1030F11D0B8F1C8
:10C70000020F18D14846FEF7E9FE09B04846BDE8D9
:10C71000F04FFFF715BB09B04846BDE8F04FFEF7F4
:10C72000DDBE09B04846BDE8F04F4FF6FF724FF44A
:10C730007021FFF749BB09B0BDE8F08F13460A46E8
:10C7400041F20901FFF730BE13460A4641F26A4141
:10C75000FFF72ABE13460A4640F62801FFF724BE1B
:10C7600013460A4601498988FFF71EBE6000002073
:10C7700013460A4601490988FFF716BE60000020EB
:10C7800013460A4601490989FFF70EBE60000020E2
:10C7900013460A4601494988FFF706BE600000209B
:10C7A00013460A460149C988FFF7FEBD6000002014
:10C7B00013460A4641F20401FFF7F6BD13460A4646
:10C7C00041F26901FFF7F0BD13460A4641F202014A
:10C7D000FFF7EABD13460A4641F25D41FFF7E4BDAB
:10C7E00013460A4641F20101FFF7DEBD13460A4631
:10C7F00041F20701FFF7D8BD13460A4641F208018E
:10C80000FFF7D2BD38B50C46054600236A4641F213
:10C810000101FDF779FA012807D0002804D1002290
:10C8200021462846FFF7DCFF38BD0098A042F6D12C
:10C8300038BD38B50C46054600236A4641F207016B
:10C84000FDF762FA012807D0002804D10022214612
:10C850002846FFF7CBFF38BD0098A042F6D138BD7F
:10C8600038B50C46054600236A4641F20801FDF73B
:10C870004BFA012807D0002804D10022214628467F
:10C88000FFF7BAFF38BD0098A042F6D138BD00F4DA
:10C890007F00704780B2704770B50B4D2978002932
:10C8A00011D101212970FDF753FA044606E000BFBB
:10C8B00020F0020060842046F2F7F4FC608C8107CF
:10C8C000F6D40020287070BD3800002008B5132869
:10C8D00002D209B1042905D9F5F74FF80090BDF847
:10C8E000000008BD044A491EC9B202EBC00000EBBB
:10C8F0004100008808BD00005C7E020808B51328CE
:10C9000002D209B1052905D9F5F737F80090BDF82D
:10C91000000008BD054A491E00EB8000C9B202EBC9
:10C92000400000EB4100008808BD00009E7D020829
:10C9300008B5132805D3F5F720F80090BDF80000DE
:10C9400008BD024901EB4000008808BD787D02085F
:10C95000002801DAC0F57A7040F4005000B2704748
:10C9600010B5B0F90420B0F900304088D21A02EBBB
:10C97000D27252100C88134449881044E31A081AE2
:10C9800012FB02F113FB03F210FB0020884201D8D6
:10C99000012010BD002010BD10B5E4F797FEE4F7AC
:10C9A0003DFD0120E4F750FE0C494FF416530022E0
:10C9B000A1F11C00F5F7A6FC0948F5F7B3FC0848FF
:10C9C000F02101804FF4A071418006494161034983
:10C9D0001C39C160BDE81040F5F7CEBC78020020DC
:10C9E000784D00207952000810B5E3F75FFE064845
:10C9F000F9F74AFF04480121017004494160F9F741
:10CA000057FF0349486010BDC44D0020D1390208CA
:10CA10001000002070B50C460123002110E0D5075E
:10CA200006D01D46A5FB003601FB006105FB041185
:10CA3000A0FB005604FB006600FB0464521028466D
:10CA4000002AECD1184670BD2DE9F04F544E054632
:10CA500089B0706801688C6BC96889682160016859
:10CA600009698A0701D4C90723D0F5F783FD401E61
:10CA700007B27068F5F738FD401E03B20022114678
:10CA800001A80097F3F7EDFB01A9616070680068E9
:10CA9000027CC068920705D5826942F00202826179
:10CAA000A16076E08169826961F341028261A560DB
:10CAB0006FE0A9882A88891A491C0FFA81F9E98848
:10CAC0006A88891A491C0FFA81F8F5F753FD014667
:10CAD000B5F90600814203DC7068F5F74BFD401E96
:10CAE00007B242464946B2467068F0F7E3FD814618
:10CAF0000026B5F902000DF10C0B28E02A88ADF8EC
:10CB00000C20AA88ADF81020ADF80E00ADF8121078
:10CB1000C4F804B0C4F808B0DAF804000168C968C1
:10CB200089682160BDF91210B94201DDADF81270BB
:10CB3000BDF91260B74205D10068C068816941F053
:10CB400002018161204600F02DF80FFA88F000EB19
:10CB50000908A8F10101B942D0DDB7421CD02988EB
:10CB6000ADF80C10A988ADF81010ADF80E00ADF8B6
:10CB70001270C4F804B0C4F808B0DAF80400016810
:10CB8000C968896821600068C068816941F0020154
:10CB90008161204600F006F809B0BDE8F08F000082
:10CBA00044000020F0B54E4C06468FB06068F5F7A3
:10CBB00097FC0546006850B1686828B107E06068D6
:10CBC0000068816A01B1884728690028F7D10025EB
:10CBD0006068F5F7B9FC0146706800F0CDF80746CB
:10CBE0006068416919B1706800F0C6F8054657EAF7
:10CBF00005004BD1B06AB0B16846F6F72BFF60680C
:10CC0000C16A049190F829108DF81A10418DADF881
:10CC1000041090F829008DF80300B36A6946304685
:10CC20007268984732E06068C06AF8B109A9F9F7FC
:10CC30007DFB01282AD109980022410D491EC0F32D
:10CC40008A230091114607A85B1EF3F70AFB01A88F
:10CC5000F5F7D6FE606807AA90F829108DF80F1036
:10CC6000C36A01A93046F5F7A3FE0FE06846F6F760
:10CC7000F1FE6068418DADF8041090F829008DF840
:10CC80000300694630467268F6F7D0FE6068406976
:10CC900028B105B905462946304600F071F90FB9AB
:10CCA000606807693046394600F06AF96068F5F750
:10CCB00039FC0146304600F063F96068F5F72AFC5C
:10CCC0000146304600F05CF960680168097C89071C
:10CCD00004D40FB0BDE8F040E9F780BA0FB0F0BD62
:10CCE0004400002070B5234D002028606868B0F82B
:10CCF0005041002C3DD0002603E0011991F830117D
:10CD000079B1641EF9D50168C9688A6922F0010207
:10CD10008A610068C068816921F002018161002494
:10CD200022E02646EFE7011991F83011D9B9B44253
:10CD300005D10168C9688A6942F001028A61016807
:10CD4000C9688A6922F002028A6100EBC4003030AF
:10CD5000FFF77AFE686800EBC4003030F3F73BFA67
:10CD6000296808442860641C6868B0F85011A14222
:10CD7000D9DC70BD440000202DE9FC410D460024A3
:10CD8000804622461431E4F7A9FE58B30121284613
:10CD9000FEF7D6F830BB00208DF800006A4612215D
:10CDA0002846CDF80480F8F799F99DF8000002288C
:10CDB00005D02846FCF7C9FE074600260CE00020F7
:10CDC000BDE8FC81A868006850F826104046FFF7CF
:10CDD000D3FF040006D1761CBE42F3D39DF80000B9
:10CDE00000B92C462046EBE72DE9FC410025DFF891
:10CDF000B4804FE0294491F83011E9BB002441E0B0
:10CE0000011991F83011C1BBA5423AD000EBC40121
:10CE100000EBC50030303031E4F7B4FE68B3706821
:10CE2000B04600EBC40200EBC50168463031303239
:10CE3000E4F7A7FF6846F3F7CEF90646D8F80400F2
:10CE400000EBC5003030F3F7C6F90746D8F8040008
:10CE500000EBC4003030F3F7BEF93844864210D2FC
:10CE6000D8F80400464600EBC50069463030F3F7B9
:10CE70004FF90120716801E00BE002E0214481F8E4
:10CE80003001641CD8F804004646B0F85011A142A5
:10CE9000B6D86D1CD8F80410B1F85021AA42A9D810
:10CEA000BDE8FC81440000202DE9F043884604469B
:10CEB00087B001214046FEF743F800285DD102A962
:10CEC0004046A668FCF7C7FE4046E5F7D8FE014697
:10CED000024602A8F3F7ABF902AA314604A8E4F728
:10CEE000D5FD002849D00DF11009224614214046F5
:10CEF000C4F80890F8F7F2F8224615214046F8F7F2
:10CF0000EDF8224616214046F8F7E8F84FF40021E4
:10CF10004046FEF715F820B1306800907068019027
:10CF200006E008F1140231466846E4F7AFFD90B11F
:10CF3000C4F808D04046FCF708FE0746002508E084
:10CF4000D8F80800006850F825102046FFF7ACFF1D
:10CF50006D1CBD42F4D3224617214046C4F8089008
:10CF6000F8F7BCF8224618214046F8F7B7F82246F1
:10CF700019214046F8F7B2F8A66007B0BDE8F08383
:10CF80002DE9F0470C00814605D11B484068F5F7B4
:10CF9000DBFA04002AD021464846FFF785FF1FE050
:10CFA0000027FCF7D2FD0646002508E0A0680068CF
:10CFB00050F82510E7B14846FFF776FF6D1CB542E3
:10CFC000F4D34A4617212046F8F788F84A46182134
:10CFD0002046F8F783F84A4619212046F8F77EF8EC
:10CFE000A0464046FCF7B0FE0400D9D1BDE8F0876A
:10CFF0004145E3D10127E1E74400002010B591F855
:10D000002A000C4620F0010081F82A0000208884C4
:10D01000C884088510212046FCF75CF94FF40071A4
:10D020002046FCF757F921460548FCF7ABF8FCF71A
:10D0300017F92046BDE81040002202A100F00AB90D
:10D04000E08002084F7074696F6E20310A4F70746F
:10D05000696F6E20320A4F7074696F6E20330A4F09
:10D060007074696F6E20340A4F7074696F6E20356A
:10D0700000000000F8B50E465648FCF73EFD0128BA
:10D080002ED13046F7F7E7FF05463046F8F721F88E
:10D0900004462C2D1CD02A2D23D0292D2DD0012D36
:10D0A0002DD0022D37D0082D50D0032D4ED00E2D6F
:10D0B00050D00F2D5DD00D2D66D0132D7CD0152DA9
:10D0C00001D0182D0CD13046BDE8F840EBF7B1BCCB
:10D0D0003046F7F7FCFF05462046F0F749FD28806B
:10D0E000F8BDF0F77BFA18B100222A21F7F7F6FF16
:10D0F0002046FEF751FE002141E0002140E0A06AF9
:10D1000020F400312046A162F0F768FABDE8F8404B
:10D110003149F2F7D1BAF9F7EFFB6946F9F732FC7A
:10D12000BDF802000028DBD02046F0F757FA05468C
:10D13000FDF7DFFEBDF80210084401B22846FFF7F4
:10D140008FFBA06A40F40030A062F8BDBDE8F84053
:10D1500003F068BDFCF7B2FDF8F7E2FB0546F9F70E
:10D16000CBFBF9F70AFC042800D115B1E08C20852F
:10D17000F8BDE18C208D8142FAD0E0840121204667
:10D18000BDE8F84003F048BC3046F7F7A0FF007850
:10D19000132812D0122810D0142801D01128E7D15A
:10D1A000E08C0028E4D0258D401E81B2012220466B
:10D1B00000F0BBF82585F8BD06E0E08CA18C401C92
:10D1C0008842F8D2258DF0E7F0F708FABDE8F8407C
:10D1D000FEF7B6BDC48002088D12020870B50E4677
:10D1E0000846F7F738FF0446152805D03146184899
:10D1F000FCF783FC012823D13046F7F76AFF054688
:10D20000132C08D0292C1CD0152C19D13046BDE880
:10D210007040EAF7C1BA3046F7F759FF044628468E
:10D22000FCF792FDF0F7A4FC06462846FDF73FFE0A
:10D230000246B4F90000B11A884200DC084620809A
:10D2400070BDFCF781FDBDE87040002103F0E4BB38
:10D25000E08002082DE9F84F15465FEA010904460F
:10D260000DD02046F0F7BAF94FF0000B0090A4F86B
:10D2700026B0A4F828B0A4F824B0584606E0FEE78B
:10D280000A2902D1A18C491CA184401C19F8001064
:10D290000029F5D1A08C401CA08494F82A00DDB3AD
:10D2A00040F0010184F82A104846E3F798F8471C3B
:10D2B000C7EBC7008246FAF769FF06460025A0F1D2
:10D2C000010800BF07FB05604946E3F764F86D1CE1
:10D2D00007FB05F10A20EDB201F80800072DF1D394
:10D2E0000AEB060101F801BC31460098FAF79EFCF2
:10D2F0003046FAF797FFA08C00EB4001E184C0EBC9
:10D30000C000A0842046F1F751FBE08C20850098F6
:10D31000BDE8F84FFEF714BD20F0010084F82A00A4
:10D3200049460098FAF782FCEFE730B490F82A30CB
:10D33000DB070BD0C38C0724B3FBF4F313B1A3EBCF
:10D34000C3042144C3EBC303194489B2838C8B42C9
:10D3500000D8591EC184018530BC114603F05CBB66
:10D3600070B50020086791F874000C4620F00300A7
:10D3700081F874004FF440712046FBF7ABFF102199
:10D380002046FBF7A7FF0020F5F79CF8502505EB9A
:10D39000C000B0F5A07F08DB0020F5F793F805EB9F
:10D3A000C000A02190FBF1F000E0012001B2204676
:10D3B000BDE87040FEF795BF2DE9F34F83B0FE48FE
:10D3C0000499FCF79AFB012852D10498F7F743FE21
:10D3D00005460498F7F77DFE044600F047FA064636
:10D3E000112D17D0012D46D0022D78D0082D77D0E1
:10D3F000032DFCD00E2D74D0292D73D0132D72D097
:10D400000D2D71D0152D33D1049805B0BDE8F04F26
:10D41000EAF7FEB80498F7F75AFE0546A06810B17F
:10D42000B0F9147000E0002704F168016846F2F7D3
:10D43000AEFE3A4611466846F2F7F9FE002268460B
:10D440002968E4F70BFC2871002811D1022E0FD1B6
:10D4500004F160016846F2F79AFE3A4611466846C2
:10D46000F2F7E5FE002268462968E4F7F7FB287129
:10D4700005B0BDE8F08F2046FEF730F894F8740050
:10D4800040F0010184F874109EB1012E11D0022EDB
:10D49000EED1F9F731FA6946F9F744FA2046FDF77B
:10D4A00006FD05462046FCF70EFC854204DB0125FF
:10D4B00003E004F124003BE0002500212046FDF7B5
:10D4C00043F9A5B30128BDF900000ED0B4F96C10E2
:10D4D0008842EEDCB4F96010884241DB0DE062E086
:10D4E000D6E008E115E11AE189E1B4F96810884253
:10D4F000DFDBB4F96410884232DCB4F96410B4F9AB
:10D500006000091A01EBD17100EB6102BDF9000066
:10D51000111A002900DC811A0BB2B4F96C20B4F99D
:10D520006810521A02EBD27201EB62022EE00DE09B
:10D5300020679DE708B298422DDA04F1240044F8F0
:10D54000700F207920F00200207191E7BDF90200F0
:10D55000B4F96A209042ACDBB4F96610884202DD6F
:10D5600004F13000E4E7B4F96230C91A01EBD1717B
:10D5700003EB6103191A002900DCC11A0BB2B4F9DC
:10D580006E10891A01EBD17102EB6102111A0029A8
:10D59000D0DC811ACEE704F1300044F8700F207916
:10D5A00040F00200D0E7206F0028C2D0F9F7A4F9BC
:10D5B0000546F9F7E2F90128BBD169462846F9F793
:10D5C000B1F900212046FDF7BFF882462046FDF75D
:10D5D0006EFC06462046FCF776FB054600212046F9
:10D5E000FDF733FA804600212046FDF789FA074609
:10D5F00000212046FDF7F4FA814600212046FDF780
:10D60000ADF90246D4E90A010B1AAE421FDBA6EBC4
:10D610000802D21B15B2BAF1010F11D0B4F914707F
:10D62000BDF9006007EB0802B21A5A4392FBF5F20B
:10D63000236F04F130050244AB4214D1616A13E058
:10D64000B4F91820BDF90060D21B921BEDE7AE1AA9
:10D65000A6EB0905B4F91A70BDF902603A44B21A92
:10D660002DB25242E1E7206B824201DA024602E02B
:10D670008A4200DD0A461868904296D020461A6019
:10D68000FDF72CFF00221C212046F7F727FDEFE6CF
:10D6900094F8740020F0010184F8741000212046F1
:10D6A0002167FDF71BFF2046FCF708FB0546F8F74E
:10D6B00037F90646F9F720F9F9F75FF90428E6D1BA
:10D6C000002EE4D0204600F0D1F802280CD194F8C6
:10D6D0007400810704D440F0020084F87400C7E6A7
:10D6E00020F0020084F8740005B02846BDE8F04F31
:10D6F0000021F8F790B9F9F7FFF8F9F73EF9042897
:10D7000001D00228C3D114F8740F20F00200207059
:10D71000AEE605B02046BDE8F04FFEF711BB4FF472
:10D72000403739462046FDF790F981463946204674
:10D73000FDF7E6F9804639462046FDF751FA0646E0
:10D7400039462046FDF70AF90546204643F60E0203
:10D750003946FDF761FA00B2009039462046FDF7E0
:10D7600067FB824639462046FDF754FB8346204638
:10D77000FDF79DFB00EB4A072046FCF7A4FA00EBFF
:10D780004B008742204604DAFDF791FB00EB4A008C
:10D7900003E0FCF798FA00EB4B000099401010FBF7
:10D7A00001F040F30F2049464246C14500DC1146D6
:10D7B000B54203DD2A4602E0FC800208324691426F
:10D7C00007DD49464246C14501DD0D4604E01546E8
:10D7D00002E0B54200DC354605444FF440312046B6
:10D7E000AD1CFBF747FC284404B20498F7F76FFC24
:10D7F000B0F90010A14200DD0C46048038E6049820
:10D80000F7F765FC0078132812D0112810D01428DF
:10D8100001D01228F2D194F874008007204616D463
:10D82000F2F744FE411E01222046F2F772FE15E097
:10D8300094F874008007204604D4F2F737FE0122E2
:10D84000411CF1E7F2F723FE0122411C03E0F2F74D
:10D850001EFE411E01222046F2F736FE05B020468C
:10D86000BDE8F04F00221C21F7F738BC10B5F2F7E5
:10D8700009FE012802D0022800D0002010BD0000BF
:10D880000FB40A4608B505A9009101460348049B58
:10D89000E5F728FE01B05DF814FB0000D93400085C
:10D8A00010B500200866B1F870000C4620F0FF00AB
:10D8B000401DA1F870000120C8660E48486640422D
:10D8C0008866B1F87000012120F4E06000F5806006
:10D8D000A4F87000204601F03DFB0121204601F034
:10D8E000C3FA82212046FEF78DFF2046BDE8104096
:10D8F00000F010B99F860100C26E016E8B1A826E15
:10D90000934209DB002B03D5002901DD4A42026660
:10D91000026EC16E521A06E0B0F87030DB0502D517
:10D92000914200D1426E026600F0F4B870B50E4626
:10D930005848FCF7E2F801287ED13046F7F78BFB18
:10D9400005463046F7F7C5FB0446082D17D00D2DC8
:10D9500072D1F8F7D1FFF9F710F805463046F7F71E
:10D96000B6FB0168132968D0142967D011297FD02C
:10D97000122970D02046BDE8704000F0A5BFF8F72E
:10D98000BBFFF8F7FAFF042820460CD001F063FA39
:10D990000546E2F724FD216C6A5C2E2A31D08142D3
:10D9A00033D1411E36E0FCF789F9F7F7B9FF0028BB
:10D9B0005BD0B4F8700000F00F02012A55D9C0F313
:10D9C000412002280DD00A200021521EFFF722F824
:10D9D000E36EDA17181A8A4151DB0A212046E16604
:10D9E00003E0E06E012804DD2046BDE8704000F051
:10D9F0006DB80A200021921EFFF70CF8E066204661
:10DA00003EE0204601F003F907E031B9A06E00289E
:10DA100003DA0121204601F02DFAB4F87010236CCE
:10DA200001F00F02C1F30315521E98B2AB4209D99F
:10DA300011F0F00F06D003E017E017E01DE017E04B
:10DA4000401E80B2111AA06E002800DA491C012085
:10DA5000E066002007E017E0E26E02EB820252006F
:10DA6000401C80B2E2668842F6D370BD042DBBD163
:10DA70002046BDE8704000F00FB8042D04D02046C9
:10DA8000BDE8704000F02EB82046BDE87040FFF7BA
:10DA900033BF00008C470208C26E016E8B18426EC5
:10DAA000934209DC002B03DD002901DA4A420266B9
:10DAB000026EC16E0A4406E0B0F87030DB0502D594
:10DAC000914200D1826E026600F024B8C16E0A2233
:10DAD00091FBF2F1002901DDC16601E00122C2667D
:10DAE00000F018B8D0E91921002901DA4B4200E012
:10DAF0000B469A4201DD114602E0002900DA494254
:10DB0000C26E02EB820252008A4200DCC26600F062
:10DB100001B800002DE9F0418EB00546122108A899
:10DB2000FAF7DCFCA86E002708AC002809DA286E9A
:10DB3000002801DB2B2000E02D208DF82000641C44
:10DB400000E001272B6E002B00DC5B4236A20E2189
:10DB500002A8FFF795FE02A8E2F741FC95F87010C5
:10DB60000DF1080801F00F010E1A002E12DD4046DB
:10DB7000E2F735FC81B2424601EB060C535C02F839
:10DB80000C30491EF8D50020302101E01154401C12
:10DB9000B042FBDBB5F8700010F0F00F04D0C0F31A
:10DBA00003160020414606E000F00F06F9E700BF2B
:10DBB00004F8012B401CB04202DA0A5C002AF7D1BB
:10DBC00095F8702012F0F00F10D02E2204F8012BDF
:10DBD00003E000BF04F8012B401C95F8702002F010
:10DBE0000F02824202DD0A5C002AF3D108A928460E
:10DBF00001F0F0F995F870000A2200F00F00E96ECC
:10DC000004E000BF91FBF2F1401EC0B20A29F9DA2C
:10DC1000B04201DD401CC0B2C01BC1B2284601F0B9
:10DC200029F90EB0BDE8F0812564000030B50C463E
:10DC300091B002212046FBF74DFB6846F1F780FDCD
:10DC40001548CDE900404FF6FF70ADF83C00134891
:10DC500001680A914268079202F5B470CDE9082084
:10DC60006846F1F7E1FD0E48069000204FF4B475C8
:10DC7000CDE9080507900B4801906846F1F7D4FDFF
:10DC80002A4600212046F2F730F94FF487712046EA
:10DC9000F2F7DCF911B030BD913D00084C010020D5
:10DCA00075F70008973D0008F0B584884FF001062D
:10DCB00023040BD5006804E08B4201D1406815E0D5
:10DCC00008300388002BF7D10020F0BDC379002B6A
:10DCD000FAD0012B11D90468002004EB830509E078
:10DCE00035F810708F4204D154F82000106030468F
:10DCF000F0BD401C8342F3D8E6E7C4F30E038B4229
:10DD0000E2D1006810600120F0BD0821FAF7E6BBFF
:10DD1000C07908B100207047012070471CB500226F
:10DD2000FF214E2866D01EDC332865D00EDC292862
:10DD300060D006DC20284BD022284DD0252841D1A8
:10DD400058E0302848D031283CD153E0462851D003
:10DD500004DC3B2840D0442834D13DE047283BD068
:10DD60004D282FD138E040F63C04A0F63C03A042F9
:10DD700040D010DC40F25744A0F25743A0422BD0D1
:10DD800004DC522828D053281CD133E0012B31D099
:10DD90000B2B17D12EE040F2CA74A3F2CA70A34233
:10DDA0002FD006DC092B25D0A3F5E063C73B09D1B2
:10DDB00027E0A0F58060533821D0A0F2B530B0F54F
:10DDC000005F02D0009200981CBD4FF4807014E0F8
:10DDD000FF221146104602E0002211461046F3F7DA
:10DDE00031FF0190BDF804000190BDF80400ADF8CA
:10DDF0000000E8E70091E6E70F200090E3E7024823
:10DE0000FBE741F6FF70F8E75C7D020802490888ED
:10DE1000401C80B208807047B00100202DE9F0411D
:10DE2000828804460F46100459D4E079002851D066
:10DE3000012804D02668002106EB80054DE0C2F3DE
:10DE40000E0088424BD1D00BC003A0800020E071AF
:10DE50003FE000BF35F81130BB423DD1022811D060
:10DE6000401E00EB40004000FAF764F9010036D094
:10DE70002160E079401EC0B2E07101EB8003002018
:10DE800002461FE00120E071002907D0B5F800002C
:10DE900060F30E02A28003D1706802E06888F7E7A1
:10DEA0003068206012E000BF35F810C0BC4508D0D3
:10DEB00056F820E041F822E035F810C023F812C0EF
:10DEC000521C401C94F807C08445EDD23046FAF746
:10DED000BBF90120BDE8F081491C8842BAD8002076
:10DEE000F8E710B50446808800040BD4E0790128D7
:10DEF00002D92068FAF7A8F92046BDE810400821A9
:10DF0000FAF7ECBA10BD0A46652100F0E7B803B491
:10DF100082B0BDF80C10ADF80010009A522104B088
:10DF200000F0DCB80A46512100F0D8B80A464FF498
:10DF3000056100F0D3B803B482B0BDF80C10ADF8A1
:10DF40000010009A202104B000F0C8B803B482B0D9
:10DF5000BDF80C10ADF80010009A222104B000F0BA
:10DF6000BDB80A4640F6280100F0B8B80A4621219B
:10DF700000F0B4B803B482B0BDF80C10ADF80010D6
:10DF8000009A302104B000F0A9B80A46312100F00F
:10DF9000A5B80A46342100F0A1B80A46332100F0A2
:10DFA0009DB80A4641F2320100F098B80A46612154
:10DFB00000F094B80A46632100F090B80A46642144
:10DFC00000F08CB80A4641F2040100F087B803B4AF
:10DFD00082B0BDF80C10ADF80010009A4D2104B0CD
:10DFE00000F07CB80A4640F6490100F077B80A46CE
:10DFF00041F2060100F072B80A4641F2030100F056
:10E000006DB803B482B0BDF80C10ADF80010009AE2
:10E010003B2104B000F062B80A4640F63C0100F033
:10E020005DB80A4640F63D0100F058B80A4640F691
:10E030003A0100F053B870B50C46054600F02EF8D2
:10E040002146284600F02FF82146284600F035F8F2
:10E0500021462846BDE87040AFF300800A4641F6ED
:10E06000110100F03BB80A4641F6150100F036B840
:10E0700070B50C46054600F01BF821462846BDE861
:10E080007040FFF7F0BF70B50C46054600F006F88B
:10E0900021462846BDE8704000F005B80A4641F622
:10E0A000120100F01BB80A4641F6130100F016B841
:10E0B0000A4641F6140100F011B80A4641F6100173
:10E0C00000F00CB870B50C460546FFF7F6FF214688
:10E0D0002846BDE87040FFF7C1BF00002DE9F041C0
:10E0E000044680880E46010410D4E17901271546C4
:10E0F000012935D92268084602EB810308E000BFF8
:10E1000033F810C0B44503D142F82050BDE8F08187
:10E11000401EF5D5491C01EB410041001046FAF7BD
:10E12000D7F80100F2D02160E07901EB800205E030
:10E1300002EB400C32F81030ACF80430401EF7D53A
:10E14000E079401CC2B201EB820000EB4200E271B8
:10E1500020F8026CE07901EB800040F8045C20E0DC
:10E160001AD1C0F30E00B04201D12260CEE70C20DC
:10E17000F9F7E0FF0028C9D022682060E179491C46
:10E18000C9B2E171A38800EB8101C3F30E030B80D8
:10E190004E80C0E9002504E0E77166F30E00A08020
:10E1A00022603046E4F72FFFA17987403943A171FF
:10E1B000ACE70A466021FFF791BF03B482B0BDF817
:10E1C0000C10ADF80010009A442104B0FFF786BF90
:10E1D0000A4640F64201FFF781BF0A4640F6450174
:10E1E000FFF77CBF0A4640F64301FFF777BF0A46B8
:10E1F0004FF40461FFF772BF70B50C46054600F09E
:10E200002FF821462846BDE87040FFF7DBBE0A46DE
:10E2100041F25D41FFF762BF03B482B0BDF80C105C
:10E22000ADF80010009A40F2574104B0FFF756BF16
:10E230000A4641F25941FFF751BF0A4641F25B419C
:10E24000FFF74CBF0A4640F60B01FFF747BF0A46EF
:10E2500040F60A01FFF742BF0A466721FFF73EBFBB
:10E260000A4641F20101FFF739BF00002DE9F047EE
:10E270000F46DDE908891E46154604461421FAF7C3
:10E280002DF9276005B9044DC4F80490083484E8DA
:10E290006001BDE8F0870000DBF700084162FDF790
:10E2A0001DB900684FF0FF314162FDF717B910B595
:10E2B0004FF0FF300C46486210212046FBF70AF869
:10E2C00008212046FAF742FC2046BDE810404FF4F2
:10E2D0008061FAF73BBC000010B501460348FAF72D
:10E2E00051FF0446FAF7BCFF204610BD1881020812
:10E2F00008460021F1F7E0B92DE9F0478946354895
:10E30000FBF7FBFB01285CD14846F6F7A4FE044668
:10E310004846F6F7DEFE8046132C08D01C2C52D05F
:10E32000152C4ED14846BDE8F047EAF744BC4FF4FF
:10E3300040352946FCF790FB074629464046FCF746
:10E34000E6FB064629464046FCF751FC04462946B2
:10E350004046FCF70AFBB74201DD394600E0314692
:10E36000A04201DD024600E02246914205DDB742AF
:10E3700001DD384604E0304602E0A04200DC2046E1
:10E38000841C29464046FAF775FE204405B24846EB
:10E39000F6F79DFE0446B0F90000A84200DD0546F0
:10E3A00025804FF4003529464046FAF763FE0146C2
:10E3B000B4F90000814203DB29464046FAF75AFED1
:10E3C0002080BDE8F08700F007F84046BDE8F04740
:10E3D000FDF784B818810208F0B591B00646002117
:10E3E0006522FCF719FC07002DD03046FCF760F9D8
:10E3F000746A00F00100611C4FF4807501D038B9D7
:10E4000005E008B1002403E02C46002503E00025C8
:10E41000601B002801DD601B00E0281B7843070A11
:10E4200000213046F1F748F96846F1F789F90748C5
:10E4300008A9CDE9006006480390079481E8B00080
:10E440006846F1F7F1F911B0F0BD00009DE2010856
:10E45000A3E2010810B501208884C8840C4602207C
:10E46000F9F768FE2063E08C4000F9F763FEE06294
:10E47000216B82200880E16A0880E08CA18C4843EF
:10E480008100A06AF9F724FF0021A062016010BD9D
:10E4900070B500250C462E460AE000BF50F8250056
:10E4A00020B1F9F7D1FEA06A40F825606D1CADB22D
:10E4B000A08CE18C4843A842A06AEFDC08B1F9F7D0
:10E4C000C3FEE06A08B1F9F7BFFE206B002803D055
:10E4D000BDE87040F9F7B8BE70BD00002DE9FC4101
:10E4E0000F466B48FBF709FB012843D13846F6F786
:10E4F000B2FD05463846F6F7ECFD04462A2D14D049
:10E500002C2D17D0012D37D0022D35D04FF6FF76A8
:10E51000082D49D00E2D66D00D2D68D0152D29D18E
:10E520003846BDE8FC41EAF7F7BBBDE8FC410021F5
:10E5300002F0FCBA3846F6F7CAFD03460020014651
:10E54000A28C05E0256B35F81150491C284400B217
:10E550008A42F7D800210A46E58C05E0E66A36F8DB
:10E560001260521C314409B29542F7D8401E1880FF
:10E57000491E5980BDE8FC8101AA6946EFF711F9EF
:10E580000128F7D1A18EBDF80400814204D1E18EAB
:10E59000BDF800209142EDD0A086BDF800102046C5
:10E5A000E186FCF79BFFE5E7FCF798FFF8F7A4F995
:10E5B000F8F7D7F9A18EB1420AD0E18EB14207D067
:10E5C00030B900221C212046F6F788FD0128D1D160
:10E5D000F8F792F9F8F7D1F9012801D00328C9D149
:10E5E000A686E686C6E7BDE8FC41FCF777BF38465D
:10E5F000F6F76DFDA18E0568E08E0F468446B142A8
:10E6000001D0B04204D10020A086E0862046EAE78F
:10E61000A38C8B4200DC0021E28C824200DC0020D3
:10E62000142D0ED0132D0ED0112D0ED0122DA1D1E0
:10E63000401C8B420DDC511E814208DD0021401C34
:10E640000EE0491EF5E7491CF3E7401EF1E7591EAD
:10E6500006E0002904DA10B1591E401E00E0002136
:10E66000824201DC501E02E0002800DA00208F42C6
:10E6700001D1844597D0A186E0862046FCF72EFF85
:10E6800002B02046BDE8F04100221C21F6F726BD6D
:10E69000348102082DE9F041434E0C46307881F870
:10E6A0002C00012849D0022849D0042802D008288B
:10E6B00006D101E0012100E009212046FDF736FEE8
:10E6C00042F2640529462A462046FDF732FF2046DD
:10E6D000F1F7F2FF07462046FAF78EFE8046012149
:10E6E0003846F2F7CFFB0420F9F724FD2FA1606232
:10E6F00001603846616AF2F7F1FA00231C222C49C6
:10E700003846FAF7E5F94FF480413846FAF71EFA31
:10E7100000231A4627494046FAF7DAF90021404615
:10E72000FDF7F3FE94F82C00012815D0022813D031
:10E73000042806D008281DD103E00021BDE70821E8
:10E74000BBE7B6F9022029463846FDF7F2FE294616
:10E750004046FEF757F809E02A46B6F90210384657
:10E76000FDF7E7FE29464046FDF7FCFD0121404646
:10E77000FDF7ECFDF7F7CEF810B13946F7F73CF8A6
:10E7800000214046FDF7D2FD03214046FDF7A7FEDC
:10E7900080214046FAF7DAF94046BDE8F0414FF4EF
:10E7A0008061FAF797BD00005401002000000000CE
:10E7B000B5400008814F000870B591F82C000C4658
:10E7C00010F00C0F4FF000060DD0002508E0606A35
:10E7D00050F82500F9F738FD606A40F825606D1C97
:10E7E000208DA842F3D894F82C0080070DD0002586
:10E7F00008E0606A50F83500F9F726FD606A40F8D5
:10E8000035606D1C208DA842F3D8606AF9F71CFDB5
:10E81000666270BD70B50C460A48FBF76EF90128B8
:10E820000ED12046F6F717FC05462046F6F751FCB8
:10E83000292D05D1418DBDE87040002200F00AB8B5
:10E8400070BD0000C44702080121FBF76CB900212C
:10E85000FBF769B92DE9F0470646008D0C46914655
:10E86000A04200D8441E3046FEF716F83046FFF7A7
:10E87000EBFF050025D0002141F61502FCF7CCF98D
:10E8800007B22846FBF7CDF9804600213046FBF75A
:10E8900054FF012804D007EB0800604301B204E0F4
:10E8A000604207EB0801414309B24A462846FDF79A
:10E8B000CBFC3046FFF7CBFFA1B28022F2F7CEF9B6
:10E8C0007485BDE8F087000073B592B004461398D4
:10E8D0001090002010AD119029462046F0F74EF917
:10E8E000012862D194F85C00000704D513980A2827
:10E8F0005BD00D2859D0304A002113A812689047E8
:10E9000001462046E5F714FF00284ED094F85C003D
:10E91000400702D5204601F0E1FEA06A38B1606AE6
:10E92000F8F7B2FD007810B92046FCF7D7FD2A466B
:10E93000216C606AF8F7AEFD204600F0D3F894F839
:10E940005C00400727D5E06AE1F749FD0646284606
:10E95000E1F745FD3118491CE06AF9F7B9FCE062BE
:10E9600028B32A46216CE4F71BFC208F00B36846CD
:10E97000F0F7E6FE11480121CDE90040208F0A9012
:10E9800000200790CDE908010D4806900D4803903E
:10E990006846F0F749FF216C2046491C00F06AFAEE
:10E9A00000221C212046F6F799FB14B070BDFEE74B
:10E9B000204601F093FEEEE7CC010020710702082B
:10E9C000FFF7000873070208F0B591B00D00044688
:10E9D00009D094F85C00400702D5204601F07EFE85
:10E9E000206B18B900E0FEE7606BA0B10020374E45
:10E9F000374F009009E032686946284690473968E9
:10EA0000884701462046FFF75FFF0098285C0028F2
:10EA1000F1D111B0F0BD29462046F0F7AFF801283A
:10EA2000F7D1A06A38B1606AF8F72EFD007810B906
:10EA30002046FCF753FD2A46216C606AF8F72AFD50
:10EA4000204600F04FF894F85C00400727D5E06AB4
:10EA5000E1F7C5FC06462846E1F7C1FC3118491C20
:10EA6000E06AF9F735FCE06250B32A46216CE4F71E
:10EA700097FB208F28B36846F0F762FE1548012106
:10EA8000CDE90040208F0A9000200790CDE90801D1
:10EA900011480690114803906846F0F7C5FE1049EA
:10EAA0002846266C096888473118204600F0E2F9AC
:10EAB00011B02046BDE8F04000221C21F6F70EBB45
:10EAC000FEE7204601F00AFEE9E70000CC01002045
:10EAD000D401002071070208FFF70008730702083D
:10EAE000E001002070B50446406AF8F7D1FC4FF60B
:10EAF000FF75A84204D1606AF8F7C8FCA84209D0A3
:10EB00002946606AF9F7F4F82946606ABDE8704062
:10EB1000F9F7EBB870BD000010B591F85C000C4639
:10EB200020F0040081F85C000020C86240F2DC5153
:10EB300021872063606394F8501041F0010184F84C
:10EB400050100121216494F8501041F0020184F822
:10EB50005010A08794F85C1021F00A0184F85C1032
:10EB60006062A0622046F8F7F7F960626420FDF762
:10EB7000EFFE0146606AFDF745FE0CA1606AF9F7F9
:10EB800055F800231A460A49606AF9F7A1FF4FF4C5
:10EB900080612046F9F7DAFF0021204600F06AF98B
:10EBA0002046BDE8104002F0F3BC00000000000069
:10EBB00069F2000838B50446016C406A6A46F8F705
:10EBC0007DFB00212046FCF710F905460021204678
:10EBD000FCF7CFF80089BDF802106D1C08442844EA
:10EBE000ADF80200A08FADF80000606AFBF76BF88B
:10EBF000BDF90210884209DD6946606AF8F75EFADD
:10EC000001462046A58F00F035F9A58738BD016C77
:10EC1000002902D0491E00F02DB97047016C491C33
:10EC200000F028B938B50446016C406A6A46F8F726
:10EC300045FB00212046FCF7D8F805460021204678
:10EC4000FCF797F80189BDF802002944401A401CDE
:10EC5000ADF80200A08FADF800006946606AF8F7D1
:10EC60002DFA0146A58F204600F004F9A58738BD8E
:10EC700038B50446006C00283FD021A069460068E2
:10EC800000902046EFF77AFF012836D1606AF8F746
:10EC9000FBFB216C05460122491EE4F7C9F9294610
:10ECA000606AF8F7C3FF2046FFF71CFFA06A38B17F
:10ECB000606AF8F7E9FB007810B92046FCF70EFC13
:10ECC00094F85C0040070ED5216C0122491EE06AD1
:10ECD000E4F7AEF9E06AE1F782FB411CE06AF9F77C
:10ECE000F7FAE06250B1216C2046491E00F0C2F8EC
:10ECF00000221C212046F6F7F1F938BDFEE700009E
:10ED00007F00000070B5056C0446691C00F0B2F885
:10ED1000206CA84204D02046BDE87040FFF7A8BF91
:10ED200070BD70B5C86A0C46002510B1F9F78CFAB1
:10ED3000E562A06A002802D0F9F786FAA56270BDE4
:10ED400070B50E463F48FAF7D8FE012878D1304614
:10ED5000F6F781F904463046F6F7BBF905460E2C66
:10ED600012D00D2C14D0012C60D0022C5ED0032CBC
:10ED70005CD0082C5AD0152C5DD0182C60D13046B0
:10ED8000BDE87040E7F716BCBDE8704002F000BC7B
:10ED90003046F6F79CF90168132910D0142913D0D6
:10EDA000112916D0122919D008291CD07F291FD06B
:10EDB000022922D0032922D00A2927D031E028466F
:10EDC000BDE87040FFF72ABF2846BDE87040FFF756
:10EDD0001EBF2846BDE87040FFF724BF2846BDE8A7
:10EDE0007040FFF7E7BE2846BDE87040FFF740BF20
:10EDF0002846BDE87040FFF785BF002101E047F6D7
:10EE0000FF712846BDE8704000F034B8284600F095
:10EE10001DF830B12846BDE8704000221F21F6F7EA
:10EE20005DB92846BDE87040FFF74EBD3046BDE8ED
:10EE3000704004F05DBF3046BDE87040EAF774BB37
:10EE400070BD000050810208006C704790F85C00B3
:10EE5000C0F3C000704790F85C10490702D4406AC4
:10EE6000F8F712BBC06A704710F8502F61F34102E7
:10EE700002707047F8B50546006C0C46A04266D09B
:10EE8000686AF8F701FB324909688847002C00DA04
:10EE90000444844203DCA4F5FE41FF3900D104465A
:10EEA00028462C64FDF7F8FC00212846FBF761FF9B
:10EEB00006466A462146686AF8F700FAB6F908403D
:10EEC0002846FBF793F8BDF90210884203DD0122C2
:10EED0002846FDF7CFF92846FAF789FE0646284668
:10EEE000FBF784F8BDF902100A19101AB04206DDCA
:10EEF000881B204401B201222846FDF7BBF92846B1
:10EF0000FAF7A8FFBDF90010884203DD0122284668
:10EF1000FDF79AF92846FAF784FE06462846FAF7DE
:10EF200099FFBDF900100A19101AB04206DD881BBE
:10EF3000204401B201222846FDF786F9BDF80010F1
:10EF40002846A98702F024FB284601F015FCF8BDED
:10EF5000E001002070B5044690F85C00C0F3C002E8
:10EF60008A4235D0B1B140F0080184F85C1042F219
:10EF7000D1752946606AFDF745FC6420FDF7E8FC81
:10EF800001460022606AFDF71FFC29462046FDF776
:10EF9000E9F915E020F0080184F85C106420FDF721
:10EFA000D7FC0146606AFDF72DFC00221146606A1D
:10EFB000FDF70AFC002241F204012046FCF762FF43
:10EFC0002046BDE8704000231A461946FDF711B9E6
:10EFD00070BD0000F0B591B00D00044606D0FFF7FB
:10EFE00081FD206B47F6FF7618B900E0FEE7606B05
:10EFF00010B334A1606AF8F719FE31462046FFF7D6
:10F0000039FF94F85C0041074FF0000001D5E16A38
:10F0100008702D4E2D4F009009E032686946284651
:10F0200090473968884701462046FFF74DFC009815
:10F03000285C0028F1D107E02946606AF8F7F6FD60
:10F0400031462046FFF716FFA06A38B1606AF8F72C
:10F050001BFA007810B92046FCF740FA94F85C00DF
:10F06000400721D52846E1F7BAF9411CE06AF9F7D3
:10F070002FF9E06200B32946E1F78DF9208FE0B166
:10F080006846F0F75DFB12480121CDE90040208F72
:10F090000A9000200790CDE908010E4806900E481E
:10F0A00003906846F0F7C0FB11B02046BDE8F04081
:10F0B00000221C21F6F712B8FEE7204601F00EFBF5
:10F0C000F2E7000000000000CC010020D401002085
:10F0D00071070208FFF700087307020870B50446BD
:10F0E00000F081F805000AD02046054A0021FCF70F
:10F0F000E9FE21462846BDE87040E4F739BE70BD00
:10F10000FFFF0F0000B500F059F8002800D00148BB
:10F1100000BD00000C4F00202DE9FF47994607462F
:10F120000C9E00F04BF8214D40B9002028704FF4A0
:10F130001270F8F7FFFF1E490860E860F3F7BCF9AA
:10F14000F3F7D2F94FF00108B0F5A07F01DC0320FE
:10F1500007E0F3F7B1F9F3F7C7F9B0F5347F02DA56
:10F160000220687001E085F80180124CA4F12800AB
:10F17000E760BDF804100187BDF80810418766619B
:10F180000D48A6612060C4E9076902F031FA27B191
:10F190003846F3F7E9F9A04202D10020FCF710FF4E
:10F1A00085F8008004B00348BDE8F087880000209F
:10F1B0009C0100200C4F00208D2B020802480068A3
:10F1C000002800D0012070479C01002008B500F005
:10F1D0000AF808B1006902E01120FDF7A9FB0090D0
:10F1E000BDF8000008BD10B510B1FAF73BFD01E015
:10F1F000F3F762F9BDE81040F3F7B6B910B504466D
:10F2000000F002F8001B10BD0349012248680A7093
:10F210000B78002BFBD070478001002003490022AF
:10F220000A704A681044486070470000800100205E
:10F2300010B50C4642F264010A462046FDF779F902
:10F2400000231A4608492046F9F742FC802120464F
:10F25000F9F77CFC03212046FDF741F92046BDE883
:10F2600010400321FDF746B9093902082DE9F041A4
:10F270000D460846FAF768FD064642F264010A4662
:10F280002846FDF756F92846FDF706FB3046FAF703
:10F29000AEFC0E4C2189484307B23046FAF7C1FC58
:10F2A000A1883A46484301B22846FDF700F9217883
:10F2B00085F82410D4E90102104304D13046BDE89A
:10F2C000F041FDF7FFB8BDE8F081000058010020D3
:10F2D0002DE9F041074615460E460B48E3F748FC7A
:10F2E000040010D0A7604FF0FF302660206100209E
:10F2F0006061FFF789FFE5600449606001200871E3
:10F300002046BDE8F081FEE7304F0020B401002028
:10F3100010B5044601460548E3F76FFC0449012097
:10F32000C8702046BDE81040F8F78EBF304F00206F
:10F33000B40100202DE9F047494CA07810B101201C
:10F34000BDE8F0870120A0702078002628B1FFF7E3
:10F350005BFF5FEA000902D007E0A670EFE72069D3
:10F36000401C2061642800D926613E4D4FEA060802
:10F3700084F8038084F804803B48E3F7D4FB2860DA
:10F3800037E03948E3F7E1FB2E680746307DC007D8
:10F390002ED18246304600F078F888B93069B0F155
:10F3A000000A01DD401E3061FFF72EFF7060B1687A
:10F3B00021B1BAF1000F01D0304688474FF0010A61
:10F3C000E07820B9306910B93046FFF7A1FFBAF1F3
:10F3D000000F0DD02079E178084309D02868002873
:10F3E000C6D100BF4FF0FF351F48E3F79CFB11E08B
:10F3F0002F6029680029C4D1F4E7307DC00705D10A
:10F40000304600F042F8A84200D205463146164880
:10F41000E3F79BFB0600F0D14846FFF7EFFEE168FB
:10F420000844E060A068FFF7E9FEB0F5FA7F13D367
:10F43000E16864225143B1FBF0F0C0B2607064280F
:10F4400001D9002001E0C0F1640060702646C4F8D4
:10F450000C80FFF7D9FEB06084F8028028466FE781
:10F46000B401002098010020304F002001214161AB
:10F47000704710B50446FFF7C7FE2168401A401ECA
:10F48000606010BD00214161704710B504464068BE
:10F49000FFF7B4FE2168814201D8002010BD081A90
:10F4A00010BD70B50346083A0C4602F00300111A6D
:10F4B000A00705D1A1F10C004FF6F572904201D3DF
:10F4C000002070BD2078251F00F00300084320F0C5
:10F4D000020040F00101216029461846E4F779FC5A
:10F4E0002846E4F7ABFC017902214160204670BD5B
:10F4F00070B5810701D0002070BD00238060C0E995
:10F500000303194600EB810200EBC1145361002292
:10F5100004EB8206521CF063202AF9DB491C0A29FD
:10F52000F0DB70BD70B50C460546FFF7E1FF0646FF
:10F53000A4F23C5205F23C51FFF7B3FF304670BDD8
:10F5400070B5002926D00839064608790C46C00750
:10F5500000D0FEE70846E4F7C7FC2179304689076A
:10F560000CD52568A5B12979C90712D02946E4F739
:10F5700023FD21462846E4F711FC04462146304687
:10F58000E4F7CCFC01463046BDE87040E4F721BC0E
:10F59000FEE7FEE770BD00F23C50704770B50A46CA
:10F5A000054604211046E4F7C7F9044601462846FB
:10F5B000E4F74AFC014622462846BDE87040E4F7DD
:10F5C000D3BC2DE9F05F90460C0081464FF000055A
:10F5D0001FD0B8F1000F18D0A4F108052846E4F7B1
:10F5E000B8FC82466868042120F00307DAF80400BA
:10F5F00020F00300384400F1040B4046E4F79CF986
:10F6000006462879C00709D0FEE74846FFF798FF6D
:10F6100041E01146FFF7C2FF05463CE0BE4216D965
:10F620009AF80400C00701D05E4510D9414648460B
:10F63000FFF7B4FF05002ED04046474500D30746EC
:10F640003A4621462846F8F76BFE2146DDE7BE42E2
:10F6500006D929464846E4F761FC2846E4F751FC00
:10F6600028794F46C00700D0FEE731462846E4F728
:10F67000A6FB78B131462846E4F7AFFC0146406866
:10F6800020F0020048603846E4F748FC014638465E
:10F69000E4F79FFB25462846BDE8F09F70B5164667
:10F6A00001B90D49001F0D460DE000BF10F0010F1C
:10F6B0000FD0002220F0030104F108003346A847D0
:10F6C0002046E4F746FC040002D060688108EDD1D2
:10F6D00070BD0122EEE70000755200085A3000B2FA
:10F6E00000F004B85A3000B2AFF300804FF4B471A8
:10F6F00090FBF1F201FB1200002802DA00F5B47071
:10F7000000B20E495A2802DA31F910007047A0F110
:10F710005A025A2A03D2C0F1B40000B2F4E7A0F1B1
:10F72000B4025A2A01D210B202E0C0F5B47000B29D
:10F7300031F81000404200B270470000F47E020829
:10F740002DE9FF4F83B05FEA0009119F7BD099F844
:10F750000000002877D00498002871D01098800706
:10F7600002D541F6FF70069000243F4A00940194B0
:10F770005268A346254626464FF0FF38694648465C
:10F78000904782460098019050E0374A01A94846C8
:10F790005268904783461098761CC00704D05146A3
:10F7A0001298E3F727FD98BB5A4651460498F5F79F
:10F7B00070FD00B229180DB2002802DD059828441A
:10F7C00005B2B8F1FF3F05D10598291A0698814284
:10F7D00000DDA0465046BAF10A0F1AD0BAF10D0F5B
:10F7E00017D00146A0F59C4045F2A512904210D9D1
:10F7F000002005E01DA2125C8A420AD0401CC0B263
:10F800001AA2125C002AF5D117B1B8F1FF3F08D057
:10F8100008E024B9B8F1FF3F01D107B13D60761E81
:10F8200008E03D60DDE90040DA46009019F8040088
:10F830000028AAD1B8F1FF3F06D0139870B1404616
:10F8400007B0BDE8F08F0CE02EB1BAF10D0F03D177
:10F85000BBF10A0F00D1009C2046F1E70FB1002058
:10F8600038600020ECE70000C8010020202C2E3B6F
:10F870003A2D5F002DE9FF4F83B004464FF00000A2
:10F88000DDF848A0DDF84090208093460F006080AE
:10F8900049D0BBF1000F46D05FEA8A7002D541F62D
:10F8A000FF7011900025A846BBF8086025E00020F5
:10F8B000CDE9000A781902905946119B069AE3F7A0
:10F8C000EFFB8044B4F9020006EB09010144B1F5F5
:10F8D000004F28D2304448446080A8EB0501CDF8A1
:10F8E00000A05A46069B029800F022F8B4F90010D6
:10F8F000814200DB084620804546785D0028D6D14D
:10F900005DB1781910F8010C0A2801D00D2804D136
:10F91000618806EB090008446080B4F9020028B150
:10F92000A0EB0900608007B0BDE8F08F6680FAE7C1
:10F930002DE9FF471E46DDF8309090460D46070042
:10F940000CD0B8F1000F09D03878002807D000207B
:10F95000044602908DF80C00EDB923E0002004B0BD
:10F96000BDE8F08702AB01AA69463846E3F780FBA1
:10F970005FEAC97004D003A80099E3F73BFC50B9D3
:10F98000DDE900124046F5F784FC00B2002802DDF4
:10F990002044304404B20298A842E3D3002C01DD95
:10F9A000A01B04B22046DAE710B50146802825D313
:10F9B000002301F03F0242F08002B1F5006F0AD24D
:10F9C000C0F3841141F0C00161F3070062F30F201E
:10F9D00063F3174010E0C1F3851444F08004B1F5DF
:10F9E000803F0CD2C0F3033141F0E00161F3070026
:10F9F00064F30F2062F3174063F31F6010BDB1F58D
:10FA0000881FFBD2C1F3824343F0F003C1F30531F9
:10FA100063F3070041F0800161F30F2064F31740A6
:10FA200062F31F6010BD00002DE9F04100240F4675
:10FA300006462546DFF8248007E0D8F80010301984
:10FA4000884700B9012004446D1CBD4202D2305DDC
:10FA50000028F2D12046BDE8F0810000C801002056
:10FA6000F8B5074600200D460446064E009004E017
:10FA70007268694638469047641C0098A842F7D3DC
:10FA80002046F8BDC8010020F8B500240546074E01
:10FA9000009404E07268694628469047641C009808
:10FAA000285C0028F6D12046F8BD0000C8010020DF
:10FAB00078B500250446009501B969460A68A05C3E
:10FAC000030601D4054634E006260223B6EB501F98
:10FAD00006D1C006400D24E004F03F031D1828E0C5
:10FAE0000E26B6EB101F02D10007000C0FE01E26F9
:10FAF000B6EBD00F1DD1521C0A604007A55CC00AAE
:10FB0000B3EB951F13D105F03F0500EB0530521CF8
:10FB10000A60A55CB3EB951F09D105F03F0500EB2A
:10FB20008510521C0A60A45CB3EB941FD4D0002053
:10FB300078BD521C28460A6078BD0000F8B507461B
:10FB400008680025401E0C460D4E086001E0042D9B
:10FB500013D2206831683844884718B9216861B1E8
:10FB6000491E21606D1CEDB20028F0D02068009085
:10FB70007268694638469047F8BD0020F8BD00001D
:10FB8000C80100200078010601D401207047062139
:10FB9000B1EB501F01D1022070470E21B1EB101FB5
:10FBA00001D1032070471E21B1EBD00F01D10420F9
:10FBB000704700207047000008B5009313460A46BE
:10FBC00001460248E3F78EFC08BD0000D934000866
:10FBD00070B50D460846FAF7B7F80646FAF773F817
:10FBE00004463046FBF763F9014622462846FCF7F7
:10FBF000A0FC01212846FCF799FB2846F9F7FCFBFD
:10FC00000446104842F264063146B0F9002020460E
:10FC1000FCF78FFC00212046FCF788FB02231A46E4
:10FC200000212046FCF766FB2846F9F7E5FB044671
:10FC30000121FCF78BFB31462046BDE87040FCF704
:10FC4000E1BD000064010020E0F786FEE1F784FEDC
:10FC5000E1F77CFDE1F7BAFDF6F7A0FFFCF79CFEAB
:10FC6000FCF7C2FEF2F728FCF2F76EFCFEF734FB5D
:10FC7000044632226421FCF75CFC00231A46092169
:10FC80002046F8F7F3FF00BFFFF754FBFCE770B521
:10FC90000D4606468022F0F7D5FF04468021304607
:10FCA000F0F7E7FC002C06D029463046BDE870404E
:10FCB0008022F0F7D3BF70BD2DE9FF4F98468A88A8
:10FCC0000B8883B0D21A521C16B2CA884988814662
:10FCD000511A491C1498DDF848B00FB201280AD017
:10FCE00002280AD003282FD1314D00BF5FEA0B0054
:10FCF00027D0002058E02F4DF8E72F4DF6E70024DD
:10FD000015E000BF09EB440B119ABBF80000ADF8F9
:10FD1000040008EB44000088ADF80000DDE90001B4
:10FD2000A8470090BDF80010ABF80010641CB44266
:10FD3000E8DB05990AF1010009EB4109109908EB8C
:10FD400041088246B842DADB07B0BDE8F08F0024F4
:10FD50001EE000BF1BF80400C8B1FD2801D3119AB2
:10FD600002E011994843020A09EB4400019000881F
:10FD7000ADF8080008EB440002990088ADF80000D7
:10FD80000098A84700900198BDF800100180641CFD
:10FD9000B442DFDB05990AF1010009EB4109109932
:10FDA00008EB410813998B448246B842CFDBCBE77E
:10FDB000A74E0008334E00080D4F00082DE9FF4FF5
:10FDC00006468A8808888BB0101A401C07B2CA8879
:10FDD0004888DDE919BA101A401C0FFA80F85FEA6A
:10FDE0000A001D46584605D0FD287CD9A7F1040B12
:10FDF000002027E1FD2813D300247F000BE03A46C2
:10FE000029463046F8F78CFA0D98641C06EB40063C
:10FE1000189805EB40054445F1DB0FB0BDE8F08FC5
:10FE2000002021E0002415E006EB440A5A46BAF807
:10FE30000000ADF8180005EB44000088ADF8140090
:10FE4000DDE90501F1F716FF0590BDF81410AAF8D9
:10FE50000010641CBC42E7DB0D9806EB40061898C6
:10FE600005EB400509F1010081464045DADBD4E7A6
:10FE7000D14600241CE000BF99F80020AAB1FF2A57
:10FE800006EB44001AD009900088ADF8200005EB7D
:10FE900044000088ADF81C00DDE90701F1F7EAFE37
:10FEA0000690BDF818100998018009F10109641C39
:10FEB000BC427CDA5FEA8970DED178E005EB440170
:10FEC0000988F1E7D9F80000F0B3401C74D099F824
:10FED0000020BAB1FF2A06EB44007AD009900088CE
:10FEE000ADF8200000E0B6E005EB44000088ADF876
:10FEF0001C00DDE90701F1F7BDFE0690BDF8181002
:10FF00000998018009F10100059099F80120AAB132
:10FF1000FF2A06EB440060D009904088ADF820002D
:10FF200005EB44004088ADF81C00DDE90701F1F75E
:10FF3000A1FE0690BDF81810099841800598401C54
:10FF400005900278BAB100E02EE0FF2A06EB4400EB
:10FF500047D009908088ADF8200005EB44008088E8
:10FF6000ADF81C00DDE90701F1F784FE0690BDF84D
:10FF700018100998818005984278AAB1FF2A06EBEB
:10FF8000440032D00590C088ADF8200005EB440055
:10FF9000C088ADF81C00DDE90701F1F76BFE0690A3
:10FFA000BDF818100598C18009F10409241D5C45AD
:10FFB00088DB3BE000E00CE005EB440006EB44018D
:10FFC00002880A8042884A8082888A80C088C880E5
:10FFD000EAE705EB4401098893E705EB440149880A
:10FFE000ABE705EB44018988C4E705EB4401C98808
:10FFF000D9E700BF99F80020AAB1FF2A06EB440018
:020000040802F0
:1000000025D009900088ADF8200005EB4400008859
:10001000ADF81C00DDE90701F1F72CFE0690BDF8F4
:1000200018100998018009F10109641CBC42E1DB48
:100030000D981B9906EB400618988A4405EB40057D
:100040000198401C01904045FFF612AFE5E605EB34
:1000500044010988E6E700202DE000241FE000BFEE
:100060001AF80400D0B1FD2801D35A4602E000FB83
:100070000BF0020A06EB440003900088ADF818006C
:1000800005EB44000088ADF81400DDE90501F1F747
:10009000F1FD05900398BDF814100180641CBC426A
:1000A000DEDB0D981B9906EB400618988A4405EB99
:1000B000400509F1010081464045CEDBADE6000078
:1000C0002DE9FF4F85B09A460C46DDF850B0E2F7B7
:1000D00093FF0390A0882188401A401C06B2E08854
:1000E0006188401A401C0FFA80F8BBF1000F01D064
:1000F00000204BE000271DE0002515E0139802903A
:100100000AEB4500079A0088ADF80400608838447F
:1001100000B2009020880599284403B20398006833
:10012000D0F81CC0E0476D1CB542E7DB12997F1C7C
:100130000AEB410A4745DFDB09B0BDE8F08F002537
:100140001BE000BF1BF80500B0B113994843000A3B
:1001500002900AEB4500079A0088ADF80400618818
:1001600001EB090000B2009020880599284403B2F1
:1001700003980068C769B8476D1CB542E2DB159962
:1001800009F101008B4412990AEB410A814640456E
:10019000D5DBD1E770B515460E460446802805D25A
:1001A000E117002004EB9171891006E003F009FCCF
:1001B000411FCC4084F02001801F3060296070BD59
:1001C000FD2902D2022901D80020704710FB01F05E
:1001D00000EBC01101EBC030C0F3C7507047000006
:1001E0002DE9F041F4F775FF0746F9F7ADFD064636
:1001F000F9F7AAFD0546F0F7DFFE04680021304656
:10020000F9F791FCB84244F3074008D1012801D026
:10021000401E07E00C2060F31744601E1FE00C280E
:1002200019D0401C60F3174444F30747A1B20C46B1
:100230003A462846F0F7C2FE01213046F9F773FC32
:100240000849224601EB870151F8043CBDE8F04122
:1002500005A1F7F722BD012060F31744601C60F38D
:100260000F04E1E7C400002025642025730000008E
:1002700070B50546F4F72DFF04462846F4F72BFF2A
:1002800005462046F4F7BEFC04462846F0F794FEE7
:100290000088641C62B262F3174081B22846BDE850
:1002A0007040F0F78BBE000070B50D460021284667
:1002B000FBF784FA00212846FCF738F800230222D5
:1002C00019462846FCF716F82846F0F7AFF9064617
:1002D000002228A1FCF73EFA42F264013046FCF706
:1002E00041F83046FCF7D8FA3046F9F7ECFC044602
:1002F00001463046FCF786FA002307221E493046A5
:10030000F8F7E6FB04213046F8F7E4FF2846F6F755
:1003100023FE06460321F7F74DFC0022022130465A
:10032000FCF758FA01213046FCF710F82846F0F7A0
:100330007DF90646002211A1FCF70CFA224611466F
:100340003046FCF7F6F8002307220B493046F8F751
:10035000BFFB04213046F8F7BDFF00231C220849EB
:100360002846F8F7B5FB2846BDE8704000221C215E
:10037000F4F7B4BEEF819300E1010208EF8194002D
:10038000713E02082DE9F0410F460846F9F7DCFC02
:10039000044600213846FBF711FA00213846FBF7E6
:1003A000C5FF3846F4F78CFB164D06466968F4F72E
:1003B000B7FD23461C2214493046F8F789FB01217A
:1003C0003046FBF7C3FF3846F4F77AFB0646296848
:1003D000F4F7A6FD23461C220C493046F8F778FBBB
:1003E00001213046FBF7B2FF00231C2208493846A2
:1003F000F8F76EFB3846BDE8F04100221C21F4F707
:100400006DBE0000F4000020C13F02087102020826
:10041000B53E020870B5094D04466868002808D04A
:1004200044B12046ECF770FEA9682044884200D30E
:10043000002070BD0248006870BD00004C00002024
:10044000A4010020002902D00068091D4250704715
:10045000002901D00068425070472DE9F041044660
:1004600000222121F4F73AFE00287ED00021204608
:10047000F9F759FB10B1FFF7F0FFF7E72046F9F75E
:100480001DFC06460020F6F73DFA054600271CE055
:10049000686AA04202D0A86AA04203D12146284639
:1004A000F6F7D4FA286BA04200D12F63286DB04232
:1004B00007D1F6F731FAA04203D121462846F6F7D4
:1004C000C5FA2846F6F71EFA0546002DE0D120466B
:1004D000E2F7C7FB606804260028204602D0F9F73F
:1004E000F8FB29E0F9F7BEFB05460020EA68696AD7
:1004F00004E052F82030A3420AD0401C8142F8D8D0
:1005000006E0E96806EB80028A5841F82020401C8A
:10051000696A491E8142F4D8686A401E8100686297
:10052000E868F7F7D5FEE8601BE0096806EB800293
:100530008A5841F82020401C616889684A68521E28
:100540008242F2D8606880684068401E48606168F6
:100550008200896808681146F7F7BAFE6168896801
:1005600008602046BDE8F04100E001E0F7F76CBE0E
:10057000BDE8F081F0B50027DDE905458E1A012BB5
:1005800005DC03280CD004280AD0052808D0891AD5
:1005900009B206282AD2DFE800F0290A0320140E47
:1005A0002F80208806EBD67100EB61001CE02F80C5
:1005B0002088304418E05B1E18B291FBF0F02880D0
:1005C000F0BD91FBF3F02988084400B2288021880F
:1005D00000EBD07001EB600006E05B1C18B291FBF1
:1005E000F0F02880218808442080F0BD2F80F0BDE5
:1005F0002DE9F05F05460C46501E53B12188A1EB52
:10060000620121800844A080E88A6080688BE080D5
:1006100009E06188A1EB620161800844E080A88A5A
:100620002080288BA0804FF4403631462846FAF7C8
:100630000CFA814631462846FAF762FA824631467C
:100640002846FAF7CDFA804631462846FAF786F969
:10065000834631462846FAF7EBFB074631462846E3
:10066000FAF7D8FB0146208809EB0702801A2080A0
:10067000A0880AEB07021044A080608808EB010202
:10068000801A6080E08859440844E080BDE8F09F0B
:1006900070B50446ECF79BFF05001DD0F9F713FB7E
:1006A00006462046F9F7A3FA864215DD00212846C2
:1006B000FAF74FFB068900212846FAF77AFBE18E0C
:1006C0003044414309B20022606AFBF7D3FD606AFF
:1006D000BDE87040FAF702BF70BD00002DE9FF478A
:1006E000064690F85C00400739D5706AF6F7CCFEF4
:1006F0001C4909688847040031D000213046FAF7C8
:1007000038FB002342F222026946F4F752FD08B199
:1007100015A000E015A08146DFF761FE074604FB47
:1007200007F0401CF7F732FD8046002507E000BFC8
:1007300005FB07803A464946F7F7F2FD6D1CA542D6
:10074000F6DB7D43002108F805104146706AF7F793
:100750006DFA4046F7F766FD304600F00DF8BDE84B
:10076000FF870000E0010020E280A2002A000000D4
:1007700070470068FFF7B2BF2DE9F04F91B0044613
:100780000021FAF7F6FA099000212046FAF72DFB2E
:100790000890206C0590606AF6F776FE784A8246EB
:1007A000059912689047DFF8DCB106460AEB0600AF
:1007B000DBF8002081460021904707000998B0F936
:1007C00008807DD00A2FFCD00D2FFAD000223946A8
:1007D0000998F4F75EFD05B203AA606A0599F6F779
:1007E0006DFD606AF6F750FE02460021606AF8F778
:1007F000ADFC616ABDF90C20B1F91430B1F91810E3
:100800001A442A448A4228DD94F85C10090724D44B
:10081000032822D00020ADF80C000899BDF80E2066
:1008200008EB01001044ADF80E00002F7ED05649B1
:100830004846096888470644DBF800200AEB0600B2
:1008400000219047010071D00A296FD00D296DD089
:1008500000220998F4F71DFD05B24FF4E02B204665
:100860005946E664F9F7B9FF064659462046FAF7B5
:10087000CCF900EB060A204641F611025946FAF778
:10088000CBF900EB060959462046FAF7F3F8871929
:10089000204641F613025946FAF7BEF9BDF80C207E
:1008A0003044D11BADF83410BDF80E3010446D1E2D
:1008B000A3EB0A012844ADF83610ADF8380000E08B
:1008C00057E003EB0901A8F101000844ADF83A0034
:1008D00004F144010D4601A8EFF762FC606ABDF81F
:1008E0000410828A1144ADF80410BDF80610C08AC5
:1008F0000844ADF80600606ABDF80810808A084414
:10090000ADF80800606ABDF80A10C08A0844ADF866
:100910000A0001A92046FAF715FE0DA92846EFF7AF
:100920003FFC294601A8EFF73BFC00E024E0606AA9
:10093000BDF80410828A1144ADF80410BDF8061009
:10094000C08A0844ADF80600606ABDF80810808AC5
:100950000844ADF80800606ABDF80A10C08A08446F
:10096000ADF80A0001A92046FAF7ECFD11B0BDE888
:10097000F08F002220212BE70022202169E70000D0
:10098000D0010020CC010020C80100202DE9F04159
:100990000446EEF7D7F92046FAF789FA0546002112
:1009A0002046F9F7A0FE281A00EBD07040F34F065E
:1009B00094F83C0000F003016420012903D00229CF
:1009C00004D0A08C0BE094F8261001E094F82710D6
:1009D0004FF4B47211FB02F1B1FBF0F080B200B23F
:1009E0000746FEF783FE10FB06F0C113218538464B
:1009F000FEF774FE10FB06F0228D05EBD571C013D7
:100A000002EB6102228500EB610060852046BDE8B3
:100A1000F041EEF797B900002DE9F04790B0884615
:100A20000646ECF7DBFD05006BD0F6F72DFD024620
:100A300000212846F8F78AFB012838D0022802D086
:100A4000032819D10CE03046F9F7EBF804462846A4
:100A5000FAF72DFA201A00EBD07040F34F0108E0AE
:100A60003046F9F7DEF804462846FAF720FA201A4D
:100A700001B22846FBF7DDFE00213046FAF771F996
:100A8000044600213046FAF7A2F98246B4F908700C
:100A90003046F9F7ACF88146304600216522FAF776
:100AA000BBF884B2B8F1000F03D014B104E0002108
:100AB000DFE73046EDF77AFFF18C07EB0A00484399
:100AC00009EBD971491007EBD772A1EB6201081A43
:100AD00006B2B8F1000F17D0B4B16846EEF730FE99
:100AE0000F48CDE900502846FAF703FACDE9080689
:100AF00007900C4803900C4806900A946846EEF75D
:100B000093FE10B0BDE8F08705492846EEF7D4FD06
:100B100010B031462846BDE8F047FBF7A1BE000003
:100B20008D120208010E0208A7F700082DE9F04F08
:100B30000C464FF4A02689B005463146F9F793FFDD
:100B4000079031462846F9F7E9FF824631462846A4
:100B5000FAF754F8814631462846F9F70DFF8046EA
:100B600031462846FAF717F9069031462846FAF733
:100B700035F9834631462846FAF7F7F805903146AD
:100B80002846F9F77BFE074631462846F9F76FFEFF
:100B900006461FE0079BCDF800B0CDE9013ACDE94C
:100BA0000398DDE90523A1B22846ECF723FFE96AA3
:100BB000B04221F81400E96A01DA024600E0324648
:100BC000BA4201DA384602E0B04200DB304621F892
:100BD0001400641CE88CA042DCD809B02846BDE8AB
:100BE000F04FFBF7D9B82DE9F0410746F8F7ADFF14
:100BF0000546002412E0B868006850F824603046CA
:100C0000FAF76CFC00222A213046F4F767FA3046E6
:100C1000FAF764FC3046FFF7E6FF641CAC42EAD307
:100C2000BDE8F0812DE9FE4F0446ECF7D7FC060045
:100C300009D0F5F761FE8046F5F79FFE042805D040
:100C4000022803D012E00120BDE8FE8FE28C21468D
:100C5000228504280AD10846F9F730F80546F4F74A
:100C60005FFE18B100212846F4F7D5FE4046F5F79F
:100C700084FE012804D04046F5F77FFE032863D1A7
:100C8000A06A800331D4002569464046F5F74AFE44
:100C9000BDF80200F18A401AADF80200BDF800006C
:100CA000B18A401AADF8000069463046F6F706FAF8
:100CB00007463046F6F7E8FB8246002080460646A7
:100CC000DFF8949001900DE0D9F8002001A950467A
:100CD00090470A2803D1B84501D06D1C2DB2DDF82C
:100CE0000480761CBE42EFD327E000212046FAF7AD
:100CF00038F8054600212046FAF769F82989B4F941
:100D00001A200844B4F9161007B2501A00EBD0703C
:100D100001EB600005B20C214046F5F7E8FEF18AD0
:100D2000084400B2281A90FBF7F0002800DA0020EF
:100D3000A18C814200DC481E05B2002D04DBA9B263
:100D400001222046FCF7F1FAE08C029002AA1C2155
:100D50002046F4F7C3F977E7CC01002070B5D1E95C
:100D60000245D5B1D4B1E560AC6000EBC21505EB2E
:100D70008305EE6B8E420FD1EC6384420CD100EB05
:100D8000820501216C6901FA03F39C436C6103D174
:100D9000036991408B43036170BDFEE7FEE72DE9D7
:100DA000F0410C46498C06460020C1F3C5010EE017
:100DB00026B1E26852F83020B24207D14FF6FF72F6
:100DC0004FF470212046FAF7FFFF02E0401C8142F9
:100DD000EED82046F8F7B9FE0746002507E0A068E0
:100DE000006850F825103046FFF7D9FF6D1CBD4252
:100DF000F5D3BDE8F081002200680A21F4F76EB94E
:100E000010B50068F8F7A0FFBDE81040EDF7CEBDC3
:100E10002DE9FF4F85B090460C460846F8F794FF41
:100E200006461021FAF78CF800286FD03046F8F704
:100E3000E9FF834600253046F9F7D1F81434CDE9AF
:100E4000024000B9059C00213046F9F7AAFC824611
:100E500000213046F9F78CFE504407B2002130469D
:100E6000F9F74BFD504400B20190F08A6188384494
:100E7000421AB8F80210501A0FFA80F9728B0198D2
:100E8000101AE288801A081A00B200903046F8F76B
:100E90001AFFC11B0198081A00B20490B9F1000FA3
:100EA0000CDB0098002814DAB9F1000006DD0546D5
:100EB0003046F9F79BF8401B0AD40AE00098002856
:100EC00007DD404205B23046F8F74AFFE84200D558
:100ED00000250398012804D0022807D003280DD14B
:100EE00015E0F08A61883844294421E0718B01982B
:100EF000091AE0882844081A284405B2002430461C
:100F0000F9F766F80090A8B1029F14E0BEE00498DB
:100F1000F18A00EBD07007EB60000844E28861883A
:100F2000521A521C12B202EBD27205EB6202114449
:100F3000401AE1E7059F00213046F9F755FD50447E
:100F40000FFA80F900213046F9F7A9FD5044B18A23
:100F50000FFA80FA01EB09003988338B421AB8F88E
:100F60000010501AA3EB0A02BB8800B2D21A891AE9
:100F700009B200280BDB002913DA002807DD04463C
:100F80003046F8F767FF2044002809DC09E0002913
:100F900007DD484204B23046F8F7BCFFE04200D516
:100FA00000243046F9F783FFA0EB0901A1EB0A000A
:100FB000009900B2012904D0022907D003290DD1DC
:100FC00022E0B18A01EB0900398803E0318BA1EB03
:100FD0000A00B9882144401A204404B22D49304601
:100FE000EEF76AFB07462C493046EEF765FB3843BF
:100FF00006D000220A213046F4F770F8012845D1C6
:101000005FEACB7011D013E000EBD072B18A09EB2C
:1010100062000844B9883A88891A491C09B201EB70
:10102000D17104EB61011144D5E7002C00DA0024F2
:101030005FEA8B7002D4002C00DD00245FEA4B7065
:1010400002D4002D00DA00255FEA0B7002D4002DD7
:1010500000DD00250898B8F90010002800D02046CF
:101060000844A8F80000B8F9021002D14FF00000BF
:1010700000E028460844A8F80200089B09B02A4668
:1010800021463046BDE8F04FFAF7B6BF09B0BDE8DB
:10109000F08F0000611102084911020870B5164670
:1010A00005460C4651EA06001CD02846F7F758FFC3
:1010B000A86801233246018A21440182A868418A36
:1010C0003144418221462846FAF7B8FA00220B2122
:1010D0002846F4F703F8012804D12846BDE87040FB
:1010E000FAF7FCB970BD30B5AAB1B0F91630B2F953
:1010F00000401D19B0F93240A54201DAE31A13800D
:10110000B0F91640B2F90030E518B0F936309D421A
:1011100001DD1B1B1380002915D0B0F91430B1F983
:1011200000209C18B0F93020944201DAD21A0A80CB
:10113000B0F91420B1F90030B0F9340013448342FF
:1011400001DD801A088030BD10B50346F8F755FF61
:10115000084401B2BDE8104000221846FFF79EBFC8
:1011600010B50346F8F750FF084402B2BDE810403E
:1011700000211846FFF792BFF8B505460C46084611
:10118000F2F768FC4FF4803631462846F9F7EEFA5C
:10119000E070022808D9284631462022F9F73CFDA4
:1011A0000090BDF80000A080284631463122F9F7B2
:1011B00033FDC0B2002784F82200022815D9284642
:1011C000314641F23202F9F727FD00B220840028AF
:1011D00009DD284631463022F9F71EFD0090BDF8A2
:1011E0000000E08301E084F822702846314640F692
:1011F0004502F9F711FDC0B284F8360002281CD967
:10120000284631464FF40462F9F706FD00B2E08546
:10121000002810DD284640F643023146F9F7FCFC71
:10122000A086284644223146F9F7F6FC0090BDF826
:101230000000A08501E084F8367031462846F9F7B1
:1012400024FBFD280AD2E17811FB00F1090AE170C4
:101250004143080A84F8220084F83600E07830B967
:1012600094F8220018B994F83600002805D03146C9
:101270002846F9F739FD20800120F8BDA0F8441078
:10128000FAF72CB9A0F84610FAF728B909B2FBF71B
:10129000E7BA00002DE9F84F04464F1091460D467D
:1012A0004FEA610AC80700D17F1E60008346F6F747
:1012B0006DFF06464B46002026E000BF03EB4400CE
:1012C000009030F8021C6943601E15D4002200EB28
:1012D0000A0C26F81010A44501DA33F81C208A1AEB
:1012E000C11B012901D5198803E003EB410131F845
:1012F000021C401E1144E9D55A4631461846F7F7FC
:101300000FF8009B08F101008046A042D6DB4FF4A5
:101310007F51B1FBF5F2002093B214FB04FC0CE00A
:1013200039F8102042B18A4202D129F8103003E086
:1013300092FBF5F229F81020401C8445F0D80020DB
:1013400039E000BF09EB4002934613886B4300214C
:1013500023E0002B02DA4FF0000C01E04FEAA31C5F
:1013600026F811C0A1EB0A0CBCF1000F02DCB2F8A8
:1013700000C003E00CFB040839F818C0A3EB0C0C08
:10138000CB195B1CA34200DB631E03FB040802EBCA
:10139000440239F81830491C6344A142D9DB5A464B
:1013A000002105E036F81130138002EB4402491C9D
:1013B000A142F7DB401CA042C4DB3046BDE8F84F39
:1013C000F6F730BF2DE9F0470E468AB01F4680463B
:1013D000014615469146D41907A8EEF7A2FE05EB83
:1013E000D57007EB600145F30002891A891EADF83C
:1013F0002010012101EB6000ADF81E004046EEF721
:10140000FEFEBDF82010081AADF81C004046EEF7AD
:10141000D0FEBDF81E1000230844ADF822003A4665
:1014200007A901A8F2F746FA4D46B9F1010F01D01C
:101430004FEA69052046F6F7A9FE8246B046002726
:1014400034E021465046F7F777F801A80090DDF820
:1014500004C023B23AB200215046E04740B19AF8A6
:101460000000800190FBF5F1A8F80010012018E0C1
:1014700061004046F7F732F815E000BF0AEB0002C2
:101480001AF8001012F8012C914204D108EB400127
:1014900031F8022C02E0890191FBF5F228F81020C6
:1014A000401CA042EADB08EB44087F1CA742C8DBD3
:1014B0005046F6F7B7FE01A8F1F774FF012D14D0DE
:1014C00020B2324629460746FFF7E4FE09F0010044
:1014D000284401B2012926DD4FF47F5090FBF1F240
:1014E000002093B204FB04F517E00020644304E0FD
:1014F00036F810108A093254401C8442F8DC0AB0D5
:10150000BDE8F08736F8102032B1FF2A0ED09201E4
:1015100092FBF1F226F81020401C8542F2D83246A8
:101520003846FFF7B7FE0020644307E026F8103086
:10153000F2E700BF16F810103154401C8442F9DC69
:10154000DDE7F0B597B0074614460D4601A8F2F75F
:1015500081FAFF2211461046F0F7E4FA0090BDF838
:1015600000000090BDF80000ADF8080000262A46F3
:1015700001A93846F2F75AFA0FA8F1F7F7FC23460B
:101580002A460FA938460096F1F754FA17B0F0BD75
:1015900030B591B005464FF4E0216522F9F73CFBE8
:1015A000040017D06846EEF7CBF80F480A94CDE94F
:1015B000005001200D9400210790CDE908010B484F
:1015C00006904FF6FF70ADF83C006846EEF72CF938
:1015D00011B030BD04492846EEF76EF815F8500FEB
:1015E00040F001002870F3E723500008FFF70008DF
:1015F0002DE9FC47FE4DFF4C95F82000C00703D0B5
:10160000FD48F0F725FA03E004211220FBF776F9F4
:101610000090BDF80000608095F82000C00704D05D
:1016200005211220FBF76AF903E004211220FBF7E1
:101630004DF90090BDF80000A08095F82000C0078B
:1016400003D0EE48F0F704FA01E0F0F7C2FB009097
:10165000BDF80000E08095F82000C00703D0E848FE
:10166000F0F7F6F903E002211220FBF747F90090AA
:10167000BDF80000208100264620CDE90006DC48A8
:101680005023E04AE0492838FCF7F0FDD84800969E
:101690005023DC4ADC4914380196FCF7E7FDE0688A
:1016A000D03001F069FAD249E0682839D030FCF72F
:1016B000D3FDE068D83001F05FFACD49E068143915
:1016C000D830FCF7C9FDE068083001F055FA95F80C
:1016D0002000C00704D002211220FBF7F7F802E037
:1016E0001220FBF725F90146E0680830FCF723FCDF
:1016F000E06847F6FF7A51460830FCF75AFD0721AB
:10170000E868F0F7E4FD0146E0680830FCF793FC78
:101710000521E868F0F7DBFD0146E0680830FCF7DA
:101720009FFDE06866210830FCF720FCB049E068C6
:1017300014390830FCF790FDE068103001F01CFA15
:10174000E068FF211030FCF711FCE06801F014FAAA
:10175000FF21E068FCF70AFC6088ADF80000009902
:10176000E068FCF7E8FBA088ADF800000099E068AD
:10177000FCF752FD607801287ED00228E8687CD012
:101780005FF00A01F0F7A3FD0146E068FCF790FC6A
:101790006078012872D00228E86870D05FF00A01F2
:1017A000F0F795FD0146E068FCF75DFCE068183055
:1017B00001F0E2F960780128E8687DD05FF0080167
:1017C000F0F785FD0146E0681830FCF7F2FCE068B0
:1017D000FF211830FCF7CAFBE088ADF80000E06894
:1017E00000991830FCF7A7FB2089ADF80000E068ED
:1017F00000991830FCF7BEFB0221E868F0F767FD9E
:101800000146E0681830FCF7CCFBE0680121183095
:10181000FCF7BFFBA088ADF80000E0680099183025
:10182000FCF7FAFC607801287ED00228E8687CD0BA
:101830005FF01001F0F74BFD0146E0681830FCF74F
:10184000FAFB6078012871D00228E8686FD00A217D
:10185000F0F73DFD0146E0681830FCF729FC6078A0
:10186000012865D00228E8687ED00A21F0F72FFD14
:101870000146E068183003E083E085E086E088E018
:10188000FCF7F1FB1220FBF753F80146E068183033
:10189000FCF79DFB0121E868F0F719FD0146E068BF
:1018A0001830FCF79FFBE068A03001F065F9DFF825
:1018B0004081A8F1280800E06DE0E0684646D8F8CD
:1018C0003810A030FCF79DFB0321E868F0F7FFFC1F
:1018D0000146E068A030FCF7A9FB0321E868F0F7B7
:1018E000F6FC0146E068A030FCF79BFBE0687F2136
:1018F000A030FCF791FBE068A83001F03DF9708F53
:10190000ADF80000E0680099A830FCF77AFB0321ED
:10191000E868F0F7DCFC0146E068A830FCF786FBDD
:10192000E0687F21A83004E037E039E03AE03CE0AD
:101930003DE0FCF771FBE068203001F01DF96078B4
:10194000012839D00228E86839D00821F0F7BFFC17
:101950000146E0682030FCF72CFCE068FF212030D5
:10196000FCF704FB208900E024E0ADF80000E0680B
:1019700000992030FCF7DFFA95F82000C00720D04E
:101980006FE00E21E868FDE60C21FBE60E21E86819
:1019900006E70C2104E70C2112E71821E86849E763
:1019A000142147E70E21E86852E70C2150E70E2189
:1019B000E8685BE70C2159E71021E868C6E70C21CD
:1019C000C4E71220FAF7B4FF0146E0682030FCF7C4
:1019D000F4FB0020F0F776FD00EB40004FF4A07917
:1019E000A0265030484517DB0020F0F76BFD0DE0D6
:1019F0000C4F0020880000201A171500302B2800FB
:101A000037322F00DBF700087841020800EB400076
:101A1000503090FBF6F000E0012001B2E068203089
:101A2000FCF7E5FBE0687F212030FCF7D6FB0020C7
:101A3000F0F748FD502707EB8000484507DB002002
:101A4000F0F740FD07EB800090FBF6F000E001208E
:101A500001B2E868F0F73BFC0146E0682030FCF793
:101A6000B7FBA088ADF80000E06800992030FCF7D3
:101A7000D3FB607801287DD00228E8687BD0102154
:101A8000F0F725FC0146E0682030FCF7FCFA6078AE
:101A9000012871D00228E8686FD00A21F0F717FCFE
:101AA0000146E0682030FCF70DFB0521E868F0F7FF
:101AB0000EFC0146E0682030FCF7D5FA0521E86805
:101AC000F0F705FC0146E0682030FCF7F1FAFF4929
:101AD000FD4808600831FE480860E068583001F0B1
:101AE0004BF8E068F9495830FCF764FAE0682321C4
:101AF0005830FCF763FAE068603001F03DF8F349D4
:101B0000E06808316030FCF755FAE0687F2160300A
:101B1000FCF754FAE068C03001F02EF8E0680121CB
:101B2000C030FCF743FAE0680121C030FCF731FA1D
:101B3000E068803001F020F8607801287ED002282B
:101B4000E8687CD05FF01001F0F7C1FB0146E06867
:101B50008030FCF770FA6078012871D00228E868BC
:101B60006FD01021F0F7B3FB0146E0688030FCF73E
:101B70009FFA03E0ECE3ECE3ECE3ECE360780128AC
:101B80007ED00228E8687CD05FF01001F0F79FFB60
:101B90000146E0688030FCF766FAE068783000F0D3
:101BA000EBFF607801286DD00228E8686BD00A212D
:101BB000F0F78DFB0146E0687830FCF73CFA60787E
:101BC00001287CD00228E8687AD00A21F0F77FFB50
:101BD0000146E0687830FCF74BFAE068883000F0A6
:101BE000CBFF0A21E868F0F772FB0146E068883015
:101BF000FCF75EFA0A21E868F0F769FB0146E06845
:101C00008830FCF730FAE068903000F0B5FF14211E
:101C1000E868F0F75CFB0146E0689030FCF70DFBEC
:101C2000E068983000F0A8FFE06802219830FCF7E7
:101C3000EEFAE068683000F09FFF03E0FEE3FEE3A9
:101C4000FEE3FEE3E06800216830FCF7F4F9E068A9
:101C500000216830FCF72CFAE06800216830FCF7BE
:101C600002FAE068703000F087FF607801287CD0CD
:101C70000228E8687AD00221F0F729FB014603E048
:101C8000FEE3FEE3FEE3FEE3E0687030FCF7D3F929
:101C9000607801286BD00228E86869D05FF0020103
:101CA000F0F715FB0146E0687030FCF701FA607848
:101CB00001287DD00228E8687BD0022101E0E6E31C
:101CC000E6E3F0F704FB0146E0687030FCF7CBF97F
:101CD000E068283000F050FFE0684646D8F8381039
:101CE0002830FCF728F9F0F774F80146E06828304E
:101CF000FCF792FAE068FF212830FCF737F9E0683A
:101D0000303000F039FFE068B16B3030FCF713F988
:101D1000E068B16B3030FCF77FFAE0683321303097
:101D2000FCF724F9E068383000F026FF708FADF83A
:101D30000000E06800993830FCF7FDF8F0F749F84A
:101D40000146E0683830FCF767FAE068FF21383078
:101D5000FCF70CF9E068403000F00EFF708FADF832
:101D60000000E0680099403003E0FDE3FDE3FDE39F
:101D7000FDE3FCF7E0F8708FADF80000E068009933
:101D80004030FCF749FAE06833214030FCF7EEF8C8
:101D9000E068483000F0F0FE2089ADF80000E0680F
:101DA00000994830FCF7C7F8E068FF21483001E0AF
:101DB000FDE3FEE3FCF7DAF8A088ADF80000E06888
:101DC00000994830FCF728FAE068503000F0D4FE63
:101DD000E088ADF80000E06800995030FCF7ABF8FF
:101DE000E068FF215030FCF7C1F8A088ADF8000092
:101DF000E06800995030FCF70FFAE068B03000F06E
:101E0000BBFEE06857465146B030FCF7D2F9E068B7
:101E1000B83000F0B1FEE0680021B830FCF7C9F935
:101E2000E068C83000F0A8FE0321E868F0F74FFA38
:101E30000146E068C830FCF70AFA0321E868F0F7C9
:101E400046FA0146E068C830FCF7FCF9E068F0307B
:101E500000F092FEE068B16BF030FCF76CF8E068DF
:101E6000FF21F030FCF782F80621E868F0F72FFA3E
:101E70000146E068F030FCF7DEF8E0683946F03003
:101E8000FCF797F9E068E03000F076FEE068C821E2
:101E9000E030FCF738F8E068E83000F06DFEE0680C
:101EA0007821E830FCF72FF8E06800F5807000F04A
:101EB00063FE2089ADF80000E068009900F58070AD
:101EC000FCF725F80F2105E091500008980000204C
:101ED00095DC0008E868F0F7FAF90146E06800F5DB
:101EE0008070FCF723F8E068012100F58070FCF7B2
:101EF00019F8E06800F5847000F03EFEE068B16B10
:101F000000F58470FCF703F8E06800F5987000F0C5
:101F100033FEE0684FF4827100F59870FCF767F8C3
:101F2000E06800F59C7000F027FE0321E868F0F7F8
:101F3000CEF90146E06800F59C70FCF77CF80221C0
:101F4000E868F0F7C4F90146E06800F59C70FCF71A
:101F500028F8E068B16B00F59C70FCF70BF8E0889E
:101F6000ADF80000E068009900F59C70FBF7E3FF16
:101F7000E068FF2100F59C70FBF7F8FF607801280E
:101F8000E8687CD05FF00801F0F7A1F900EBD070B1
:101F90004110E06800F59C70FCF70BF9E06800F573
:101FA000A07000F0E9FDE068FCA100F5A070FBF76F
:101FB000D8FFEFF70EFF0146E06800F5A070FCF7D0
:101FC0002BF9E068696900F5A070FCF731F9E06869
:101FD00000F5A47000F0D0FD0421E868F0F777F96F
:101FE000404201B2E06800F5A470FCF724F8EFF776
:101FF000F0FE0146E06800F5A470FBF79CFFE06886
:1020000000F5A87000F0B8FDE068012100F5A870A7
:10201000FBF7E8FFA088ADF80000E068009900F544
:10202000A870FBF7D4FFE06800F5947000F0A4FD01
:10203000E068002100F59470FBF7ABFF0A21E86827
:10204000F0F745F90146E06800F59470FCF70BF8ED
:102050002089ADF80000E068009900F59470FBF766
:10206000B6FFE06800F5887000F086FD0321E8689F
:10207000F0F72DF90146E06800F5887000E019E3FB
:10208000FBF7B0FF0321E868F0F721F90146E068AB
:1020900000F58870FCF78DF80821E868F0F717F96B
:1020A0000146E06800F58870FCF7A6F80221E868B0
:1020B000F0F70DF90146E06800F58870FBF7D3FFF3
:1020C000E06800F58C7000F057FDE068394600F5D7
:1020D0008C70FCF76EF80821E868F0F7F8F8014614
:1020E000E06800F58C70FCF787F8E068B16B00F5EC
:1020F0008C70FBF720FFE068FF2100F58C70FBF788
:1021000035FFE06800F5907000F036FD0121E868C9
:10211000F0F7DDF80146E06800F59070FBF762FF2C
:10212000A088ADF80000E068009900F59070FBF71A
:102130004EFF0221E868F0F7CAF80146E06800F5B2
:102140009070FBF778FF1220FAF7F2FB0146E06887
:1021500000F59070FCF760F8E06800F5D07000F0D2
:102160000BFDE068002100F5D070FBF764FFE0682C
:10217000002100F5D070FBF77BFFE068002100F53F
:10218000D070FCF716F8E068012100F5D070FBF77D
:102190000DFFE068002100F5D070FBF7FEFEE0685F
:1021A00000F5EC7000F0E8FC60780128E8687CD06D
:1021B0005FF00801F0F78BF80146E06800F5EC707D
:1021C000FBF7F7FFE068012100F5EC70FBF7EEFE8E
:1021D000E068FF2100F5EC70FBF7C8FEE088ADF881
:1021E0000000E068009900F5EC70FBF7A4FEA08801
:1021F000ADF80000E068009900F5EC70FCF70CF811
:10220000E06800F5D47000F0B7FC607801287DD05C
:102210000228E8687BD00A21F0F759F80146E06807
:1022200000F5D470FBF72FFF6078012870D00228EA
:10223000E8686ED05FF00A01F0F749F80146E068FF
:1022400000F5D470FBF73EFF607801287ED00228AD
:10225000E8687CD05FF00A01F0F739F80146E068E1
:1022600000F5D470FBF704FF0121E868F0F72FF8C0
:102270000146E06800F5D470FBF793FEE068192191
:1022800000F5D470FBF781FEA088ADF80000E0688F
:10229000009900F5D470FBF76DFEE068002100F5B1
:1022A000D470FBF77AFEE06800E005E200F5D87034
:1022B00000F062FCE068002100F5D870FBF7BBFE7F
:1022C000E068002100F5D870FBF7D2FE0121E86834
:1022D000EFF7FDFF0146E06800F5D870FBF761FEFF
:1022E000E068192100F5D870FBF74FFEA088ADF823
:1022F0000000E068009900F5D870FBF73BFEE0684D
:10230000082100F5D870FBF748FE03E0D6E1D8E1DC
:10231000D9E1DBE1E06800F5DC7000F02DFCE0685D
:10232000002100F5DC70FBF786FEE068002100F577
:10233000DC70FBF79DFEE06800F5E47000F01CFC2B
:10234000607801287ED00228E86805E0C0E1C2E19B
:1023500074E177E178E17BE175D00A21EFF7B7FF0F
:102360000146E06800F5E470FBF78DFE6078012817
:102370006AD00228E86868D05FF00201EFF7A7FF93
:102380000146E06800F5E470FBF79CFE60780128E8
:102390007AD00228E86878D00A2101E0EF808C002A
:1023A000EFF795FF0146E06800F5E470FBF760FE8B
:1023B000E06800F5E87000F0DFFB6078012865D088
:1023C0000228E8687DD00221EFF781FF0146E0682E
:1023D00000F5E870FBF757FE6078012872D00228FC
:1023E000E86870D05FF00201EFF771FF0146E06826
:1023F00000F5E870FBF766FEE068002100F5E87084
:10240000FBF7EBFEE068002100F5E870FBF7AEFD9E
:10241000A088ADF80000E068009900F5E870FBF7CF
:10242000FBFEE06800F5E07000F0A6FBE06800212C
:1024300000F5E070FBF727FE002107E00AE10DE15F
:102440000EE111E149E14BE14CE14EE1E06800F5BC
:10245000E070FBF70DFEE06800F5F07000F08CFB1B
:10246000E068332100F5F070FBF780FD1220FAF7E9
:102470005FFA0146E06800F5F070FBF75CFD08E0EC
:10248000F4E0F7E0F8E0FBE031E133E134E1F9E0DA
:10249000FCE0E06800F5F47000F06EFBE0680021FD
:1024A00000F5F470FBF762FD607801287ED0022809
:1024B000E8687DD05FF00201EFF709FF0146E068B0
:1024C00002E01CE11DE11FE100F5F470FBF7FAFDED
:1024D000E06800F5B07000F04FFB0521E868EFF709
:1024E000F6FE0146E06800F5B070FBF77BFDA088C2
:1024F000ADF80000E068009900F5B070FBF767FDEB
:102500001421E868EFF7E3FE0146E06800F5B070DB
:10251000FBF772FE0F21E868EFF7D9FE0146E0688D
:1025200000F5B070FBF7BAFDE06800F5B47000F09C
:1025300023FBE068394600F5B470FBF73AFEA0884B
:10254000ADF80000E068009900F5B470FBF7F3FC0B
:10255000E068FF2100F5B470FBF708FD0F21E86883
:10256000EFF7B5FE014603E092E095E096E099E0D2
:10257000E06800F5B470FBF73FFEE06800F5AC7072
:1025800000F0FAFA0121E868EFF7A1FE0146E068E1
:1025900000F5AC70FBF705FD2089ADF80000E068A0
:1025A000009900F5AC70FBF7E5FC03E0AEE07BE0E2
:1025B000B0E07DE0E068032100F5AC70FBF7EDFCD6
:1025C000E06800F5B87000F0D7FAA088ADF8000018
:1025D000E068009900F5B870FBF7CCFC0221E868D0
:1025E000EFF775FE0146E06800F5B870FBF7D9FC1F
:1025F0000121E868EFF76BFE404201B2E06800F5A8
:10260000B870FBF74BFDE068042100F5B870FBF7EC
:10261000C4FCE0684FF4C87100F5B870FBF773FCB8
:10262000E06800F5BC7000F0A7FA95F82000C0073C
:1026300072D002211220FAF749F971E01821E868F6
:10264000FFF71EBA1421FBE70E21E868FFF726BA50
:102650000C21FBE71821E868FFF776BA1421FBE7A5
:102660001821E868FFF77EBA1421FBE71821E86813
:10267000FFF78CBA1421FBE70E21E868FFF798BA40
:102680000C21FBE70E21E868FFF7A0BA0C21FBE75D
:102690000821E868FFF7F0BA0621FBE70821E8689F
:1026A000FFF7FEBA0621FBE70821E868FFF706BB43
:1026B0000621FBE70C2167E40C217BE50E21E8688D
:1026C000AAE50C21A8E50E21E868B5E50C21B3E5E3
:1026D0000E21E868C0E50C21BEE50E21E8683DE664
:1026E0000C213BE60821E86848E6062146E60E2173
:1026F000E86852E60C2150E60821E86864E6062105
:1027000062E60821E8686FE606216DE60821E868C0
:10271000D2E601E00621CFE601211220FAF7EEF819
:102720000146E06800F5BC70FBF776FDE06800F557
:10273000C07000F021FA607801287DD00228E86896
:102740007BD00A21EFF7C3FD0146E06800F5C070B9
:10275000FBF771FC6078012870D00228E8686ED021
:102760005FF00A01EFF7B3FD00EBD0704110E068B5
:1027700000F5C070FBF77CFCE06800F5C47000F069
:10278000FBF90121E868EFF7A2FD0146E06800F5DA
:10279000C470FBF706FC2089ADF80000E0680099E2
:1027A00000F5C470FBF7E6FBE088ADF80000E068D8
:1027B000009900F5C470FBF7BEFBE068332100F51B
:1027C000C470FBF7D3FBE06800F5C87000F0D4F9E3
:1027D000607801287DD00228E8687BD05FF00A018C
:1027E000EFF775FD0146E06800F5C870FBF74BFC9C
:1027F000607801286FD00228E8686DD05FF00A0188
:10280000EFF765FD0146E06800F5C870FBF755FC81
:10281000607801287DD00228E8687BD05FF0020153
:10282000EFF755FD0146E06800F5C870FBF716FCB0
:10283000607801286FD003E05BE160E161E163E172
:102840000228E86868D00A21EFF741FD0146E068F8
:1028500000F5C870FBF70CFCE06800F5CC7000F0E8
:102860008BF90A21E868EFF732FD0146E06800F5D0
:10287000CC70FBF75BFBE06800F5FC7000F07CF9C6
:102880000421E868EFF723FD0146E06800F5FC70DD
:10289000FBF7D1FBE06800F5F87000F06DF9E06837
:1028A00042F2640100F5F870FBF7A6FBE06800F562
:1028B000007000F061F91220FAF73AF80146E0687A
:1028C00000F50070FBF737FBE0687F2100F5007032
:1028D00003E01BE11EE11FE121E1FBF747FBE0689C
:1028E00000F5027000F048F9E068002100F5027080
:1028F000FBF77DFC607803287ED00128E8687CD057
:102900005FF00801EFF7E3FC0146E06800F50270B4
:1029100003E006E108E109E10DE1FBF74AFCE068AC
:1029200000F50E7000F028F9E068B16B00F50E704C
:10293000FBF720FB0221E868EFF7C9FC400001B279
:10294000E06800F50E70FBF72CFBE068012100F554
:102950000E70FBF722FBE06800F50C7000F00CF93C
:102960000221E868EFF7B3FC404201B2E06800F5ED
:102970000C70FBF756FBE06800F5047000F0FCF803
:10298000607801287ED00228E8687CD05FF01001D2
:10299000EFF79DFC0146E06800F50470FBF773FB60
:1029A000E068002100F50470FBF78CFBE068002173
:1029B00000F50470FBF75CFBE068012100F5047092
:1029C000FBF7F4FAE06800F5067000F0D5F8012195
:1029D000E868EFF77CFC0146E06800F50670FBF75D
:1029E000E0FA2089ADF80000E068009900F5067073
:1029F000FBF7C0FA012101E09FE0A6E0E06800F5E6
:102A00000670FBF7CAFA6078012875D00228E868DA
:102A100073D00A21EFF75BFC0146E06800F5067011
:102A2000FBF709FB6078012868D00228E86870D0BD
:102A30005FF00A01EFF74BFC0146E06800F5067015
:102A4000FBF711FBE06800F5087000F095F860787E
:102A500001286ED00228E8686CD01021EFF737FC0F
:102A60000146E06800F50870FBF7F1FBE06800F54F
:102A7000107000F081F8E068FF2100F51070FBF79E
:102A800075FA01E063E065E0EFF7A3F90146E0685D
:102A900000F51070FBF74FFA1220F9F749FF0146D5
:102AA000E06800F51070FBF751FAE068394600F570
:102AB0001070FBF77EFB0F21E868EFF708FC01467A
:102AC000E06800F51070FBF792FBEFF782F9014622
:102AD000E06800F51070FBF770FB0521E868EFF780
:102AE000F6FB0146E068BDE8FC4700F51070FBF717
:102AF00079BB0E21E86825E62EE030E031E00C21BC
:102B000020E60E21E8682DE60C212BE60E21E86870
:102B100066E629E00C2163E60E21E86870E60C21E8
:102B20006EE60821E8687BE6062179E60E21E86872
:102B30008AE61BE01DE00C2186E60821E868EFF735
:102B4000C6FB00EBD0704010DEE60C21DAE618215F
:102B5000E8681DE714211BE70E21E8685AE70C21FD
:102B600058E70E21E86865E70C2163E71821E8685B
:102B700074E7142172E700000349097809B1FBF7F3
:102B8000B0B9FBF7C2B80000880000202DE9F35F60
:102B90000198F7F7D9F8FE4C00287DD0FD4901983F
:102BA000F6F7E6FA00284BD00198F7F7CDF805467E
:102BB000F949F6F7DDFA00286FD12846F7F7C4F88F
:102BC000F549F6F7D5FA30B1E16800228031019875
:102BD000F5F7F6FFF1E30198F7F77BF888B901986C
:102BE000F7F7B2F8ED49F6F7C3FA50B1E168002201
:102BF00048310198F5F7E4FFE1680022703101984F
:102C00003DE20198F7F765F801280CD10198F7F734
:102C10009BF8E249F6F7ACFA28B10022E168019886
:102C2000F5F7CEFFD0E70198F7F78EF8DC49F6F715
:102C30009FFA0028C0D1E168002218310198C7E747
:102C4000D8490198F6F794FA40B3E16800222031A0
:102C50000198F5F7B5FFE168002228310198F5F7F2
:102C6000AFFFE1680022D0310198F5F7A9FFE168D4
:102C7000202258310198F5F7A3FFE1682022D831CE
:102C80000198F5F79DFFE1680422A0310198F5F75E
:102C900097FF2022E16802E0FEE39CE024E0C831D7
:102CA0000198F5F78DFFE168012238310198F5F7B9
:102CB00087FFE168802260310198F5F781FF019874
:102CC000F7F742F8B849F6F753FA38B90198F7F729
:102CD0003BF8B649F6F74CFA00287CD0E1680022B0
:102CE00001F5E8710198EFE3B1490198F6F740FA70
:102CF00028B1E168002201F5A871019880E7AD498B
:102D00000198F6F735FA4FF4A02808F1010908F107
:102D1000040A002870D00198F7F716F8A649F6F7CC
:102D200027FA20B3E168002201F5FC710198F5F75C
:102D300047FFE168002288310198F5F741FFE1681B
:102D4000424620310198F5F73BFFE1689B4A583134
:102D50000198F5F735FF994AE168603260310198D2
:102D6000F5F72EFFE1684A4628310198FDE3019806
:102D7000F6F7EAFF8849F6F7FBF968B3E168002245
:102D800050310198F5F71CFFE1680422A031019849
:102D9000F5F716FFE168042201F50C710198F5F7CB
:102DA0000FFFE168854A58310198F5F709FFE1689E
:102DB0004D464A4630310198F5F702FFE1682A4650
:102DC00001F50E710198F5F7FBFEE1685546524694
:102DD000A031019801E0FCE30FE0F5F7F1FE774A3E
:102DE000E168183AA8310198F5F7EAFEE1682A4649
:102DF00001F50C71019803E762E00198F6F7A4FF72
:102E00006749F6F7B5F90028E16801984FF000022C
:102E100022D001F5C071F5F7D3FEE1680422A0319C
:102E20000198F5F7CDFEE1680822A8310198F5F781
:102E3000C7FEE168424601F5C4710198F5F7C0FE8E
:102E4000E1685E4A58310198F5F7BAFE5B4AE168DD
:102E500060326031019825E01831F5F7B1FEE16884
:102E60000422A0310198F5F7ABFEE1680822A831F1
:102E70000198F5F7A5FEE168424620310198F5F783
:102E80009FFE4E4AE168603260310198F5F798FE86
:102E9000E1684A4A58310198F5F792FEE1684A46DE
:102EA00028310198F5F78CFEE1685246A03101986F
:102EB000F5F786FE414AE168183AA83101989FE685
:102EC0003F490198F6F754F94FF4003510B3E16823
:102ED000002230310198F5F773FEE1680022B0312D
:102EE0000198F5F76DFEE1680422A0310198F5F72D
:102EF00067FEE1680822A8310198F5F761FEE168F4
:102F00002A4628310198F5F75BFEE1682A46B03180
:102F10000198B4E02B490198F6F72AF94FF44036AE
:102F2000A0B3E168002230310198F5F749FEE1686D
:102F30000022B0310198F5F743FEE1680422A03188
:102F40000198F5F73DFEE1680822A8310198F5F7F0
:102F500037FEE1682A4628310198F5F731FEE1682D
:102F60002A46B0310198F5F72BFEE1683246F03180
:102F70000198F5F725FE144DE1682A46C8310198FD
:102F8000F5F71EFEE1683246D0311FE020E0000078
:102F90008800002014400208C447020818480208AC
:102FA00090410208E47F020800470208E446020854
:102FB000A8800208008002083847020820000500A7
:102FC000C87F0208FC800208200003000198F4E09A
:102FD000FA490198F6F7CCF8E8B3E1680022183115
:102FE0000198F5F7EDFDE168002268310198F5F7E9
:102FF000E7FDE1680022B8310198F5F7E1FDE168ED
:103000000422A0310198F5F7DBFDE1680822A83120
:103010000198F5F7D5FDE1684FF480320831019849
:10302000F5F7CEFDE168E64A10310198F5F7C8FDE5
:10303000E1684546424650310198F5F7C1FDE16827
:103040002A4601F5AC710198F5F7BAFDE1682A4608
:103050008031019800E013E0F5F7B2FDE168D94A4C
:1030600058310198F5F7ACFDE168524628310198D6
:10307000F5F7A6FDD34AE168183A3831019821E204
:10308000D1490198F6F774F8D04FDFF840B37F3F8D
:10309000F0B3E168002288310198F5F791FDE1680D
:1030A0000422A0310198F5F78BFDE1685A466031A2
:1030B0000198F5F785FDE1682A4601F59C710198B4
:1030C000F5F77EFDE1683A4628310198F5F778FD7D
:1030D000E1683A4601F5A0710198F5F771FDBB4E24
:1030E000E168603E324658310198F5F769FDE168C4
:1030F0003246C8310198F5F763FDE1683246D831B0
:103100000198F5F75DFDE1682A46D0310198E8E3C2
:10311000FFE7AF490198F6F72BF8E8B3E168002222
:1031200048310198F5F74CFDE1680022B031019873
:10313000F5F746FDE1680022E8310198F5F740FD1A
:10314000E168802260310198F5F73AFDE1680422D8
:10315000A0310198F5F734FDE1683A46283101982D
:10316000F5F72EFDE1682A46B0310198F5F728FD04
:10317000E1685A4660310198F5F722FDE168324670
:10318000F0310198F5F71CFDE168324650310198A5
:10319000F5F716FD324600E016E0E168019801F50A
:1031A000A471F5F70DFDE1688A4A60310198F5F7E1
:1031B00007FDE1683A46D8310198F5F701FDE1686D
:1031C0002A46D83101988CE383490198F5F7D0FF5E
:1031D0004FF4E02BD8B3E168002218310198F5F7DD
:1031E000EFFCE168002278310198F5F7E9FCE1682D
:1031F000002201F594710198F5F7E2FCE1684FF4C3
:10320000803208310198F5F7DBFCE1686C4A103137
:103210000198F5F7D5FCE168424601F588710198FF
:10322000F5F7CEFCE1682A4601F58C710198F5F7B7
:10323000C7FCE1684FF4C02201F590710198F5F7E1
:10324000BFFCE1685A4601F58871019849E3FFE740
:1032500062490198F5F78CFF4FF4802728B3E168A5
:10326000002218310198F5F7ABFCE1680022E0314B
:103270000198F5F7A5FCE168002290310198F5F777
:103280009FFCE168002298310198F5F799FCE1680C
:103290000422A0310198F5F793FCE1680822A831D7
:1032A0000198F5F78DFC3A4687E24D490198F5F70C
:1032B0005FFF40B3E168002218310198F5F780FC08
:1032C000E168002278310198F5F77AFCE168002284
:1032D000D0310198F5F774FCE1682022D8310198CB
:1032E000F5F76EFCE168202258310198F5F768FC8B
:1032F000E1680422A0310198F5F762FCE168082238
:10330000A831019859E737490198F5F731FFA0B383
:10331000E168002218310198F5F752FCE1680022BB
:10332000C0310198F5F74CFCE1680022903101981A
:10333000F5F746FCE168002201F598710198F5F770
:103340003FFCE1684FF4803208310198F5F738FC12
:10335000E1681B4A10310198F5F732FCE1683A4602
:1033600050310198F5F72CFCE1681F4A283101988B
:10337000F5F726FC1C4A1F3264E1FFE71B49019860
:10338000F5F7F6FEA0B3E168002201F5807101981F
:10339000F5F716FCE1682A4601F580710198F5F70A
:1033A0000FFCE1682A4601F584710198F5F708FCE5
:1033B000E1683246F031019893E245E23481020837
:1033C00040000100200005001C800208800002006F
:1033D0001881020880000300E4410208C48002084A
:1033E000388002085480020801000400AC7F020803
:1033F000FFE7F8490198F5F7BBFE98B1E1680022B4
:1034000001F580710198F5F7DBFBE1682A4601F5CB
:1034100080710198F5F7D4FBE1682A4601F58471C3
:1034200001985EE2EC490198F5F7A2FE88B1E168E7
:10343000002218310198F5F7C3FBE1680022B03192
:103440000198F5F7BDFBE1682A4601F5B4710198D2
:1034500047E2E2490198F5F78BFEA0B3E16800224C
:1034600018310198F5F7ACFBE1680022783101983A
:10347000F5F7A6FBE1680422A0310198F5F7A0FB5F
:10348000E1680822A8310198F5F79AFBE1684FF44A
:1034900080320831019800E098E1F5F791FBE1688E
:1034A000CF4A10310198F5F78BFBE168CD4A01F561
:1034B000B8710198F5F784FBE1684FF4002201F53B
:1034C000BC7101980DE200E014E1C7490198F5F7DD
:1034D0004FFE20B1E168002218310198C8E1C349CC
:1034E0000198F5F745FE28B1E168002201F5C871A1
:1034F0000198F6E1BE490198F5F73AFE0028F3D1AC
:10350000BC490198F5F734FE80B30022E1680198C8
:10351000F5F756FB6078E168012846D0703100224B
:103520000198F5F74DFBE1680422A0310198F5F709
:1035300047FBE1680822A8310198F5F741FBE168F3
:103540004546424620310198F5F73AFBE168AA4A20
:1035500060310198F5F734FBE1682A465031019853
:10356000F5F72EFB2A46E16801E010E01FE001F5C7
:1035700002710198F5F724FB9F4AE168603A5831DF
:103580000198F5F71DFBE1684A4648310198F5F7C7
:1035900017FBE168524630310198F5F711FB964A66
:1035A000E168783A403101989BE17831B7E7934977
:1035B0000198F5F7DDFD68B1E16800221831019846
:1035C000F5F7FEFAE168002201F504710198FFF7B2
:1035D000FFBA8BE18A490198F5F7CAFD58B1E16855
:1035E000002248310198F5F7EBFAE168002201F575
:1035F0000871019875E183490198F5F7B9FD28B381
:10360000E168002250310198F5F7DAFAE16800220A
:1036100001F506710198F5F7D3FAE1680422283123
:103620000198F5F7CDFAE168042201F508710198D7
:10363000F5F7C6FAE168202201F508710198F5F75F
:10364000BFFA2022E168019858314AE16E49019899
:10365000F5F78EFD58B1E168002218310198F5F7B1
:10366000AFFAE168002201F5D071019839E16749AC
:103670000198F5F77DFD28B1E168002201F5D871C8
:103680000198A4E762490198F5F772FD28B1E16855
:10369000002201F5DC71019899E75E490198F5F780
:1036A00067FDC0B1E168002201F5D4710198F5F71A
:1036B00087FAE168202201F5F0710198F5F780FAA8
:1036C000E168212230310198F5F77AFAE1680122A8
:1036D0003031019805E150490198F5F749FD20B9CD
:1036E0004E490198F5F744FD60B1E168002201F50B
:1036F000E4710198F5F764FAE168202201F5F071B0
:103700000198EEE046490198F5F732FD28B1E168ED
:10371000002201F5E071019859E742490198F5F757
:1037200027FD28B1E168002201F5EC710198D8E08D
:103730003D490198F5F71CFD28B1E168002201F52B
:10374000F4710198CDE039490198F5F711FD58B1B0
:10375000E168002218310198F5F732FAE168002299
:1037600001F5F8710198BCE031490198F5F700FDC9
:1037700028B1E168002201F500710198B1E02D49FE
:103780000198F5F7F5FCE0B1E168002218310198E5
:10379000F5F716FAE168002278310198F5F710FA8A
:1037A000E1680422A0310198F5F70AFAE1680822DD
:1037B000A8310198F5F704FA5A46E16801982831D2
:1037C0008FE01D490198F5F7D3FCB8B30022E168FA
:1037D0000198FCE6A84702081C470208508102082D
:1037E000400001000200070090410208AC410208BD
:1037F000C84102081C42020880000500CC450208AE
:1038000004460208E845020820460208AC460208C1
:10381000C84602085846020800470208E446020863
:103820003C460208744602089046020838470208DF
:10383000704702088C470208E0470208FFE72C495E
:103840000198F5F795FC58B1E1684FF480320831E2
:103850000198F5F7B5F9E168264A1031019840E082
:1038600025490198F5F784FC48B10022E1680198E8
:10387000F5F7A6F9E16800226831019831E01F49A7
:103880000198F5F775FC20B1E1680022C03101987C
:1038900027E01B490198F5F76BFCB8B1E1680022FD
:1038A00001F5CC710198F5F78BF9E16800228031C0
:1038B0000198F5F785F9E168324650310198F5F73E
:1038C0007FF9E1683246803101980AE00D4901989C
:1038D000F5F74EFC002809D0E1680198002201F5B7
:1038E000107102B0BDE8F05FF5F76AB9BDE8FC9F62
:1038F000FC47020840000100C447020818480208BB
:1039000000420208B04502082DE9F84F0546F1F7DC
:10391000A2FB04462846F1F7DCFB05460A2C46D1FB
:10392000F6F77FF906462846F6F761F90446694638
:103930002846F6F76FFABDF9002006EBD67002EBC9
:10394000600090FBF6F07043BDF9021007B204EB83
:10395000D47001EB600090FBF4F060430F260FFA87
:1039600080F800241AE021462846F6F7DCF8814664
:10397000F7F7A3FA82464846F7F7BBFA0146BA457D
:103980000BD1414509D1C5F8249099F82460002253
:103990001C212846F1F7A2FB05E0641C2846F6F737
:1039A000D4F8A042DFD831462846F8F78BFDBDE8B1
:1039B000F88FC143491C0840B0FA80F0C0F11F00E5
:1039C000704718B1B0FA80F0C0F12000401E704777
:1039D0007CB50C46DCF767FE0A4D60B101266846EF
:1039E000DCF73CFEBDF802002880A91CBDF80400ED
:1039F0000880A67301E00020A073288820806888D2
:103A000060807CBD10000020FEB5066804460025DD
:103A1000728C0420C2F3C5020CE000BFF36800EB17
:103A2000C507DB599F0104D5A76823F07F43BB423C
:103A300003D06D1CAA42F1D8FEBDA388472B60D0ED
:103A40000EDC342B50D006DC202B5AD0302B58D033
:103A5000332B16D148E03B2B53D0442B11D150E0EF
:103A6000682B41D004DC632B41D0672B09D13BE0AC
:103A7000A3F58060573844D000F6FE70B0F5005FC3
:103A800032D069B3FF292DD0D4E90302121A4A4378
:103A900000EB22200090F068012701AA50F83500C1
:103AA0001946FAF701F960B1DDE90010814208D149
:103AB000BDF80020BDF804309A4202D1814200D105
:103AC0000027F068A188009A50F83500FAF706FB45
:103AD000002FB1D0A288A1682068F8F775F9FEBD63
:103AE000E068D7E72069D5E7FF29FBDAF8E7E06867
:103AF0000028F7D02269002ACCD08029CADB0092A6
:103B0000C9E7002901DCA08920E0FF2901DB208A28
:103B10001CE0C8B2228AB4F80CC0001DC7080D49C9
:103B20001FFA8CF092B240EA004042EA024208409A
:103B30000A40121A7A4300EB5210084040EA104043
:103B4000ADF8080080B20290BDF80800ADF80000A2
:103B5000A1E700001FF8E0072DE9F04104682648BE
:103B6000A6882568DEF7DFFF10E0A1420BD00868C9
:103B70002268904207D18868A268904203D1888861
:103B8000A288904236D01C48DEF7DFFF0100ECD15E
:103B9000698C00270420C1F3C50129E0EA6800EB25
:103BA000C703D258930122D5A36822F07F429A42DC
:103BB0001DD121461048DFF720F82046F4F744FBDA
:103BC000E868314600EBC7042068FAF727F9E8688F
:103BD00050F83700FAF79CF800280BD0606821688D
:103BE00020F07F422846BDE8F041F8F76BB97F1C12
:103BF000B942D3D8BDE8F081844F002070B5046885
:103C0000A068A28800F47F0631462068F7F704F820
:103C1000E060A5880020A08023462A46314620681F
:103C200000F00CF8A580A1682068E9F7DDFFA18805
:103C30000068E268BDE87040FAF750BA2DE9FF4F1E
:103C4000064681B09B46894600272648DEF784FF5A
:103C500004464FF4702A4FF004083DE05C453DD027
:103C600021462048DEF775FF00902068B04232D12F
:103C7000A168494501D0D1452DD1A1880398814241
:103C800003D0A0F57F41FF3925D100251EE000BFFC
:103C9000F06808EBC50141588A0116D5D14503D01B
:103CA00021F07F424A4510D150F83500A188FAF73B
:103CB000B5F800212046EBF7FFFC21460948DEF766
:103CC0009CFF2046F4F7C0FA01276D1C708CC0F3EE
:103CD000C500A842DCD8009C002CBFD105B03846F6
:103CE000BDE8F08F844F002000880988401A704793
:103CF0002DE9F04186B00446F2F7FEFD050072D0D2
:103D00002046F1F7A8F906462046F1F7E2F9044605
:103D100090F85000800766D52846F2F72EFE02285C
:103D200061D02846F2F729FE04285CD06946606A13
:103D3000F5F791FF03A92846F2F7F4FD04A92846F8
:103D4000F2F720FEBDF90C1000294CDBBDF90E0086
:103D5000002848DBBDF80020891AADF80810BDF82E
:103D60000210401AADF80A00606AF7F7A0F80146A1
:103D7000606ABDF908200546002A01DA002703E041
:103D80008A4203DB47F6FF77012009E002A9F3F737
:103D900095F987B202A9606AF3F7B0FB80F00100E1
:103DA00094F85C104FF6FF788A0723D550EAC17269
:103DB0004FF4407001D1012E08D0C9071ED0022E49
:103DC00012D0032E12D0082E10D019E0C4E91578B5
:103DD00094F85C1041F00102014684F85C20204612
:103DE000F5F778FA06E03FE0A76503E001462046D4
:103DF000F4F7ACFE94F85C00C00701D1012E33D17A
:103E000039462046FBF736F894F85C00C0072BD003
:103E1000D4E91501884208D9EA6B8A4202D12A6C9A
:103E2000824218D0E963606D11E008D2EA6B8242E9
:103E300002D12A6C8A420ED0E863A06D07E0E96BDC
:103E40004046814202D1296C814204D0E863286453
:103E50002046F7F743FB032E01D0082E04D114F8B7
:103E60005C0F20F00100207006B0BDE8F08100007A
:103E700070B5F1F72EF90546F5F766FFEDF79CF8FA
:103E8000044601212846F5F74EFE054694F9020046
:103E90000549228801EB800004A150F8043C284623
:103EA000BDE87040F3F7F9BEC4000020256420256A
:103EB0007300000070B5F1F70CF90546F5F744FF03
:103EC000EDF77AF8044600212846F5F72CFE024665
:103ED0002088A0F2E770404281B21046F1F792F8D4
:103EE00001212846F5F71FFE024694F90200BDE8BD
:103EF0007040401E81B21046F1F784B8F8B5044610
:103F0000B0F92E0010F5004F59D0B4F92C30678D60
:103F100099B2B94202D201F5B4710BB294F83410DF
:103F2000C1F34101D9B301290ED0022947D1009331
:103F3000B4F93220B4F930103B46F4F7E9F805B291
:103F40002046A28DA9B237E0F91801EBD171B4F97E
:103F50003050B4F9322041F34F06A91801EBD1716A
:103F600041F34F0188420CDA0A463B462946009647
:103F7000F4F7CEF805B2A9B22046ECF76AF8B1B270
:103F800009E000933346F4F7C3F805B2B1B2204616
:103F9000ECF75FF8A9B22046ECF71FF80EE0FFE758
:103FA0000093B4F93220B4F930103B46F4F7B0F87E
:103FB00005B2AAB22046618DEBF78BFFA587F8BD4D
:103FC00070B50546F1F785F804462846F1F783F801
:103FD00005462046F0F716FE04462846ECF7ECFFAF
:103FE0000068A4F2E774614240F307422846BDE846
:103FF000704089B2ECF7E2BF4FF04070E1EE100A7A
:1040000070470000000000000000010203040607E2
:10401000080900000000000081930108799401085C
:1040200000000000C1970108820082004A020000DF
:10403000000001E001E0000000FF0055AAFF0011B0
:104040002233445566778899AABBCCDDEEFF000188
:1040500002030405060708090A0B0C0D0E0F1011C8
:1040600012131415161718191A1B1C1D1E1F2021B8
:1040700022232425262728292A2B2C2D2E2F3031A8
:1040800032333435363738393A3B3C3D3E3F404198
:1040900042434445464748494A4B4C4D4E4F505188
:1040A00052535455565758595A5B5C5D5E5F606178
:1040B00062636465666768696A6B6C6D6E6F707168
:1040C00072737475767778797A7B7C7D7E7F808158
:1040D00082838485868788898A8B8C8D8E8F909148
:1040E00092939495969798999A9B9C9D9E9FA0A138
:1040F000A2A3A4A5A6A7A8A9AAABACADAEAFB0B128
:10410000B2B3B4B5B6B7B8B9BABBBCBDBEBFC0C117
:10411000C2C3C4C5C6C7C8C9CACBCCCDCECFD0D107
:10412000D2D3D4D5D6D7D8D9DADBDCDDDEDFE0E1F7
:10413000E2E3E4E5E6E7E8E9EAEBECEDEEEFF0F1E7
:10414000F2F3F4F5F6F7F8F9FAFBFCFDFEFF8080D8
:1041500080818182828384858687898A8C8D8F91F4
:10416000939597999B9EA0A2A5A7AAADAFB2B500C3
:10417000FF1FFF1F01E001E0210020000A080B08DB
:104180000D300C300E380F38640063000000000062
:1041900014400208BD0E01080000000000000000ED
:1041A00000000000C300C300041C0000144002080B
:1041B000A90202080000000000000000000000004A
:1041C00064202B0000000000144002088503020850
:1041D0000000000000000000000000006420D12763
:1041E00000000000144002080711010861110108D5
:1041F00000000000C511010864200401C00800008F
:1042000014400208FD1D010800000000000000002D
:10421000491E010804010401010400000080020895
:10422000FD6B01080000000000000000000000001D
:10423000642032200104000088840208DC84020823
:10424000F4840208B4840208E0840208E8840208C6
:10425000FC840208EC840208C0840208D4840208AA
:10426000D884020810850208808402089C84020811
:10427000A4840208E4840208B0840208B884020816
:10428000BC84020894810208C4840208C88402081D
:104290009C8102081885020880840208A084020814
:1042A0009084020800850208F8840208AC840208A1
:1042B000F0840208A8840208D0840208CC84020892
:1042C000948402088C84020898840208808402087E
:1042D0001485020808850208848402080C850208F7
:1042E000048502081C8502089501040204020402E8
:1042F000040204020402040204020402040287000D
:1043000096010302030203020302030203020302F3
:1043100003020302870081028102010201020102FD
:104320000102010201020102810281028102920165
:1043300082000600820092018884020860850208DB
:104340007885020830850208648502086C850208B9
:104350008085020870850208408502085885020899
:104360005C8502081085020880840208888502089E
:1043700020850208688502082C8502083485020819
:10438000388502083C8502084485020848850208F1
:104390004C8502081885020880840208A08402085F
:1043A00090840208848502087C850208288502081A
:1043B0007485020824850208548502085085020885
:1043C000948402088C84020898840208808402087D
:1043D0001485020808850208848402080C850208F6
:1043E000048502081C8502089501040204020402E7
:1043F000040204020402040204020402040287000C
:1044000096010302030203020302030203020302F2
:1044100003020302870081028102010201020102FC
:104420000102010201020102810281028102920164
:104430008200060082009201BC850208C085020845
:10444000C4850208C8850208CC850208D085020808
:10445000D4850208D8850208DC850208B8850208E0
:10446000108502088084020888850208B085020849
:1044700090840208B4850208AC850208E885020829
:104480009C8502088C850208F08502089485020844
:10449000E4850208EC85020880840208FC85020895
:1044A000F485020898850208A4850208A8850208F8
:1044B0000486020808860208F885020800860208B9
:1044C000E085020890850208A08502088084020821
:1044D0001485020808850208848402080C850208F5
:1044E000048502081C850208010201020102010282
:1044F0000102010201020102010201028200920195
:104500000102010201020102010201020102010293
:104510000102010201020102010201020102010283
:1045200001020102010201020102010201029201E3
:104530008200060082009201BC850208C085020844
:10454000C48502081485020880840208C885020810
:10455000CC850208D0850208048502088084020800
:10456000D4850208D8850208DC8502081085020877
:10457000808402080C860208B88502089484020828
:10458000088502080C8502081C850208010001004C
:1045900001009201010001000100920101000100EF
:1045A0000100020001000100010001000100000003
:1045B00014400208657D01080000000000000000B2
:1045C000817D01081A001A008002000014400208D0
:1045D00000000000000000000000000000000000DB
:1045E000C300040100000000E47F02080000000096
:1045F00000000000000000000000000000000000BB
:10460000000000008C800208000000000000000094
:10461000000000000000000000000000000000009A
:104620001440020859860108BD87010800000000F7
:1046300000000000C300040140060000144002080E
:10464000C5870108F987010800000000000000008C
:104650006420D127800200001440020899870108D5
:104660000000000000000000000000006420D127CE
:1046700000000000144002088188010800000000CA
:1046800000000000000000006420D12700000000AE
:1046900014400208000000000000000000000000BC
:1046A00000000000D127D1270000000014400208BC
:1046B00000000000000000000000000000000000FA
:1046C000000000000000000014400208000000008C
:1046D00000000000000000000000000000000000DA
:1046E000000000001440020800000000000000006C
:1046F00000000000000000000000000000000000BA
:10470000144002080000000000000000000000004B
:10471000000000000000000000000000144002083B
:10472000C5890108E189010800000000F989010834
:1047300000000000C0030000144002080000000058
:104740000000000000000000000000000401D1276C
:104750008003000014400208000000000000000078
:1047600000000000000000006420D127400200008B
:1047700014400208000000000000000000000000DB
:104780000000000064206420400200005081020804
:10479000A1D8010800000000000000002DD9010888
:1047A0000000000041070000AC7F02082DDC01087A
:1047B00000000000000000000000000000000000F9
:1047C000000000001440020895E60108B9E701085E
:1047D0000000000015E801086420642000030000C8
:1047E0001440020831F2010800000000000000003F
:1047F00000000000000000008002000014400208D9
:104800006DF2010800000000000000000000000040
:10481000000000008002000014400208D1FB0108E3
:104820000000000000000000000000006420642080
:10483000400200000EA0D90D90C80C80B70A60118C
:104840000B80D91F0991F0881F0880F088000000B4
:10485000000D203C00000F0069002FFFFFFFF70153
:104860005C11A610006900C300008800D2009FFF01
:10487000FFFFF012C523E22000D203C00000F004C5
:10488000B0000000700000000E00000000E000001A
:1048900019EFEA300CD6E6A702F40E00001F80E004
:1048A00000006FEF50000016FFE500000E0AF00157
:1048B00000E05F13F85E6EB005CFFE9100000E00C1
:1048C00000000070000008DD3000A7004B02D0049B
:1048D000C0007700D01D20004B03D0A7000007DCEC
:1048E00034C4CC3000001D2D22D00000A63B00B304
:1048F0000005C03A00A3001D200D00D000A6000452
:10490000CC40004DFC300000F718C00001F205D08B
:104910000000BB6E4000005FF3000007E6DB038091
:104920002F301DBAA05F0001DF401FB448FEC00356
:10493000BFFC40B200000000001F01F01F00F000AB
:104940000003F10B900F404F007D009B00AA00AACE
:10495000009B007D004F000F400B9003F15E000EA6
:104960006008C004F001F300F500E600E600F50180
:10497000F304F008C00E605E0000930088A6C20930
:10498000FE404DDDB1429350005200000450000043
:1049900008A0000008A0001FFFFFF30339B3300098
:1049A00008A0000008A0000103F61E60E12C000032
:1049B0000003FFF90333100003F52E4000000E4002
:1049C0000004E000009A00000E400004F000009A8D
:1049D00000000E400003F000009A00000E5000039B
:1049E000F000009A00000E500003F00000004CFEA2
:1049F00070004FB68F900DB0005F32F40000E74FAB
:104A000020000CA4F20000CA2F40000E70DB00054D
:104A1000F204FB68F90004CFE700EFFB44CB00ABE6
:104A200000AB00AB00AB00AB00AB00AB00AB07DFF3
:104A3000EA108E857EC0010006F1000006F000003D
:104A40000D900000CC00001CC00001DB00001DE543
:104A500044427FFFFFF97FFFFFF024445F90000096
:104A6000BC000009E100003FD81000046DD0000038
:104A700002F4100002F4BD757DD019DFEA100000C9
:104A80000DA0000000AC00000007E10000004F4056
:104A9000100002F600F5001DA000F5007FFFFFFFEB
:104AA000F3133333F730000000F500000000F50089
:104AB00009FFFFF00AB444400C8000000E700000B3
:104AC0000FFFFC4003345CF2000000F7100000F719
:104AD0008E856CF108DFFB30002AEFD5003FD657FA
:104AE000400CC0000002F40000004F5BFFA104FE78
:104AF000845DD03F80003F30E80003F206F845DCDB
:104B00000005DFE9109FFFFFFD9D4444E99C000480
:104B1000F200000BB000002F400000AD000001F6D5
:104B2000000008E000000E8000006F1000019EFEF3
:104B30009100BE636EC00F60006F00CC202BC002DE
:104B4000EFFFE200DC424CD05F20001F55F2000274
:104B5000F50ED535DE001AEFEA1003BFEA202FA4C8
:104B60004BE18E0000E99D0000DD4F7129FF07FF3A
:104B7000FC9E000210AC000002F607658FB00AEF41
:104B8000D7002E53F50000000000003F52E42E53E2
:104B9000F50000000000002E52F60D21D0010000AB
:104BA00000003100006CF2018ED6000FC300000A35
:104BB000FB40000017EE70000005C3000000001F5E
:104BC000FFFFF30333333000000000000000001F3C
:104BD000FFFFF303333330040000000ED710000052
:104BE0005CF92000002AF20003AFB106DE82001C4F
:104BF0006000000000000007DFEA109E746EC00134
:104C00000006F0000009C000008E200006F200003F
:104C100008700000000000000B8000000C900000F5
:104C2000006CEFDA4000003DA41016D90001E50940
:104C3000EE98CA900A80BD43AFC0D30F13F2000CA8
:104C4000C0693C06D00007C03B4B06D00007C02C13
:104C50003C03F2000CC04A0F10BD439EE3C50A801E
:104C600009EE91CF9001E50000000000003DA41086
:104C700028000000007CEFD9100000000CF10000BB
:104C800000003FD700000000B96E00000002F20EE5
:104C900050000009A007D000001F3000F400007F82
:104CA000FFFFFB0000E733334F2005F000000C90BE
:104CB0000C90000006F18FFFFEC408E3334BF28E28
:104CC00000001F58E00018F18FFFFFF808E33337AA
:104CD000F68E000009C8E000009D8E33347F78FF17
:104CE000FFFD700007CFFB4000CF966AF50AE20097
:104CF00000301F600000004F200000004F20000027
:104D0000001F600000000AE200003001CF966AF543
:104D10000007DFFB408FFFFEA4008E4446CF708E5D
:104D2000000007F38E000000DA8E0000009D8E0068
:104D300000009D8E000000DA8E000007F38E4446CE
:104D4000BF708FFFFEA4008FFFFFF68E4444418E9C
:104D50000000008E0000008FFFFFC08E3333208ED6
:104D60000000008E0000008E4444428FFFFFF98F48
:104D7000FFFFF68E4444418E0000008E0000008E3E
:104D80000000008FFFFFC08E3333208E0000008EA6
:104D90000000008E0000000007CFFC5000CF966A94
:104DA000F60AE20000201F600000004F2000000013
:104DB0004F200000B91F600000B90AE30000B900ED
:104DC000CF966AF80007DFFC608E000008E8E0007C
:104DD000008E8E000008E8E000008E8FFFFFFFE8E5
:104DE000E333339E8E000008E8E000008E8E000062
:104DF00008E8E000008E8E8E8E8E8E8E8E8E8E8EC9
:104E000002FFFFC00444BC000009C000009C000079
:104E100009C000009C000009C02000BA0EB58F60D8
:104E20003CFE808E00004F508E0004F6008E003F46
:104E300070008E03F800008E2EC000008EECF6008D
:104E4000008FB07F30008E000AE1008E0000CC00A1
:104E50008E00001EA08E0000008E0000008E00005C
:104E6000008E0000008E0000008E0000008E00000A
:104E7000008E0000008E4444408FFFFFF28E000041
:104E80000008E8F7000002FE8FF10000BFE8DCA098
:104E9000004F9E8D2F300D87E8D09C06E07E8D015F
:104EA000E7E507E8D006FC007E8D000A2007E8D081
:104EB0000000007E8E100008E8FC00008E8FF900D4
:104EC00008E8E6F6008E8E09F308E8E00CE18E8E25
:104ED000001EB8E8E0003FEE8E00006FE8E0000042
:104EE000AE0007CFEB500000CF966BF9000AE2004E
:104EF000005F601F6000000AD04F20000006F04FE6
:104F000020000006F01F6000000AD00AE200005FE7
:104F10006000CF966BFA000007DFEB50008FFFFDBB
:104F20007008E4458FB08E00005F38E00001F58E18
:104F300000003F48E0014DD08FFFFFB208E333107F
:104F4000008E00000008E00000000007CFEB5000DA
:104F500000CF966BF9000AE200005F601F6000005E
:104F60000AD04F20000006F04F20000005F01F601F
:104F700000000AD00AE200005F6001DF855AFA00F3
:104F80000008DFFC5000000001EC21940000001B31
:104F9000FFC10000000012008FFFFD7008E4458F84
:104FA000B08E00005F38E00001F58E00003F38E071
:104FB000014DD08FFFFFC208E333DA008E0002F606
:104FC00008E00005F3019EFDA200CE646B702F4047
:104FD000000001F800000006FD950000016AEE5097
:104FE0000000009F00200005F13FA547EB004BEFBC
:104FF000E910FFFFFFFF2444BD44400009C000004A
:10500000009C00000009C00000009C00000009C0D6
:105010000000009C00000009C00000009C00009CF3
:1050200000000BA9C00000BA9C00000BA9C0000042
:10503000BA9C00000BA9C00000BA8E00000D94F4C9
:105040000003F50CF868FD0009EFE9100CB0000052
:105050000AC05F200001F500E900008E0008F000A2
:105060000E70001F6005F10000AD00C9000003F4E0
:105070003F3000000CBAC00000005FF500000000E7
:10508000EE00006F10000DB00002F21F60003FF153
:105090000008D00BB0008BE6000D7006F000E69B18
:1050A000002F2001F503F14F108D0000CA09B00E4A
:1050B00060D800006F0E6009B2F300001F9F10045B
:1050C000F9D000000CFB0000EF80000007F60000A4
:1050D0009F30003F50000DA008F2009D0000CC045E
:1050E000F300002F9E70000006FC00000009FE1077
:1050F00000004F4DB00001E802F7000BD0007F2008
:105100007F20000BD00CB000009C002F50002F30EF
:10511000009E000C900000E805F1000005F3E60099
:1051200000000CFD000000003F4000000002F30002
:105130000000002F3000000002F300004FFFFFFFCF
:105140009144444AF3000003F6000001EA00000025
:10515000CC0000009E1000006F4000003F70000077
:105160001ED4444436FFFFFFFC8FF68D318D008D39
:10517000008D008D008D008D008D008D008D008DC7
:10518000008D318FF65D000000F200000B80000002
:105190006D000001F200000B8000006D000001F2C4
:1051A00000000B7000006D000001F200000B7000A9
:1051B000006D000001F2BFF325F302F302F302F3E6
:1051C00002F302F302F302F302F302F302F325F314
:1051D000BFF300AD00001EC4000885A000E20E1061
:1051E0005B00970B5002E0EEEEEEE00BC00009B062
:1051F00004CFEA100B745DB0000004F004CEEEF2B0
:105200001F8214F24F1004F21F703DF204DFD7F238
:10521000BA000000BA000000BA000000BA8EFC30EC
:10522000BFD54BF3BE1000CABA00007EBA00007EA4
:10523000BE1000CABFD55BF3B98EFC30007DFD60A7
:1052400009F748F42F5000205F0000005F000000C5
:105250002F50002009F748F4007DFD600000001F7A
:1052600040000001F40000001F4008EFC4F40AF7FA
:1052700048FF42F50007F45F00002F45F00001F4FD
:105280002F50006F40AE637EF4008EFC4F40008EC6
:10529000FC400AD538F42F20008C5FEEEEFF5F2132
:1052A00011112F70001009F846E4007DFE80009E69
:1052B000E305F44108C000CFFFF029D32008D00057
:1052C00008D00008D00008D00008D00008D00000A6
:1052D0007EFC4E60AF747FF62F50005F65F00000DB
:1052E000F65F00000F62F60006F609F747FF500769
:1052F000EFC4F50000003F20CB646EB003AEFD802C
:1053000000BA000000BA000000BA000000BA8EFB2C
:1053100020BFC56DD0BE0003F2BA0000F4BA000091
:10532000F5BA0000F5BA0000F5BA0000F5BAA80019
:10533000BABABABABABABABA000AB000990000004A
:1053400000AB000AB000AB000AB000AB000AB0002E
:10535000AB000AB000AA064E71DFA0BA000000BA86
:10536000000000BA000000BA001CC0BA01CC00BAAC
:105370001CD100BBCF6000BFDBE100BD11DC00BA77
:10538000003F70BA0007F3BABABABABABABABABA30
:10539000BABAB99EFA15DFD40BFB45EDE64AF2BE68
:1053A0000006F6000E7BA0004F2000C9BA0003F1F2
:1053B000000C9BA0003F1000C9BA0003F1000C9B39
:1053C000A0003F1000C9B99EFB20BFB45DD0BE0055
:1053D00003F2BA0000F4BA0000F5BA0000F5BA0012
:1053E00000F5BA0000F5007DFD60009F748F702FFE
:1053F00050007F05F00001F35F00002F32F5000739
:10540000F009F748F70007DFD600B98EFC30BFC4BB
:105410003AF3BE1000CABA00007EBA00007EBE1089
:1054200000CABFD55BF3BA7EFC30BA000000BA00F8
:105430000000BA000000008EFC3F40AF748EF42FD5
:1054400050007F45F00001F45F00002F42F5000797
:10545000F40AF748FF4008EFC4F40000001F4000C2
:105460000001F40000001F40B98E4BFD71BE100B0F
:10547000B000BA000BA000BA000BA00005DFEA13D1
:10548000F735A06F000001EE9610016AEF300000C2
:10549000D96C646F62AEFD7008D00008D000CFFFF9
:1054A000F029D32008D00008D00008D00008D00090
:1054B00005F551009FE3C80002F3C80002F3C800DD
:1054C00002F3C80002F3C90003F3AB0007F35F83E4
:1054D0007EF306DFC5F30D90000AA06E0001F30015
:1054E000F5007D0009C00E60003F24F00000C8B93F
:1054F000000006FF3000000FC000C80006F1000DDC
:1055000056D000CF6003F01F302F9C009A00B807E0
:10551000B2F10E4005E0D60C74E0000F6F007C99EC
:105520000000AFA001FF400005F4000BE0004F3089
:1055300007E109D02F4000D9D900003FD000004F2B
:10554000E10001E7BB000BB01E707E1005F30D906B
:10555000000AA06F0001F300F6007D0009C00D6095
:10556000002F34F00000C9A9000005FF2000000E44
:10557000C0000000E5000094AD00001BFC2000000E
:105580005FFFFFA13337F40001E70000CB00008E7E
:1055900010004F40001EA33326FFFFFC006EA00F3B
:1055A0009201F4001F4001F4003F303FC0006F3013
:1055B00001F4001F4001F4001F4000FA2005EA8BAF
:1055C0008B8B8B8B8B8B8B8B8B8B8B8B8BBE5002BC
:1055D000AE0005F0005F0005F0004F1000DF104F37
:1055E0005005F0005F0005F0005F002AE00BE400CA
:1055F00007EC40B41E25DFC00100000004CC302BB6
:1056000001C05700932B01C005CC3006A10FF60B4B
:10561000E2000000000000000000000000027BFB30
:10562000000000049DFFFFD00003AFFFFFFFFD005F
:1056300000AFFFFFFFDFD0000AFFFFB610ED000054
:10564000AF9400000ED0000AF1000000ED0000AFA2
:105650001000000ED0000AF1000045FD0000AF1060
:1056600001EFFFD0179DF1005FFFFC0EFFFF100060
:10567000AFFD31FFFFE00000010003BDA30000000B
:10568000000050188888888405FABFDDDDDDFDAF95
:10569000E47F100000CA4EE04F100000C80EFEEF7D
:1056A000100000CFEFE03FEEEEEEF80EF68F7666DC
:1056B00066EB6FF8AF100000CC8FE03F100000C821
:1056C0000EFCDF655555EECFC25FFFFFFFF92C578B
:1056D000750577777775FFFF1FFFFFFFFFFFFF2F30
:1056E000FFFFFFFFEFFF0EFFFFFFFE011000111194
:1056F0001110EFFE0EFFFFFFFEFFFF2FFFFFFFFF6A
:10570000FFFF1FFFFFFFFF6887078888888668877D
:105710000788888886FFFF1FFFFFFFFFFFFF2FFF1F
:10572000FFFFFFDFFD0DFFFFFFFD00000000000198
:105730005000000000001DF80000000001DFFD0027
:105740000000001DFFE22D600001DFFE20DFF700FA
:105750001DFFE2008FFF71DFFE200008FFFEFFE269
:105760000000008FFFFE2000000008FFE2000000A4
:1057700000007D2000000000000000007F60000BA2
:10578000E2EFF600BFF84FFF6BFFD104FFFFFD1003
:10579000005FFFE10000BFFFF6000BFFDFFF60BF0F
:1057A000FD14FFF5CFD1004FF61710000360000085
:1057B0000011000000000000FF000000006F21FF4A
:1057C00012F70006FF61FF16FF601FF901FF109F2F
:1057D000F16FE001FF100EF6AF8001FF1008FACF65
:1057E0006001FF1006FCAF8000AA0008FB7FD0001C
:1057F00000000DF71FF80000008FF107FF91002A4D
:10580000FF70009FFFEEFFF9000005CFFFFD500085
:105810000000024420000000000000000000000022
:105820000AFFA0000000000CFFC0000003D6DFFF4D
:10583000FD6D300EFFFFFFFFFFE05FFFFFAAFFFFE0
:10584000F51AFFF4004FFFA103FFD0000DFF300455
:10585000FFF0000FFF404FFFFB22BFFFF42FFFFFC1
:10586000FFFFFFF209FEFFFFFFEF9000505EFFE534
:10587000050000000CFFC00000000004774000009D
:1058800000000003100341000000009FF50DF5002B
:1058900000001BFDFF8DF5000002DFB12DFFF500BC
:1058A000004FF83EC2BFF50007FF55FFFE39FE402E
:1058B0009FE38FFFFFF56FF6AC2AFFFFFFFF73E654
:1058C000005FFFFFFFFFF100006FFFD77FFFF200D7
:1058D000006FFF900DFFF200006FFF900DFFF200D0
:1058E000004FFF700BFFE1000000003300000000DC
:1058F000000BFFB0000000000CFFC0000000000C17
:10590000FFC0000000000CFFC0000000000CFFC042
:105910000000008FFFFFFFF800002EFFFFFFE200F6
:105920000002EFFFFE200000002DFFE20000799949
:1059300082DE289997FFFFFB22BFFFFFFFFFFFFFDB
:10594000FFFFFFFFFFFFFFFAB3CFACCCCCCCCCCC3A
:10595000CA0006BBBBBBBA3000004FFFFFFFFFE130
:105960000000EF30000006FB0009F800000000CF47
:10597000504FD0000000002FE1DF84420000344B84
:10598000F9FFFFFD0001FFFFFBFFFFFF988BFFFF0B
:10599000FCFFFFFFFFFFFFFFFCFFFFFFFFFFFFFF1D
:1059A000FB9FFFFFFFFFFFFFF6000000000000333A
:1059B00000018DFFC600EF004EFFFFFFE4DF04FF94
:1059C000B3004CFFFF0EF90000008FFF6FC0000115
:1059D000FFFFFF8E500001DEEEED00000000000032
:1059E0000022222200000021FFFFFF100008F8FF24
:1059F000FBBC10001EF4FFFC100001DFC0FEEFE84E
:105A0000448EFE10FE1AFFFFFFC100FD0028BB946C
:105A10000000000002700002EF0002EFFDFFFFFF38
:105A2000FFFFFFFFFFFFFFFFFFFFFFFFFFFF344709
:105A3000FFF00005FF000005C0000000000002703C
:105A400000000002EF00000002EFF0000DFFFFFF7A
:105A50000220FFFFFFF08E1FFFFFFF00E7FFFFFFA9
:105A6000F03F5FFFFFFF08903447FFF000000005A4
:105A7000FF0000000005C000000000000000000062
:105A8000000000077000000002700005FA0000002E
:105A90002EF000814F600002EFF001DD07F0DFFF24
:105AA000FFF0321E80F6FFFFFFF08E27E0B9FFFF08
:105AB000FFF00E73F19BFFFFFFF03F54F09AFFFFE2
:105AC000FFF0890AC0D83447FFF0007F43F300009D
:105AD0005FF002F60CB0000005C00000BF1000002F
:105AE00000000009E30000000000000210003788F9
:105AF0008888888873EFFFFFFFFFFFFEFE32DFFF1D
:105B0000FFFFFFF9007FFFFDFFFFFD10CFFFA07F2C
:105B1000FFFFFFFFFA0007FFFFF35FA00000CFFFCA
:105B20003003000000CFFC0000000000CFFFCCCC11
:105B3000CCCCCCFFAFFFFFFFFFFFF900002000003F
:105B40000001FA00000006FF1000000DFF700000C9
:105B50006FFFF10001EFFFFA000BFFFFFF605FFF37
:105B6000FFFFE0CFFFFFFFF6FEBFFFFFF9FD4FFF96
:105B7000FFF9BF49FFFFF53FE52EFFD006FFFFFD10
:105B8000200028BA600004300000311FE00006F950
:105B90001FE0007FFA1FE009FFFA1FE0AFFFFA1FC6
:105BA000EBFFFFFA1FFFFFFFFA1FFFFFFFFA1FE6E1
:105BB000FFFFFA1FE05FFFFA1FE004FFFA1FE0009B
:105BC0003EFA0FD00002D7000000000002000000E3
:105BD00000000CFB2000000000FFFF900000000F01
:105BE000FFFFE6000000FFFFFFFC30000FFFFFFF9C
:105BF000FF9100FFFFFFFFFFE60FFFFFFFFFFFF238
:105C0000FFFFFFFFFFFD0FFFFFFFFFF800FFFFFF9C
:105C1000FFB2000FFFFFFD400000FFFFF700000094
:105C20000FFFA1000000006A4000000000001444C3
:105C3000200144420DFFFF10DFFFF1FFFFF30FFFD4
:105C4000FF3FFFFF40FFFFF4FFFFF40FFFFF4FFF99
:105C5000FF40FFFFF4FFFFF40FFFFF4FFFFF40FF88
:105C6000FFF4FFFFF40FFFFF4FFFFF40FFFFF4FFC4
:105C7000FFF40FFFFF4FFFFF30FFFFF39FFFC0094F
:105C8000FFFC001444444444420DFFFFFFFFFFF1BA
:105C9000FFFFFFFFFFFF3FFFFFFFFFFFF4FFFFFFDF
:105CA000FFFFFF4FFFFFFFFFFFF4FFFFFFFFFFFFBF
:105CB0004FFFFFFFFFFFF4FFFFFFFFFFFF4FFFFF5F
:105CC000FFFFFFF4FFFFFFFFFFFF4FFFFFFFFFFF9F
:105CD000F39FFFFFFFFFFC0002100000420FE200F5
:105CE00003FB0FFE3004FB0FFFF404FB0FFFFF5418
:105CF000FB0FFFFFFAFB0FFFFFFFFB0FFFFFFFFB99
:105D00000FFFFFD6FB0FFFFD14FB0FFFC104FB0FBE
:105D1000FB0004FB0CA00003FA00000000000000E0
:105D20000012000000000003FF60000000002EFFD2
:105D3000F500000001EFFFFF4000001DFFFFFFF333
:105D40000000CFFFFFFFFE200AFFFFFFFFFFE00E76
:105D5000FFFFFFFFFFF203999999999950058888F1
:105D6000888888700FFFFFFFFFFFF30FFFFFFFFF23
:105D7000FFF40BFFFFFFFFFFD10000000000000059
:105D80003F9000003FFC00003FFD10003FFD100071
:105D90003FFD10001FFD100000CFF4000000CFF405
:105DA000000000CFF4000000CFF4000000CFE000BE
:105DB0000000A4000000000000CD1000001FFD1036
:105DC00000003FFD1000003FFD1000003FFD1000EF
:105DD000003FFD000008FF900008FF900008FF90C2
:105DE0000008FF900002FF90000007800000000004
:105DF0000004500000000002FF60000000003FF7B8
:105E00000000000003FF70000000003FF7000006E4
:105E1000999AFFC99980FFFFFFFFFFFF3DFFFFFF3A
:105E2000FFFFF201113FF71110000003FF700000A7
:105E300000003FF70000000003FF70000000000CAE
:105E4000D30000006999999999980FFFFFFFFFFF10
:105E5000F3DFFFFFFFFFFF20000000000000000055
:105E60000156640000000003BFFEEFF91000007F40
:105E7000FA1003DFE40008FFA009B41EFF504FFF33
:105E8000200BFF26FFE1EFFF09CFFF63FFFABFFF03
:105E900009FFFF54FFF61EFF51DFFB09FFB003EFC0
:105EA000E204305FFC10002CFF956AFF90000000B8
:105EB00049DFFD920000000000000000000000CD5E
:105EC00020000000000000008FF500146640000074
:105ED0000004EFACFFEFFF910000001CFFA1004D9C
:105EE000FE300000009FF5AB31EFF40007B105FF75
:105EF000FFE17FFE100FFE302DFFF54FFF900CFFEE
:105F0000E000AFF65FFF6002FFF40006FFEFFB006A
:105F1000004FFD10003EFFC0000002DFE85401BF4B
:105F2000E300000005AEFF6007FF60000000000016
:105F300000004EF60000000000000001A10000007B
:105F40000000000000000000003ED0000000000043
:105F5000000CFF80000000000006FFFF2000000092
:105F60000000EFFFFB00000000008FFCCFF40000FA
:105F700000002FFB00FFD00000000BFFC00FFF70E0
:105F8000000004FFFD01FFFF100000DFFFE02FFF16
:105F9000FA00007FFFFF9BFFFFF3001FFFFFB00E23
:105FA000FFFFC00AFFFFFE24FFFFFF60FFFFFFFFB0
:105FB000FFFFFFFA06CCCCCCCCCCCCCB3000000021
:105FC0000000360000000000007F80DDDB00008D57
:105FD000EFF8FFFFB007FFFFFD556FF46FF8AFE27A
:105FE000000574FF907E2000003FFA0000000002D0
:105FF000EFB2504A00012EFD1DF48FB0FFFFD10B10
:10600000FFFFFBFFFE2000CFFFFB12210000029FDD
:10601000C000000000005B00000007A000000000BE
:1060200008FFB000000008FFFFB0000008FF95FF68
:10603000B00008FF9005FFB007FF900005FFB09F7C
:1060400090000005FD004000000003104C200000FF
:1060500000B60BFE200000CFF02EFE2000CFF40093
:106060002EFE20CFF400002EFECFF40000002EFF05
:10607000F4000000002EF4000000000013000000F7
:1060800000083000000000000000BFF308BBBBBBED
:1060900090000BFFFF39FFFFFFF1008FCFCFF00023
:1060A000000AF100382F948000000AF100002F90C0
:1060B0000000000AF100002F900000030AF13000F8
:1060C0002F9000001FCBF8F8002FEBBBBB39FFFF70
:1060D000E2001FFFFFFFB09FFD2000000000000056
:1060E00008D10037888700000000EFFFFFA0000004
:1060F00000FFFFFFFDCCCCB6FFFFFFFFFFFFFFFF60
:10610000FFFFFFFFFFFFFFFFFFFFFFFFFFFFFFFF9F
:10611000FFFFFFFFFFFFFFFFFFFFFFFFFFFFFFFF8F
:10612000FFFFFFFFFFFFFFFFFFAFFFFFFFFFFFF9D5
:1061300000000000000000000001DD100000000071
:106140001DFFD100000001DFFFFD1000001DFFFF5B
:10615000FFD100009FFFFFFFF90000011CFFC110ED
:106160000000000CFFC0000000000CFFC000000099
:10617000000CFFC0000079993BFFB39997FFFFB275
:10618000442BFFFFFFFFFEDDEFFFFFFFFFFFFFFAE6
:10619000B3CFACCCCCCCCCCCCA0000000000020009
:1061A000000000000004FFC70000000000AFFFF087
:1061B000000000001FFFFD0000000006FFFFC00000
:1061C00000000008FFF700000000000CFF30000096
:1061D000000004FFC00000000001EFF300004A309F
:1061E00002DFF80005DFFE15EFFB0000EFFFFFFF09
:1061F000FA00000BFFFFFFF70000007FFFFFA20087
:10620000000002BA850000000000048600000010B3
:1062100006FFFA0002DFD1EF3CF101DFFA0EE0AF3A
:1062200021DFFA009FEFF6DFFA00008DFFFFFB0091
:10623000000006FFFD00000048EFFFF600006FFFC2
:10624000FBFFF6000EF3CF23FFF600EE0AF204FF89
:10625000F609FEFC0004FFF108DA100002620000FB
:10626000000000000000006FFFF987000008FFFF3A
:1062700098F708A68FFFF95990FFA8FFFFFCCC0FF5
:10628000FA8FFFFFFFF1FFA8FFFFFFFF1FFA8FFF4D
:10629000FFFFF1FFA8FFFFFFFF1FFA8FFFFFFFF1D6
:1062A000FFA8FFFFFFFF1FFA7FFFFFFFF0FFE312D2
:1062B0002222210FFFFFFFF90000ACCCCCCB500015
:1062C000004999999995000EFFFFFFFFF600FD2206
:1062D00022224FF60FC0000001FFF3FC0000001F58
:1062E000FF6FC0000002FFF6FFFFFFFFFFFF6FFF21
:1062F000FFDCFFFFF6FFFFB005FFFF6FFFF6000FAB
:10630000FFF6FFFFC006FFFF6FFFFFEDFFFFF69FE9
:10631000FFFFFFFFFD10CDDDDDDDDDDD2FFFFFFF2A
:10632000FFFFF312222222222200000000000000C0
:106330000000000000000FFFFFFFFFFFF3DEEEEEA6
:10634000EEEEEE2000000000000000000000000063
:106350000DEEEEEEEEEEE2FFFFFFFFFFFF3000007E
:106360000000000037888888888873EFFFFFFFFFF0
:10637000FFFEEFFFFFFFFFFFFE1CFFFFFFFFFFC160
:10638000D28FFFFFFFF82DFF64EFFFFE45FFFFFAFE
:106390002BFFB2AFFFFFFFD3553DFFFFFFFFFFBB5A
:1063A000FFFFFFFFFFFFFFFFFFFFAFFFFFFFFFFF4D
:1063B000F9000000000001FFFFF00004FFFFD00023
:1063C00006FFFF800008FFFF30000AFFFFAAA60CAF
:1063D000FFFFFFF80EFFFFFFE10BDDDFFF600000B6
:1063E0004FFD0000007FF3000000BFA0000000FF91
:1063F00010000003F800000003C0000000002000AF
:1064000000000455EFB5520000FFFD1FFFB0000F64
:10641000FFFFFFFC0000FFFF533320000FFF97FF3B
:10642000FB5700FFF8AFFFC6F80FFF8AFFFC4AA139
:10643000FFF8AFFFE3220FFF8AFFFFFFF4FFF8AF83
:10644000FFFFFF4FFF8AFFFFFFF43552AFFFFFFF53
:1064500040000AFFFFFFF400007FFFFFFE20000066
:1064600001100000000000AF00000000018FFA30B2
:10647000000002EFFFFF500000BFFFFFFF10001FF2
:10648000FFFFFFF50003FFFFFFFF70005FFFFFFF4F
:10649000F90008FFFFFFFFC000DFFFFFFFFF209FA5
:1064A000FFFFFFFFFD0EFFFFFFFFFFF20222222290
:1064B0002221000008FFC00000000009A200000027
:1064C0005BBBBBBBBBBBBBA3FFFFFFFFFFFFFFFB78
:1064D000FC0C30E11D0D11FCFC0B30E01D0D10FC1F
:1064E000FFFEFFEFFEFEEFFCFFF15A0870A05FFC1D
:1064F000FFF37B2992C27FFCFFBFCBBBBBBFCBFCB2
:10650000FC0B2000000D00FCFFCFCCCCCCCFCCFB93
:106510009FFFFFFFFFFFFFF60000000000000200EA
:10652000000000000005DFB00000000007EFFFD012
:1065300000000018FFFFFF70000029FFFFFFFF00B1
:10654000003BFFFFFFFFF8000AFFFFFFFFFFF10026
:106550000FFFFFFFFFFFA000049AAAAFFFFF20007C
:106560000000000EFFFB00000000000EFFF4000022
:106570000000000EFFC000000000000EFF500000F1
:106580000000000DFD00000000000004B30000004A
:1065900035555502000FFFFFF2F400FFFFFF2FF407
:1065A0000FFFFFF2FFF3FFFFFF32221FFFFFFFFF8E
:1065B000F7FFFFFFFFFF8FFFFFFFFFF8FFFFFFFF6A
:1065C000FF8FFFFFFFFFF8FFFFFFFFFF8FFFFFFFC2
:1065D000FFF8FFFFFFFFFF8FFFFFFFFFF88AAAAA68
:1065E000AAAA300000002455310000000003AFFFCC
:1065F000FFFFC7000002BFFFFEDEFFFFF6005FFFE8
:10660000B51000038EFFB0DFD300000000008FF54F
:10661000180005AEFEC81004600002DFFFFFFFF89F
:106620000000000CFF95347DFF40000002A2000036
:10663000007700000000000296000000000000004B
:106640000DFF500000000000000EFF600000000081
:10665000000005DA000000005BBBBBBBBBBBBBBAE4
:1066600020FFFFFFFFFFFFFFFF90FC1222222222EC
:10667000220FF7FC5FFFFFFFFFFF2CFAFC5FFFFF1D
:10668000FFFFFF21FAFC5FFFFFFFFFFF27FAFC2659
:1066900066666666661FFAFEBBBBBBBBBBBBBFB113
:1066A000AFFFFFFFFFFFFFFF5000000000000000F2
:1066B00000005BBBBBBBBBBBBBBA20FFFFFFFFFF48
:1066C000FFFFFF90FC1222222221000FF7FC5FFF48
:1066D000FFFFF8000CFAFC5FFFFFFFF80001FAFC77
:1066E0005FFFFFFFF80007FAFC2666666663000F8F
:1066F000FAFEBBBBBBBBBBBBBFB1AFFFFFFFFFFF26
:10670000FFFF500000000000000000005BBBBBBBAF
:10671000BBBBBBBA20FFFFFFFFFFFFFFFF90FC12D8
:1067200022221000000FF7FC5FFFFFD000000CFAE0
:10673000FC5FFFFFD0000001FAFC5FFFFFD000000C
:1067400007FAFC2666665000000FFAFEBBBBBBBB17
:10675000BBBBBFB1AFFFFFFFFFFFFFFF500000005B
:106760000000000000005BBBBBBBBBBBBBBA20FF93
:10677000FFFFFFFFFFFFFF90FC1222000000000F51
:10678000F7FC5FFF300000000CFAFC5FFF300000F8
:106790000001FAFC5FFF3000000007FAFC266610DB
:1067A0000000000FFAFEBBBBBBBBBBBBBFB1AFFF62
:1067B000FFFFFFFFFFFF500000000000000000008F
:1067C0005BBBBBBBBBBBBBBA20FFFFFFFFFFFFFF39
:1067D000FF90FC0000000000000FF7FC000000002C
:1067E00000000CFAFC00000000000001FAFC0000B0
:1067F0000000000007FAFC0000000000000FFAFE95
:10680000BBBBBBBBBBBBBFB1AFFFFFFFFFFFFFFF0E
:10681000500000000000000000000000000007B26F
:106820000000000000000ADFFA000000000000A9DC
:106830003DF5000000044002E00010000000AFF849
:106840000B600000006C30FFFFFFFFFFFFFFFFF455
:10685000AFF9000C5000006D4005500004C000006E
:10686000100000000000C43EE80000000000002E00
:10687000EFFA000000000000004FFA0000000000E6
:106880000000000000000000011000000007EFFF02
:10689000B30000AFFD8FFF2004FFFD09FFB00AFE2B
:1068A000FD12AFF00EF55D2C0EF30FFF33129FF5C6
:1068B0000FFFF307FFF60FFFE206FFF60FFE2413AC
:1068C0007FF50DF57D2C0DF30AFFFD11BFF003FFE1
:1068D000FE0BFFA0007FFEBFFE100003ACDC8100BA
:1068E00000003443000005667FFFF96650FFFFFF9C
:1068F000FFFFFF356666666666501CCCCCCCCCC408
:1069000002FFFFFFFFFF602FF3FB7F6DF602FF2FFB
:10691000B7F5DF602FF2FB7F5DF602FF2FB7F5DFE3
:10692000602FF2FB7F5DF602FF2FB7F5DF602FF3DC
:10693000FB7F6DF601FFFFFFFFFF5007BCCCCCCC07
:10694000900000000000000120000000000004FF93
:10695000500000000002FFFF500000000439FFFE5D
:1069600000000004FF39FFA0000004FFFF39B00061
:106970000004FFFFFF20000004FFFFFFB000000441
:10698000FFFFFFB0000004FFFFFFB0000004FFFFA7
:10699000FFB0000000BFFFFFB00000000DFFFFB020
:1069A00000000000FFFFB00000000009A860000028
:1069B0000000000000178888888887400002EFFFE9
:1069C000FFFFFFFFF4003EFFFFCFFFCFFFF703EF16
:1069D000FFF908F809FFF83EFFFFFE20402EFFF800
:1069E000DFFFFFFFE101EFFFF89FFFFFFF80008F58
:1069F000FFF809FFFFF902C209FFF8009FFFFE4EF2
:106A0000FE4EFFF80009FFFFFFFFFFFFF700008FBA
:106A1000FFFFFFFFFFC100000000000003EFFFFFCA
:106A2000E203FBFBCEBFA4FF1D03A1FAFFF1D03AA6
:106A30001FAFFFFFFFFFFAFFFFFFFFFFAFFFFFFFEB
:106A4000FFFAFFFFFFFFFFAFFFFFFFFFFAFFFFFFB0
:106A5000FFFFAFFFFFFFFFFAFFFFFFFFFFADFFFFED
:106A6000FFFFF829AAAAAAA800000000000000035E
:106A700000000000000004F1000820000001FF10E9
:106A80000BF70000002FF10CFF94444445FF1BFF5F
:106A9000FFFFFFFFFFF18FFFFFFFFFFFFD007FF70D
:106AA0000000000000006F600000000000003000E7
:106AB0000000000000000000000000000000C00313
:106AC000000000000000C003030A00000F00800562
:106AD000050500051C00D0090A0A00004E00B00898
:106AE000090F00FE9200D00B0C0A0000CE00A00996
:106AF0000A0B00FF0501F002030500050D01B004BB
:106B0000040E01FD2901C004040E00FD4501A0058D
:106B1000060600055701200808070002730130032C
:106B2000030500FE7B0160050503000383013003BC
:106B3000030300008801F004070EFFFFB9015009AC
:106B4000090A0000E6013005040A0000FA011008F5
:106B5000080A000022020008080A00004A02600930
:106B60000A0A00007C021008080A0000A402A0081B
:106B7000090A0000D1026008080A0000F9020009B1
:106B8000090A00002603A008080A00004E0330038B
:106B9000030800005A033003030B00FD6B032008B9
:106BA000080800018B03200808060002A303200840
:106BB00008080001C3030008080A0000EB03800E68
:106BC0000E0D00FD4604400A0C0AFF008204A00AD4
:106BD000090A0100AF04200A0A0A0000E104900B30
:106BE0000A0A010013056009080A01003B05E008D4
:106BF000080A01006305D00A0A0A00009505600B27
:106C0000090A0100C2055004020A0100CC05300740
:106C1000070AFF00EF05100A0A0A010021065008C2
:106C2000080A01004906600D0B0A01008006600B8E
:106C3000090A0100AD06C00B0C0A0000E906200A93
:106C4000090A01001607C00B0C0D00FD6407300A8D
:106C5000090A01009107B008090A0000BE073008C0
:106C6000090A0000EB07100B090A01001808F009D7
:106C70000B0AFF004F08C00F100A00009F087009A0
:106C80000A0A0000D10810090B0AFF0008093009A0
:106C9000090A00003509B004040E01FD5109F00491
:106CA000070EFFFF8209B004040E00FD9E093008A4
:106CB00007060102B3090007070100FFB7096008D2
:106CC00005020109BC09600808080000DC099009F8
:106CD000080B0100080A000808080000280A9009AB
:106CE000090B00005A0A9008080800007A0AF0040C
:106CF000060B00009B0AB009090B00FDCD0A9009A4
:106D0000080B0100F90AE003020B0100040B000468
:106D1000050EFEFD270BA008080B0100530BE00336
:106D2000020B01005E0BD00E0D080100920B9009C2
:106D300008080100B20BE00809080000D60B900912
:106D4000080B01FD020C9009090B00FD340CC00575
:106D500005080100480C000707080000640CD00576
:106D6000060A0000820C800908080100A20CD00766
:106D70000908FF00C60C900C0D080000FA0CC007B3
:106D8000080800001A0DD007090BFFFD4C0D500735
:106D900007080000680DF004050E00FD8B0D30049F
:106DA000020E01FD990DF004050E00FDBC0D20083A
:106DB00008030003C80DE00506050006D70D6004B2
:106DC00004030003DD0D000E0F0FFFFE4E0E000E3C
:106DD0000E0B00009B0E000E0E0D00FFF60E000EB7
:106DE0000E0B0000430FA0090A0B00007A0F000EE3
:106DF0000E0F00FEE30F000E0E0F00FE4C10C00F32
:106E0000100D00FFB410000E0E0F00FE1D11C00F7C
:106E1000100B00007511000E0E0F00FEDE110007B2
:106E2000070C00FF0812800A0B0C00FF4A12C00F6B
:106E3000100E00FEBA12000E0E0B00000713A00980
:106E40000A0F00FE5213400C0A0E01FE9813400C6C
:106E50000D0F00FEFA13400C0D0D00FF4F14400CF7
:106E60000D0D00FFA414400C0A0E01FEEA14400CA4
:106E70000E0DFFFF4515C008090D00FF8015C00865
:106E8000090D00FFBB15400C0D0D00FF1016400C46
:106E90000D0400032A16C00F100B0000821680118B
:106EA000120F00FE0917C00F110FFFFE8917000E09
:106EB0000E0D00FFE417400C0D0800011818400CDF
:106EC0000D0800014C188011120B0000AF18000EC5
:106ED0000E0B0000FC18000E0E0F00FE6519000ED0
:106EE0000F0FFFFED619400C0D0D00FF2B1A400CA2
:106EF0000D0F00FE8D1A400C0D0D00FFE21A400C24
:106F00000D0C00FF301B000E0E0B00007D1BC00897
:106F10000A0FFFFEC81B400C0D0F00FE2A1C400C80
:106F20000D0F00FE8C1CC00F100B0000E41C000EA7
:106F3000100FFFFE5C1D800A0B0F00FEAF1D8011BD
:106F4000120D00FF241E8011120A00007E1E801107
:106F5000120A0000D81E8011120A0000321F801190
:106F6000120A00008C1F8011120A0000E61F801117
:106F7000120C00FF5220400C0C0F00FEAC20400C05
:106F80000D0F00FE0E21000E0F0FFFFE7F2180115E
:106F9000120B0000E221800A0B0F00FE3522100EBA
:106FA0000F0A00000000721F51EF58EF5BEF5CEF1B
:106FB0005DEF61EF63EF65EF69EF6CEF71EF76EF17
:106FC00077EF78EF8EEF93EF98EF9BEF9CEF9DEFCD
:106FD000A1EFA2EFA3EFA4EFB7EFB8EFBEEFC0EFC2
:106FE000C1EFC4EFC7EFC8EFC9EFCBEFE3EFE5EFB9
:106FF00014F015F017F019F030F037F03AF043F0D4
:107000006CF074F0ABF03BF190F191F192F193F1EF
:1070100094F1D7F1E3F13DF254F2AAF412F7F2F74A
:10702000200000005F0001000000000000000000E0
:1070300000000200B0000000F3F76000A46F020837
:10704000000000003E0003000000010200030405F0
:1070500002060708090A090A0B0C000D0E0F101191
:1070600012130C14140000001516171819161A1B09
:107070001C1D1D1E1F201D1D1621222303241E253D
:1070800025262728292A2B002C002D2E2F3031329F
:10709000332D343435302D2D2E2E36373839333AC2
:1070A0003A3B3A3C290000093D090000000000007D
:1070B00000000000000000000000000000000000D0
:1070C00000000000000000000000000000000000C0
:1070D00000000000000000000000000000000000B0
:1070E0000000000000000000010200030405020689
:1070F0000708090A090A0B0C0D0E0F10110C1213C8
:107100001415150000001617181917191919171951
:10711000191A1919191917191719031B1C1D1D1EE6
:107120001F20212223002400252627272700272689
:10713000282926262A2A272A272A2B2C2D2E2E2FAD
:107140002E3000002309310900000000000000007B
:10715000000000000000000000000000000000002F
:10716000000000000000000000000000000000001F
:10717000000000000000000000000000000000000F
:1071800000000000000100000000000000010000FD
:1071900002000000000200000000000000000000EB
:1071A00000000000000001000000000000000000DE
:1071B0000000000000010A0006FB00000000F4F3DC
:1071C000020B0504F7020B01090207000000000092
:1071D0000000000000000D02FE00000000000000A2
:1071E00000000000000400F90000000000FC04049E
:1071F0000000FE00FE0200FE00FEFFFC000000009A
:10720000FE0000FDFD0000FE00FC0000000000008C
:10721000000000FEFE00FD00FA00E50000FC000496
:10722000070000FC02020704FC040000F300000059
:107230000000000000000000F80000000000000056
:1072400000000000000000FAFDF500F7FE0000005D
:1072500000000900F9FEFF0100FC0000FEEF000045
:10726000000000000000000000EEFE090000000029
:107270000000000000000000F70000000000000017
:107280000000000700020000FC00000000000000F9
:1072900000000000000000000000090201000000E2
:1072A00000000000000000000000000000000000DE
:1072B00000000000000000000000000000000000CE
:1072C00000000000F80000000000000000000000C6
:1072D000000000000000000000000002040207FEA1
:1072E000000004FEF9E102060400FD0008000700AA
:1072F0000700EB00FD070007FE0402000001FE008E
:1073000000FC12001200070009030407000000F847
:107310000000000001FE0002FCFDFC0200FE000077
:1073200000F70000000000000000000000F1000075
:107330000000000000000000000000000001F40058
:10734000F200000000FE0016FDFD0202FE00FD023C
:107350000000F40000000000000000000000EA004F
:1073600002000000000000000000000000F2000D1C
:107370000000F8000700F1EAF1FC070000F100034B
:10738000FB00FD00000000000000000000000006FF
:1073900007E50000000000000000000000000B00F6
:1073A0000200000000000202FDFC00FFFFFE0000E2
:1073B000FE000000FC00FE00FBFC00FAF9F9FC00F6
:1073C000FC00FC00000000FE0000020002FE0001C4
:1073D00000000002FE000000FE0202FF000000FCB0
:1073E00000FF0000000000010003FE00FD00FC00A3
:1073F00000FE00070000FE0000000000FF01FEFE8E
:107400000000FE00FE000000000000000000FFFF82
:1074100000FEFD0000000000010000FE00FEFEFE78
:10742000000000000000000000FF00000000FEFD62
:1074300000FD00F9FEF9040000FC02040600FAFF5A
:10744000FD00FFF502FE02F402000001F400F4FE6C
:10745000EDFE00F50004060003000000000000FC43
:10746000FD00F9000000FE000000FE00000000002A
:10747000FFFF00FFFD00000000000000FEFE00FE18
:10748000FDFE0000FE000000000000000000000003
:10749000FEFE00FD00FE00FC020000FD01020200F5
:1074A0000000000000FE0000000000020000FE00DE
:1074B000FEFEFD000000000000000200FE000000D3
:1074C00000FEFD00FC0007FE01F9000006F5F4F7E0
:1074D000FC0200FEF1FC00FC00FC03FCF200FA00E0
:1074E0000001FF02FE000200F9F700F5FBFBFBF9CB
:1074F000FDFA00FCFA01000100FE0000000200029B
:107500000000000000000000000000FE00FF00FF7F
:10751000FE00FCFBFBFF00F9000000000000FE0085
:1075200000000001FF000000020000000000000059
:10753000000B00000000000002000000FE00000040
:107540000000000000000000FC000200000000003D
:107550000000000000000000FE000000FC00000031
:1075600000F5F9000000FDF50000FE0200FA000041
:107570000000000000000000FC0000FC0000000013
:1075800000000000000000000200FC0000000003FA
:107590000002FCFC00FEFEFD000000000000F900FF
:1075A000FE00FDFE00FBFAF9FE00FC00F900000001
:1075B00000120000010000FD000200F600000000C3
:1075C00000EBFC0707FEF70002FD00F5FFFD02F0EF
:1075D000FE030003F8FDF8F9F70000F3000D0000CA
:1075E000FF000000FFFFFEFAF900EB0000000000C2
:1075F000000000000100000000000000000000008A
:107600000000000000FE00FFFEFD0000FC00FE0088
:107610000000000000000000000000000000FF006B
:10762000FC000004FF0300FB02FEFFFAFE00FDFE6B
:10763000FE00FDFC0000FEFFFEFCFD0000FE00025F
:10764000FE00FB000000FC00FC00FCFC020000004F
:107650000000000000FC0200FD00FEFDF9FEFEFE41
:10766000FFFEFDFF0000000000FEFEFE0000000027
:1076700003FE00FE000000FEFDFEFEFDFE0002090E
:10768000FF00FA00FE0400FEF7FD030000F5FC0217
:10769000FC0200FEFEF900FD010000FC00000002FB
:1076A00002FCFC00FCFEFDFEFE00FC01FCFC0700F1
:1076B00000000000000000000200000000000000C8
:1076C00000000000000000000000000000000000BA
:1076D000FC000000000000000000000000000000AE
:1076E000000000000000000000000000000000009A
:1076F000000000000000000000000000FE0000008C
:107700000000000000000000000000000000000079
:1077100000000000000000000000FEFE000000006D
:107720000000000000000000FD0000FD0000FEFE63
:1077300000000000FE00000000FF0000000000FE4E
:1077400000000000FD00FC000000F90002FB040046
:10775000FEF50000FBFE00F7FAFA0000F6FEF7F770
:10776000F500FA00020FFD00FBFEFFFEFCFAFCF83C
:10777000F7FBFE0000FE00010000F0FE0705FBF82D
:107780000001F900F5FEFE04EBFD010000F1FDF43F
:10779000FEF00000F0000D0100FE00000000FFFE02
:1077A000F7FE00F100000000F900FE00FFFAF5000E
:1077B00000FFFDF9FE00FE00000000F6FEF9F9FEF4
:1077C000FCFAFEFC00FCFEF9FD00FDFCFEFC0001E5
:1077D00000FEF9000400FC00000000030002FC09A8
:1077E00000FEFEFD000000000000F900FE00FDFEAE
:1077F00000FBFAF9FE00FC02090000000012000084
:10780000010000FD00020000000000000000000078
:1078100000000000FEFC0000000000FF000000FE71
:10782000FE0000FCFE0000FC0004FF000000000061
:10783000000100000000030402FE00F9FC0007F94B
:10784000F9FCFC090402EDFE04FE00FE02FEF80055
:10785000FE02FDFEF9FE0000070400FA00F4FD063A
:10786000FDF701FDF9F9FE090200FD00FA0002072B
:10787000FBF8F7FA070001F0FE02FCFEFB00FBF844
:10788000FDFDFE0000FBFBFE000705FEF400F4FD1D
:1078900000F8F3FFF9FCF9FA060000FD00FCFE0019
:1078A000FEFC0004F9020000F400FEFBFCFEF9FA05
:1078B000F9FB00F9FEFBFCF9FE0000010BFC00F9EE
:1078C000FE00FEFCFBFAFAF7FDFC0400FD00F5FDEE
:1078D0000104F9F8FCF907FE01EBFC04FBFCF800DD
:1078E000F9F7FDFEFEFEFBF9FF00000706FEF100C2
:1078F000F3FB05F7F1FCF8F7F5F90400000000FDD3
:10790000000002FD0402FC040000F9FF00FF00017A
:1079100001FE000000000000FE0000000002070061
:1079200000FD00000000FEFEFD000000010200005E
:1079300000000200FE000900040101FD0004000037
:107940000002000000000000000000000007000628
:107950000000000000000000000000000000F30034
:10796000FE04000700001603FCFC0202FE01F50005
:10797000000BF30000000000000000000000F1090F
:107980001F000000000000000000000000F30000E5
:1079900000000000000000000000000000000000E7
:1079A0000000000000000000FC0000FCFE000000E1
:1079B00000000000000000000000000000000000C7
:1079C000FE00FA0000010000021DFCFE0706FA029C
:1079D00000000202FD0000000000000000000000A6
:1079E000E3060000000000000000000000000000AE
:1079F000000000FA000000FA00000000FBFF000099
:107A000000FB00FD00F50000000000000000000089
:107A100000F10000000001000000000000FE000076
:107A2000FC00FD00FA000000FC02FD0000FAFEFB75
:107A30000000FA00FE00F500FE0000EEFCF7FEF884
:107A40000000F100FAFF0000000000000000FDFC53
:107A5000FEFC00000000FB00FB03FE0400FEFBFE3A
:107A6000FCFC00FDFFFE02FAFF000000ECFEFD0042
:107A7000FB00FEF5FE0000FEFE000000000200FE1E
:107A8000FCFE0400000000000000000000000000F8
:107A900000000000000000000000000000000000E6
:107AA00000000000000000000000000000000300D3
:107AB0000000000000FB00FE000000FC02000000CF
:107AC000FAFEFC0000FA00FE00F500000000EA00EB
:107AD000FCF8F50000F100FEFD00000000000000D1
:107AE00000FEFDFFFD01000004FD00070BFEFEF996
:107AF000030B0405FA030903060506000000000055
:107B00000000000000000E0BFCFE00FE120A120036
:107B10000000020000080000FC000000000000005F
:107B20000000FE0000000000000000030000000054
:107B3000EDFDFEF7F50000F1000000000000000080
:107B4000000000000000000000FC00000000000039
:107B5000000000FE00000000000000000300000024
:107B600000EDFDFEF7F50000F7000000000000004A
:107B7000000000000000000000000000FE00000007
:107B8000FB0200FE020402F90000FE0200020000F7
:107B90000000FA00FEFEFC00FEF7000EFE00FBFEF9
:107BA00000FEFC00FEFAFCFD000000FC00000000EE
:107BB0000000000000FE00000000000000000300C4
:107BC000000000EDFDFEF7F50000F10000000000F0
:107BD000000B00000000000000000000FC00F9FDA8
:107BE000FE07FEFEF701FF01FEFA0005000201029A
:107BF000FBF7FD00F7FCFAF7F700FCFCFDFDFEFECD
:107C0000FDFE00FEFF030003FE0007000000000071
:107C100000000000000000FEFEFE0000FA00FF0071
:107C2000FC0000000000000000000000F300000065
:107C30000000000000000000FEFE00FD000000004B
:107C4000FE0000FCFE0200FCFCFE00FAFEFBFEFD56
:107C500000FC0000000000000000000000F1000730
:107C60000000FC00000000FD00FE0000FF0000FE20
:107C700000FB000009FDF9F902020200FA0203020A
:107C8000070207FEFA0000F70000F9FA0000FC0006
:107C9000FDFC00FD00FD00FE0300FEF9FE080000F3
:107CA000FE00FC000003FB0002FE020000F900FEE3
:107CB000FF00FE02FE000000F7FDFB00F90000F5EA
:107CC0000008FE00FC000100FE00FEF900FE0200BC
:107CD000000000FE000002FD010000FDFE00FD00AE
:107CE0000000000000000000000000000000000094
:107CF000F200050000FE000000000000FEFE000093
:107D0000000400050000000000F2F3010A0704F778
:107D1000020900080004000000000000000000004C
:107D2000000C000000000000000000000000000047
:107D3000000000008471020848700208E670020822
:107D40003D31000034480208B46A0208207002087D
:107D5000347D02081000022868010020F15101085A
:107D60007D5101081000030000FF0100447D02085E
:107D7000000000000000000006F2ECE83699D66131
:107D8000963ABE245E05FA05B1046A4D098EE7CE27
:107D900047FF00FEC0FCA4FAA97AF163F39C8AEACB
:107DA0008EE3D3EC7AFE5DFF0FEA12F376F4DAFD90
:107DB0003DFF37AA59BB9BCCFCE53EF7B87AB99397
:107DC000FBB43DD63EEF585B397C5B9D5DC65EEFF4
:107DD0003E45BE655F96FFBE9FE7BE2D1E4EBF8629
:107DE0003FB7BFE73B269C4EFD865EB7BFE7332516
:107DF000B54D5886FBB69EE7CD653086B4A639CF23
:107E0000BDEF6C9EB0AE14C779DFDDF70AD72EDF69
:107E100073E7B8F7DCFF6BFF8EFFB3FFD8FFFCFF03
:107E200045FEA9FE10FF76FFDCFF24FDA9FD70FED4
:107E300016FF9CFF88FB4CFC52FD77FE5CFF6C8BB1
:107E40004FA454BD79D65DEF937C3595F8B5DBCE64
:107E50007EEFF7BD1CE77DEFBEF7DFFFC6E165D122
:107E600045C1E3B0CCD8CBC0AAA869883589F478DD
:107E7000D368B148B65975513441D230553AF331CF
:107E8000B2290F195C1CBA1B3813340ADC045A04DB
:107E9000B703B3027805B40411040C034F04CD03F7
:107EA0004B0368020845673CE62BE41A887DE76CC3
:107EB0004554433346C6A5ADE49CA283C6FE05FEE9
:107EC00044FDE2F380FD00FD60FC60FB60FCE0F33C
:107ED00060EB80E283F243E202DAA1B9686A065AF3
:107EE000A54924396F53CC4229328721AE730C63E4
:107EF0000842042100003C027804B306EE08280B77
:107F0000610D990FD01106143A166C189D1ACB1CEE
:107F1000F71E212148236C258E27AC29C72BDF2D86
:107F2000F32F0332103418361C381C3A173C0E3E1F
:107F3000FF3FEC41D443B64593476A493C4B084D5B
:107F4000CD4E8D504652F953A5554B57EA58825A9B
:107F5000135C9C5D1F5F9A600D627963DD64396616
:107F60008D67D9681D6A596B8C6CB76DD96EF36FCC
:107F700004710C720B730174EE74D275AD767F7759
:107F800047780679BB79677A0A7BA27B327CB77C1B
:107F9000337DA57D0D7E6C7EC07E0B7F4B7F827F07
:107FA000AF7FD27FEB7FFA7FFF7F00001440020893
:107FB000A5F800080000000000000000C5FA000855
:107FC00000000000010400001440020849030108F9
:107FD0009703010800000000B503010804010D002B
:107FE000000600001440020813060108000000000B
:107FF0000000000000000000D127D127440200004B
:108000001440020895060108D1060108000000008E
:10801000E9060108040182008503000014400208FB
:108020004D15010885150108000000005D170108C5
:10803000D127D127C402000014400208394A0108A0
:10804000D94A010800000000FD4A01088200D1273A
:1080500005040000144002081D5001084F5001089B
:1080600000000000794C01080000000080020000C0
:1080700014400208935C01086764010800000000D6
:1080800091640108D127D127C003000014400208E1
:10809000F56E0108716F010800000000B56F01085E
:1080A000D127D127C004000014400208857F0108B1
:1080B0000000000000000000997F0108D127D127AF
:1080C000C002000014400208FDCF010800000000BB
:1080D0000000000075D00108D1278200C502000011
:1080E0008C8002080000000000000000000000007A
:1080F000DDD1010800000000C0040000C87F0208B4
:1081000061D301080000000000000000B9D301089D
:10811000000000008507000014400208AFE20108DB
:10812000F1E2010800000000F9E2010834001E003D
:10813000840200001440020855E4010891E401089B
:1081400000000000DDE40108D127D12785030000ED
:108150001440020819EB010823ED0108000000009B
:1081600041ED010804018200040600005361000093
:1081700057650000546800004D6F00004672000013
:1081800053750000547500004A756E6500000000CC
:108190004D61726368000000417072696C000000FC
:1081A000446563656D62657200000000536570741C
:1081B000656D6265720000004E6F76656D62657276
:1081C000000000004F63746F62657200417567754F
:1081D000737400004D6179004A756C7900000000ED
:1081E0004A616E7561727900466562727561727975
:1081F00000000000323032330A323032320A32307C
:1082000032310A323032300A323031390A323031CA
:10821000380A323031370A323031360A32303135AD
:108220000A323031340A323031330A323031320AD4
:10823000323031310A323031300A323030390A329C
:108240003030380A323030370A323030360A323085
:1082500030350A323030340A323030330A3230307E
:10826000320A323030310A323030300A313939395D
:108270000A313939380A313939370A313939360A48
:10828000313939350A313939340A313939330A311A
:108290003939320A313939310A313939300A31390B
:1082A00038390A313938380A313938370A313938EA
:1082B000360A313938350A313938340A31393833E8
:1082C0000A313938320A313938310A313938300A0D
:1082D000313937390A313937380A313937370A31C4
:1082E0003937360A313937350A313937340A3139B5
:1082F00037330A313937320A313937310A313937B0
:10830000300A313936390A313936380A3139363797
:108310000A313936360A313936350A313936340AB6
:10832000313936330A313936320A313936310A3188
:108330003936300A313935390A313935380A313967
:1083400035370A313935360A313935350A3139355B
:10835000340A313935330A313935320A3139353158
:108360000A313935300A313934390A313934380A69
:10837000313934370A313934360A313934350A3132
:108380003934340A313934330A313934320A313923
:1083900034310A313934300A313933390A31393319
:1083A000380A313933370A313933360A31393335FE
:1083B0000A313933340A313933330A313933320A25
:1083C000313933310A313933300A313932390A31EE
:1083D0003932380A313932370A313932360A3139CD
:1083E00032350A313932340A313932330A313932CD
:1083F000320A313932310A313932300A31393139C0
:108400000A313931380A313931370A313931360ACE
:10841000313931350A313931340A313931330A31A0
:108420003931320A313931310A313931300A313991
:1084300030390A313930380A313930370A31393078
:10844000360A313930350A313930340A313930336E
:108450000A313930320A31393031000030310A30D6
:10846000320A30330A30340A30350A30360A3037AF
:108470000A30380A30390A31300A31310A313200D3
:108480000A00000020000000312300002C00000042
:108490002D0000002E0000003A0000004142430081
:1084A0005F00000061000000620000006300000047
:1084B0006400000065000000660000006700000026
:1084C000690000006A0000006B0000006D00000001
:1084D0006E0000006F0000007000000071000000DE
:1084E00072000000730000007400000075000000BE
:1084F000760000007700000078000000790000009E
:108500007A000000EF808C00EF819300EF819400EF
:10851000EF959A00EF849C00EFA2A20000000000FB
:108520004100000042000000430000004400000041
:108530004500000046000000470000004800000021
:10854000490000004A0000004B0000004C00000001
:108550004D0000004E0000004F00000050000000E1
:1085600051000000520000005300000054000000C1
:1085700055000000560000005700000058000000A1
:10858000590000005A0000006162630021000000F1
:10859000220000002300000024000000250000004D
:1085A0002700000028000000290000002A00000029
:1085B0002B0000002F000000300000003100000000
:1085C00032000000330000003400000035000000DD
:1085D00036000000370000003800000039000000BD
:1085E0003B0000003C0000003D0000003E00000099
:1085F0003F000000400000005B0000005C00000045
:108600005D0000007B0000007D0000002B2F2D008E
:1086100042746E310000000042746E3200000000AF
:1086200042746E330000000042746E34000000009B
:1086300042746E35000000006886020800000020C9
:1086400004020000C4010008188702080402002088
:108650008C8F0100200200081887020800C001204A
:108660000030000020020008320182109324F4023E
:10867000272D294001641E8081020878041A840491
:108680001A70041A74041A7C041A6C041AE0041A8E
:10869000E8041A90041A98041AD4041A88041AD800
:1086A000041ACC041AAC041AC4041AB8041AA0049C
:1086B0001E5C840208F4082152FF1F384202083869
:1086C00043041A44041A450429109904411AE8087D
:1086D0001AE8241AE8241A8C2439109904016045F8
:1086E000D4C3B2A102176F180A85FB0108B1FA01C1
:1086F0000829041EA9F901083D101A610C1A890401
:108700001E1086020818041A20041A80FC1A280871
:088710001A30044B1C85B8006F
:040000050800018965
:00000001FF
